panel,column,from_date,to_date,reason,approved_by,approved_at
panel,equitysec_20,2020-09-30,2020-12-31,ASU 2016-01 adoption completed for the smallest (051) filers at 2020Q4: equitysec_20 reaches full coverage.,MCP,2026-09-22
panel,oreo,1990-06-30,1990-09-30,"1990Q3 FR Y-9C revision: nonaccrual/past-due totals, OREO and foreign-office interest expense recoded (pre-1990 codes not yet mapped; see review/y9c_dropped.csv). Open item, not a break in reporting.",MCP,2026-09-22
panel,ac_htm_gnma_09,2019-09-30,2019-12-31,"2019Q4 burden-relief revision: Schedule HC-B held-to-maturity and available-for-sale securities detail (GNMA, FNMA, other MBS amortized cost and fair value, 68 columns) no longer collected from holding companies under $5bn (share 0.72-1.00 -> 0.01-0.21 in tier 1; tier 2 unchanged at ~0.9).",MCP,2026-09-22
panel,ac_htm_fnma_09,2019-09-30,2019-12-31,"2019Q4 burden-relief revision: Schedule HC-B held-to-maturity and available-for-sale securities detail (GNMA, FNMA, other MBS amortized cost and fair value, 68 columns) no longer collected from holding companies under $5bn (share 0.72-1.00 -> 0.01-0.21 in tier 1; tier 2 unchanged at ~0.9).",MCP,2026-09-22
panel,ac_htm_ombs_09,2019-09-30,2019-12-31,"2019Q4 burden-relief revision: Schedule HC-B held-to-maturity and available-for-sale securities detail (GNMA, FNMA, other MBS amortized cost and fair value, 68 columns) no longer collected from holding companies under $5bn (share 0.72-1.00 -> 0.01-0.21 in tier 1; tier 2 unchanged at ~0.9).",MCP,2026-09-22
panel,fv_htm_gnma_09,2019-09-30,2019-12-31,"2019Q4 burden-relief revision: Schedule HC-B held-to-maturity and available-for-sale securities detail (GNMA, FNMA, other MBS amortized cost and fair value, 68 columns) no longer collected from holding companies under $5bn (share 0.72-1.00 -> 0.01-0.21 in tier 1; tier 2 unchanged at ~0.9).",MCP,2026-09-22
panel,fv_htm_fnma_09,2019-09-30,2019-12-31,"2019Q4 burden-relief revision: Schedule HC-B held-to-maturity and available-for-sale securities detail (GNMA, FNMA, other MBS amortized cost and fair value, 68 columns) no longer collected from holding companies under $5bn (share 0.72-1.00 -> 0.01-0.21 in tier 1; tier 2 unchanged at ~0.9).",MCP,2026-09-22
panel,fv_htm_ombs_09,2019-09-30,2019-12-31,"2019Q4 burden-relief revision: Schedule HC-B held-to-maturity and available-for-sale securities detail (GNMA, FNMA, other MBS amortized cost and fair value, 68 columns) no longer collected from holding companies under $5bn (share 0.72-1.00 -> 0.01-0.21 in tier 1; tier 2 unchanged at ~0.9).",MCP,2026-09-22
panel,fv_afs_gnma_09,2019-09-30,2019-12-31,"2019Q4 burden-relief revision: Schedule HC-B held-to-maturity and available-for-sale securities detail (GNMA, FNMA, other MBS amortized cost and fair value, 68 columns) no longer collected from holding companies under $5bn (share 0.72-1.00 -> 0.01-0.21 in tier 1; tier 2 unchanged at ~0.9).",MCP,2026-09-22
panel,fv_afs_fnma_09,2019-09-30,2019-12-31,"2019Q4 burden-relief revision: Schedule HC-B held-to-maturity and available-for-sale securities detail (GNMA, FNMA, other MBS amortized cost and fair value, 68 columns) no longer collected from holding companies under $5bn (share 0.72-1.00 -> 0.01-0.21 in tier 1; tier 2 unchanged at ~0.9).",MCP,2026-09-22
panel,fv_afs_ombs_09,2019-09-30,2019-12-31,"2019Q4 burden-relief revision: Schedule HC-B held-to-maturity and available-for-sale securities detail (GNMA, FNMA, other MBS amortized cost and fair value, 68 columns) no longer collected from holding companies under $5bn (share 0.72-1.00 -> 0.01-0.21 in tier 1; tier 2 unchanged at ~0.9).",MCP,2026-09-22
panel,ac_htm_ombs_1_pre09,2000-12-31,2001-03-31,"2001Q1 FR Y-9C revision: Schedule HC-B mortgage-backed securities detail extended to every filer (before 2001 only the larger holding companies, ~16% of the under-$5bn tier, reported it).",MCP,2026-09-22
panel,ac_htm_ombs_2_pre09,2000-12-31,2001-03-31,"2001Q1 FR Y-9C revision: Schedule HC-B mortgage-backed securities detail extended to every filer (before 2001 only the larger holding companies, ~16% of the under-$5bn tier, reported it).",MCP,2026-09-22
panel,ac_htm_ombs_3_pre09,2000-12-31,2001-03-31,"2001Q1 FR Y-9C revision: Schedule HC-B mortgage-backed securities detail extended to every filer (before 2001 only the larger holding companies, ~16% of the under-$5bn tier, reported it).",MCP,2026-09-22
panel,fv_htm_ombs_1_pre09,2000-12-31,2001-03-31,"2001Q1 FR Y-9C revision: Schedule HC-B mortgage-backed securities detail extended to every filer (before 2001 only the larger holding companies, ~16% of the under-$5bn tier, reported it).",MCP,2026-09-22
panel,fv_htm_ombs_2_pre09,2000-12-31,2001-03-31,"2001Q1 FR Y-9C revision: Schedule HC-B mortgage-backed securities detail extended to every filer (before 2001 only the larger holding companies, ~16% of the under-$5bn tier, reported it).",MCP,2026-09-22
panel,fv_htm_ombs_3_pre09,2000-12-31,2001-03-31,"2001Q1 FR Y-9C revision: Schedule HC-B mortgage-backed securities detail extended to every filer (before 2001 only the larger holding companies, ~16% of the under-$5bn tier, reported it).",MCP,2026-09-22
panel,fv_afs_ombs_1_pre09,2000-12-31,2001-03-31,"2001Q1 FR Y-9C revision: Schedule HC-B mortgage-backed securities detail extended to every filer (before 2001 only the larger holding companies, ~16% of the under-$5bn tier, reported it).",MCP,2026-09-22
panel,fv_afs_ombs_2_pre09,2000-12-31,2001-03-31,"2001Q1 FR Y-9C revision: Schedule HC-B mortgage-backed securities detail extended to every filer (before 2001 only the larger holding companies, ~16% of the under-$5bn tier, reported it).",MCP,2026-09-22
panel,fv_afs_ombs_3_pre09,2000-12-31,2001-03-31,"2001Q1 FR Y-9C revision: Schedule HC-B mortgage-backed securities detail extended to every filer (before 2001 only the larger holding companies, ~16% of the under-$5bn tier, reported it).",MCP,2026-09-22
panel,fv_ln_famres_1,2008-06-30,2008-09-30,"Fair-value-option loan items became reportable only by holding companies electing the fair value option; on the FR Y-9C the election takes effect at 2008Q3 (2008Q4 on the Call Report). Conditional item, not a break.",MCP,2026-09-22
panel,fv_ln_famres_2,2008-06-30,2008-09-30,"Fair-value-option loan items became reportable only by holding companies electing the fair value option; on the FR Y-9C the election takes effect at 2008Q3 (2008Q4 on the Call Report). Conditional item, not a break.",MCP,2026-09-22
panel,fv_ln_famres_3,2008-06-30,2008-09-30,"Fair-value-option loan items became reportable only by holding companies electing the fair value option; on the FR Y-9C the election takes effect at 2008Q3 (2008Q4 on the Call Report). Conditional item, not a break.",MCP,2026-09-22
panel,fv_ln_othres_1,2008-06-30,2008-09-30,"Fair-value-option loan items became reportable only by holding companies electing the fair value option; on the FR Y-9C the election takes effect at 2008Q3 (2008Q4 on the Call Report). Conditional item, not a break.",MCP,2026-09-22
panel,fv_ln_othres_2,2008-06-30,2008-09-30,"Fair-value-option loan items became reportable only by holding companies electing the fair value option; on the FR Y-9C the election takes effect at 2008Q3 (2008Q4 on the Call Report). Conditional item, not a break.",MCP,2026-09-22
panel,fv_ln_othres_3,2008-06-30,2008-09-30,"Fair-value-option loan items became reportable only by holding companies electing the fair value option; on the FR Y-9C the election takes effect at 2008Q3 (2008Q4 on the Call Report). Conditional item, not a break.",MCP,2026-09-22
panel,fv_ln_othres_4,2008-06-30,2008-09-30,"Fair-value-option loan items became reportable only by holding companies electing the fair value option; on the FR Y-9C the election takes effect at 2008Q3 (2008Q4 on the Call Report). Conditional item, not a break.",MCP,2026-09-22
panel,fv_ln_res_alt,2008-06-30,2008-09-30,"Fair-value-option loan items became reportable only by holding companies electing the fair value option; on the FR Y-9C the election takes effect at 2008Q3 (2008Q4 on the Call Report). Conditional item, not a break.",MCP,2026-09-22
panel,ln_fv_ci,2008-06-30,2008-09-30,"Fair-value-option loan items became reportable only by holding companies electing the fair value option; on the FR Y-9C the election takes effect at 2008Q3 (2008Q4 on the Call Report). Conditional item, not a break.",MCP,2026-09-22
panel,fv_ln_cons_1,2008-06-30,2008-09-30,"Fair-value-option loan items became reportable only by holding companies electing the fair value option; on the FR Y-9C the election takes effect at 2008Q3 (2008Q4 on the Call Report). Conditional item, not a break.",MCP,2026-09-22
panel,fv_ln_cons_2,2008-06-30,2008-09-30,"Fair-value-option loan items became reportable only by holding companies electing the fair value option; on the FR Y-9C the election takes effect at 2008Q3 (2008Q4 on the Call Report). Conditional item, not a break.",MCP,2026-09-22
panel,fv_ln_cons_3,2008-06-30,2008-09-30,"Fair-value-option loan items became reportable only by holding companies electing the fair value option; on the FR Y-9C the election takes effect at 2008Q3 (2008Q4 on the Call Report). Conditional item, not a break.",MCP,2026-09-22
panel,ln_fv_oth,2008-06-30,2008-09-30,"Fair-value-option loan items became reportable only by holding companies electing the fair value option; on the FR Y-9C the election takes effect at 2008Q3 (2008Q4 on the Call Report). Conditional item, not a break.",MCP,2026-09-22
panel,eq_inv_wo_fv,2000-12-31,2001-03-31,"2001Q1 FR Y-9C revision: Schedule HC-B mortgage-backed securities detail extended to every filer (before 2001 only the larger holding companies, ~16% of the under-$5bn tier, reported it).",MCP,2026-09-22
panel,na_tot_1403,1990-06-30,1990-09-30,"1990Q3 FR Y-9C revision: nonaccrual/past-due totals, OREO and foreign-office interest expense recoded (pre-1990 codes not yet mapped; see review/y9c_dropped.csv). Open item, not a break in reporting.",MCP,2026-09-22
panel,na_lease_f168,2019-09-30,2019-12-31,"2019Q4 burden-relief revision: Schedule HC-B held-to-maturity and available-for-sale securities detail (GNMA, FNMA, other MBS amortized cost and fair value, 68 columns) no longer collected from holding companies under $5bn (share 0.72-1.00 -> 0.01-0.21 in tier 1; tier 2 unchanged at ~0.9).",MCP,2026-09-22
panel,na_lease_f171,2019-09-30,2019-12-31,"2019Q4 burden-relief revision: Schedule HC-B held-to-maturity and available-for-sale securities detail (GNMA, FNMA, other MBS amortized cost and fair value, 68 columns) no longer collected from holding companies under $5bn (share 0.72-1.00 -> 0.01-0.21 in tier 1; tier 2 unchanged at ~0.9).",MCP,2026-09-22
panel,afs_inv_mf_eqsec,2000-12-31,2001-03-31,"2001Q1 FR Y-9C revision: Schedule HC-B mortgage-backed securities detail extended to every filer (before 2001 only the larger holding companies, ~16% of the under-$5bn tier, reported it).",MCP,2026-09-22
panel,afs_inv_mf_eqsec,2017-12-31,2018-03-31,"ASU 2016-01 (equity securities out of AFS): A511 / 9720 stop for adopters at 2018Q1 as JA22 begins. Definition change, published as separate series (see CAVEATS section 9). The construction interest-reserve item was retired in the 2018 revision.",MCP,2026-09-22
panel,ffrepo_ass_1350,1988-03-31,1988-06-30,FIXED in the configs (Y-9C fed-funds split codes BHCK0276-0279 for 1988Q2-2001Q4 added); this finding should disappear on the next build.,MCP,2026-09-22
panel,uc_cons_cc_lines,2018-09-30,2018-12-31,Same as 2018-09-30: the Q4 half of the new semiannual pattern.,MCP,2026-09-22
panel,uc_cons_cc_lines,2018-12-31,2019-03-31,Under-$5bn tier: credit-card commitment lines and credit-card fee items collected at Q2/Q4 only from 2019; transition quarters before the classifier has three years of the pattern.,MCP,2026-09-22
panel,uc_cons_cc_lines,2019-03-31,2019-06-30,Same as 2019-03-31: the Q2 half of the semiannual pattern.,MCP,2026-09-22
panel,uc_cons_cc_lines,2019-06-30,2019-09-30,Same as 2019-03-31: the Q3 half of the semiannual pattern.,MCP,2026-09-22
panel,uc_oth_cc_lines,2018-09-30,2018-12-31,Same as 2018-09-30: the Q4 half of the new semiannual pattern.,MCP,2026-09-22
panel,uc_oth_cc_lines,2018-12-31,2019-03-31,Under-$5bn tier: credit-card commitment lines and credit-card fee items collected at Q2/Q4 only from 2019; transition quarters before the classifier has three years of the pattern.,MCP,2026-09-22
panel,uc_oth_cc_lines,2019-03-31,2019-06-30,Same as 2019-03-31: the Q2 half of the semiannual pattern.,MCP,2026-09-22
panel,uc_oth_cc_lines,2019-06-30,2019-09-30,Same as 2019-03-31: the Q3 half of the semiannual pattern.,MCP,2026-09-22
panel,sec_underw,2019-09-30,2019-12-31,"2019Q4 burden-relief revision: Schedule HC-B held-to-maturity and available-for-sale securities detail (GNMA, FNMA, other MBS amortized cost and fair value, 68 columns) no longer collected from holding companies under $5bn (share 0.72-1.00 -> 0.01-0.21 in tier 1; tier 2 unchanged at ~0.9).",MCP,2026-09-22
panel,ac_htm_agency_1,2000-12-31,2001-03-31,"2001Q1 FR Y-9C revision: Schedule HC-B mortgage-backed securities detail extended to every filer (before 2001 only the larger holding companies, ~16% of the under-$5bn tier, reported it).",MCP,2026-09-22
panel,ac_htm_agency_2,2000-12-31,2001-03-31,"2001Q1 FR Y-9C revision: Schedule HC-B mortgage-backed securities detail extended to every filer (before 2001 only the larger holding companies, ~16% of the under-$5bn tier, reported it).",MCP,2026-09-22
panel,fv_htm_agency_1,2000-12-31,2001-03-31,"2001Q1 FR Y-9C revision: Schedule HC-B mortgage-backed securities detail extended to every filer (before 2001 only the larger holding companies, ~16% of the under-$5bn tier, reported it).",MCP,2026-09-22
panel,fv_htm_agency_2,2000-12-31,2001-03-31,"2001Q1 FR Y-9C revision: Schedule HC-B mortgage-backed securities detail extended to every filer (before 2001 only the larger holding companies, ~16% of the under-$5bn tier, reported it).",MCP,2026-09-22
panel,fv_afs_agency_1,2000-12-31,2001-03-31,"2001Q1 FR Y-9C revision: Schedule HC-B mortgage-backed securities detail extended to every filer (before 2001 only the larger holding companies, ~16% of the under-$5bn tier, reported it).",MCP,2026-09-22
panel,fv_afs_agency_2,2000-12-31,2001-03-31,"2001Q1 FR Y-9C revision: Schedule HC-B mortgage-backed securities detail extended to every filer (before 2001 only the larger holding companies, ~16% of the under-$5bn tier, reported it).",MCP,2026-09-22
panel,ac_htm_gnma_9409,2000-12-31,2001-03-31,"2001Q1 FR Y-9C revision: Schedule HC-B mortgage-backed securities detail extended to every filer (before 2001 only the larger holding companies, ~16% of the under-$5bn tier, reported it).",MCP,2026-09-22
panel,ac_htm_fnma_9409,2000-12-31,2001-03-31,"2001Q1 FR Y-9C revision: Schedule HC-B mortgage-backed securities detail extended to every filer (before 2001 only the larger holding companies, ~16% of the under-$5bn tier, reported it).",MCP,2026-09-22
panel,fv_htm_gnma_9409,2000-12-31,2001-03-31,"2001Q1 FR Y-9C revision: Schedule HC-B mortgage-backed securities detail extended to every filer (before 2001 only the larger holding companies, ~16% of the under-$5bn tier, reported it).",MCP,2026-09-22
panel,fv_htm_fnma_9409,2000-12-31,2001-03-31,"2001Q1 FR Y-9C revision: Schedule HC-B mortgage-backed securities detail extended to every filer (before 2001 only the larger holding companies, ~16% of the under-$5bn tier, reported it).",MCP,2026-09-22
panel,ac_htm_ombs_pre09,2000-12-31,2001-03-31,"2001Q1 FR Y-9C revision: Schedule HC-B mortgage-backed securities detail extended to every filer (before 2001 only the larger holding companies, ~16% of the under-$5bn tier, reported it).",MCP,2026-09-22
panel,fv_htm_ombs_pre09,2000-12-31,2001-03-31,"2001Q1 FR Y-9C revision: Schedule HC-B mortgage-backed securities detail extended to every filer (before 2001 only the larger holding companies, ~16% of the under-$5bn tier, reported it).",MCP,2026-09-22
panel,fv_afs_gnma_9409,2000-12-31,2001-03-31,"2001Q1 FR Y-9C revision: Schedule HC-B mortgage-backed securities detail extended to every filer (before 2001 only the larger holding companies, ~16% of the under-$5bn tier, reported it).",MCP,2026-09-22
panel,fv_afs_fnma_9409,2000-12-31,2001-03-31,"2001Q1 FR Y-9C revision: Schedule HC-B mortgage-backed securities detail extended to every filer (before 2001 only the larger holding companies, ~16% of the under-$5bn tier, reported it).",MCP,2026-09-22
panel,fv_afs_ombs_pre09,2000-12-31,2001-03-31,"2001Q1 FR Y-9C revision: Schedule HC-B mortgage-backed securities detail extended to every filer (before 2001 only the larger holding companies, ~16% of the under-$5bn tier, reported it).",MCP,2026-09-22
panel,ac_htm_abs_1,2008-06-30,2008-09-30,"Fair-value-option loan items became reportable only by holding companies electing the fair value option; on the FR Y-9C the election takes effect at 2008Q3 (2008Q4 on the Call Report). Conditional item, not a break.",MCP,2026-09-22
panel,ac_htm_abs_1,2008-09-30,2008-12-31,HC-B asset-backed securities detail extended to the under-$5bn tier at 2008Q4 (share 0.54 -> 1.00).,MCP,2026-09-22
panel,ac_htm_abs_1,2010-12-31,2011-03-31,2011Q1 revision: HC-B asset-backed securities detail becomes threshold-conditional (share falls to 0.06-0.50 = holding companies above the threshold).,MCP,2026-09-22
panel,ac_htm_abs_1,2018-03-31,2018-06-30,2018Q2 burden-relief revision: RC-B ABS detail and the RC-K quarterly-average trading assets became reportable only above thresholds ($10m trading assets for the average). Share falls to ~0.05-0.06 = banks above the threshold.,MCP,2026-09-22
panel,ac_htm_abs_2,2008-06-30,2008-09-30,"Fair-value-option loan items became reportable only by holding companies electing the fair value option; on the FR Y-9C the election takes effect at 2008Q3 (2008Q4 on the Call Report). Conditional item, not a break.",MCP,2026-09-22
panel,ac_htm_abs_2,2008-09-30,2008-12-31,HC-B asset-backed securities detail extended to the under-$5bn tier at 2008Q4 (share 0.54 -> 1.00).,MCP,2026-09-22
panel,ac_htm_abs_2,2010-12-31,2011-03-31,2011Q1 revision: HC-B asset-backed securities detail becomes threshold-conditional (share falls to 0.06-0.50 = holding companies above the threshold).,MCP,2026-09-22
panel,ac_htm_abs_2,2018-03-31,2018-06-30,2018Q2 burden-relief revision: RC-B ABS detail and the RC-K quarterly-average trading assets became reportable only above thresholds ($10m trading assets for the average). Share falls to ~0.05-0.06 = banks above the threshold.,MCP,2026-09-22
panel,ac_htm_abs_3,2008-06-30,2008-09-30,"Fair-value-option loan items became reportable only by holding companies electing the fair value option; on the FR Y-9C the election takes effect at 2008Q3 (2008Q4 on the Call Report). Conditional item, not a break.",MCP,2026-09-22
panel,ac_htm_abs_3,2008-09-30,2008-12-31,HC-B asset-backed securities detail extended to the under-$5bn tier at 2008Q4 (share 0.54 -> 1.00).,MCP,2026-09-22
panel,ac_htm_abs_3,2010-12-31,2011-03-31,2011Q1 revision: HC-B asset-backed securities detail becomes threshold-conditional (share falls to 0.06-0.50 = holding companies above the threshold).,MCP,2026-09-22
panel,ac_htm_abs_3,2018-03-31,2018-06-30,2018Q2 burden-relief revision: RC-B ABS detail and the RC-K quarterly-average trading assets became reportable only above thresholds ($10m trading assets for the average). Share falls to ~0.05-0.06 = banks above the threshold.,MCP,2026-09-22
panel,ac_htm_abs_4,2008-06-30,2008-09-30,"Fair-value-option loan items became reportable only by holding companies electing the fair value option; on the FR Y-9C the election takes effect at 2008Q3 (2008Q4 on the Call Report). Conditional item, not a break.",MCP,2026-09-22
panel,ac_htm_abs_4,2008-09-30,2008-12-31,HC-B asset-backed securities detail extended to the under-$5bn tier at 2008Q4 (share 0.54 -> 1.00).,MCP,2026-09-22
panel,ac_htm_abs_4,2010-12-31,2011-03-31,2011Q1 revision: HC-B asset-backed securities detail becomes threshold-conditional (share falls to 0.06-0.50 = holding companies above the threshold).,MCP,2026-09-22
panel,ac_htm_abs_4,2018-03-31,2018-06-30,2018Q2 burden-relief revision: RC-B ABS detail and the RC-K quarterly-average trading assets became reportable only above thresholds ($10m trading assets for the average). Share falls to ~0.05-0.06 = banks above the threshold.,MCP,2026-09-22
panel,ac_htm_abs_5,2008-06-30,2008-09-30,"Fair-value-option loan items became reportable only by holding companies electing the fair value option; on the FR Y-9C the election takes effect at 2008Q3 (2008Q4 on the Call Report). Conditional item, not a break.",MCP,2026-09-22
panel,ac_htm_abs_5,2008-09-30,2008-12-31,HC-B asset-backed securities detail extended to the under-$5bn tier at 2008Q4 (share 0.54 -> 1.00).,MCP,2026-09-22
panel,ac_htm_abs_5,2010-12-31,2011-03-31,2011Q1 revision: HC-B asset-backed securities detail becomes threshold-conditional (share falls to 0.06-0.50 = holding companies above the threshold).,MCP,2026-09-22
panel,ac_htm_abs_5,2018-03-31,2018-06-30,2018Q2 burden-relief revision: RC-B ABS detail and the RC-K quarterly-average trading assets became reportable only above thresholds ($10m trading assets for the average). Share falls to ~0.05-0.06 = banks above the threshold.,MCP,2026-09-22
panel,ac_htm_abs_6,2008-06-30,2008-09-30,"Fair-value-option loan items became reportable only by holding companies electing the fair value option; on the FR Y-9C the election takes effect at 2008Q3 (2008Q4 on the Call Report). Conditional item, not a break.",MCP,2026-09-22
panel,ac_htm_abs_6,2008-09-30,2008-12-31,HC-B asset-backed securities detail extended to the under-$5bn tier at 2008Q4 (share 0.54 -> 1.00).,MCP,2026-09-22
panel,ac_htm_abs_6,2010-12-31,2011-03-31,2011Q1 revision: HC-B asset-backed securities detail becomes threshold-conditional (share falls to 0.06-0.50 = holding companies above the threshold).,MCP,2026-09-22
panel,ac_htm_abs_6,2018-03-31,2018-06-30,2018Q2 burden-relief revision: RC-B ABS detail and the RC-K quarterly-average trading assets became reportable only above thresholds ($10m trading assets for the average). Share falls to ~0.05-0.06 = banks above the threshold.,MCP,2026-09-22
panel,fv_htm_abs_1,2008-06-30,2008-09-30,"Fair-value-option loan items became reportable only by holding companies electing the fair value option; on the FR Y-9C the election takes effect at 2008Q3 (2008Q4 on the Call Report). Conditional item, not a break.",MCP,2026-09-22
panel,fv_htm_abs_1,2008-09-30,2008-12-31,HC-B asset-backed securities detail extended to the under-$5bn tier at 2008Q4 (share 0.54 -> 1.00).,MCP,2026-09-22
panel,fv_htm_abs_1,2010-12-31,2011-03-31,2011Q1 revision: HC-B asset-backed securities detail becomes threshold-conditional (share falls to 0.06-0.50 = holding companies above the threshold).,MCP,2026-09-22
panel,fv_htm_abs_1,2018-03-31,2018-06-30,2018Q2 burden-relief revision: RC-B ABS detail and the RC-K quarterly-average trading assets became reportable only above thresholds ($10m trading assets for the average). Share falls to ~0.05-0.06 = banks above the threshold.,MCP,2026-09-22
panel,fv_htm_abs_2,2008-06-30,2008-09-30,"Fair-value-option loan items became reportable only by holding companies electing the fair value option; on the FR Y-9C the election takes effect at 2008Q3 (2008Q4 on the Call Report). Conditional item, not a break.",MCP,2026-09-22
panel,fv_htm_abs_2,2008-09-30,2008-12-31,HC-B asset-backed securities detail extended to the under-$5bn tier at 2008Q4 (share 0.54 -> 1.00).,MCP,2026-09-22
panel,fv_htm_abs_2,2010-12-31,2011-03-31,2011Q1 revision: HC-B asset-backed securities detail becomes threshold-conditional (share falls to 0.06-0.50 = holding companies above the threshold).,MCP,2026-09-22
panel,fv_htm_abs_2,2018-03-31,2018-06-30,2018Q2 burden-relief revision: RC-B ABS detail and the RC-K quarterly-average trading assets became reportable only above thresholds ($10m trading assets for the average). Share falls to ~0.05-0.06 = banks above the threshold.,MCP,2026-09-22
panel,fv_htm_abs_3,2008-06-30,2008-09-30,"Fair-value-option loan items became reportable only by holding companies electing the fair value option; on the FR Y-9C the election takes effect at 2008Q3 (2008Q4 on the Call Report). Conditional item, not a break.",MCP,2026-09-22
panel,fv_htm_abs_3,2008-09-30,2008-12-31,HC-B asset-backed securities detail extended to the under-$5bn tier at 2008Q4 (share 0.54 -> 1.00).,MCP,2026-09-22
panel,fv_htm_abs_3,2010-12-31,2011-03-31,2011Q1 revision: HC-B asset-backed securities detail becomes threshold-conditional (share falls to 0.06-0.50 = holding companies above the threshold).,MCP,2026-09-22
panel,fv_htm_abs_3,2018-03-31,2018-06-30,2018Q2 burden-relief revision: RC-B ABS detail and the RC-K quarterly-average trading assets became reportable only above thresholds ($10m trading assets for the average). Share falls to ~0.05-0.06 = banks above the threshold.,MCP,2026-09-22
panel,fv_htm_abs_4,2008-06-30,2008-09-30,"Fair-value-option loan items became reportable only by holding companies electing the fair value option; on the FR Y-9C the election takes effect at 2008Q3 (2008Q4 on the Call Report). Conditional item, not a break.",MCP,2026-09-22
panel,fv_htm_abs_4,2008-09-30,2008-12-31,HC-B asset-backed securities detail extended to the under-$5bn tier at 2008Q4 (share 0.54 -> 1.00).,MCP,2026-09-22
panel,fv_htm_abs_4,2010-12-31,2011-03-31,2011Q1 revision: HC-B asset-backed securities detail becomes threshold-conditional (share falls to 0.06-0.50 = holding companies above the threshold).,MCP,2026-09-22
panel,fv_htm_abs_4,2018-03-31,2018-06-30,2018Q2 burden-relief revision: RC-B ABS detail and the RC-K quarterly-average trading assets became reportable only above thresholds ($10m trading assets for the average). Share falls to ~0.05-0.06 = banks above the threshold.,MCP,2026-09-22
panel,fv_htm_abs_5,2008-06-30,2008-09-30,"Fair-value-option loan items became reportable only by holding companies electing the fair value option; on the FR Y-9C the election takes effect at 2008Q3 (2008Q4 on the Call Report). Conditional item, not a break.",MCP,2026-09-22
panel,fv_htm_abs_5,2008-09-30,2008-12-31,HC-B asset-backed securities detail extended to the under-$5bn tier at 2008Q4 (share 0.54 -> 1.00).,MCP,2026-09-22
panel,fv_htm_abs_5,2010-12-31,2011-03-31,2011Q1 revision: HC-B asset-backed securities detail becomes threshold-conditional (share falls to 0.06-0.50 = holding companies above the threshold).,MCP,2026-09-22
panel,fv_htm_abs_5,2018-03-31,2018-06-30,2018Q2 burden-relief revision: RC-B ABS detail and the RC-K quarterly-average trading assets became reportable only above thresholds ($10m trading assets for the average). Share falls to ~0.05-0.06 = banks above the threshold.,MCP,2026-09-22
panel,fv_htm_abs_6,2008-06-30,2008-09-30,"Fair-value-option loan items became reportable only by holding companies electing the fair value option; on the FR Y-9C the election takes effect at 2008Q3 (2008Q4 on the Call Report). Conditional item, not a break.",MCP,2026-09-22
panel,fv_htm_abs_6,2008-09-30,2008-12-31,HC-B asset-backed securities detail extended to the under-$5bn tier at 2008Q4 (share 0.54 -> 1.00).,MCP,2026-09-22
panel,fv_htm_abs_6,2010-12-31,2011-03-31,2011Q1 revision: HC-B asset-backed securities detail becomes threshold-conditional (share falls to 0.06-0.50 = holding companies above the threshold).,MCP,2026-09-22
panel,fv_htm_abs_6,2018-03-31,2018-06-30,2018Q2 burden-relief revision: RC-B ABS detail and the RC-K quarterly-average trading assets became reportable only above thresholds ($10m trading assets for the average). Share falls to ~0.05-0.06 = banks above the threshold.,MCP,2026-09-22
panel,fv_afs_abs_1,2008-06-30,2008-09-30,"Fair-value-option loan items became reportable only by holding companies electing the fair value option; on the FR Y-9C the election takes effect at 2008Q3 (2008Q4 on the Call Report). Conditional item, not a break.",MCP,2026-09-22
panel,fv_afs_abs_1,2008-09-30,2008-12-31,HC-B asset-backed securities detail extended to the under-$5bn tier at 2008Q4 (share 0.54 -> 1.00).,MCP,2026-09-22
panel,fv_afs_abs_1,2010-12-31,2011-03-31,2011Q1 revision: HC-B asset-backed securities detail becomes threshold-conditional (share falls to 0.06-0.50 = holding companies above the threshold).,MCP,2026-09-22
panel,fv_afs_abs_1,2018-03-31,2018-06-30,2018Q2 burden-relief revision: RC-B ABS detail and the RC-K quarterly-average trading assets became reportable only above thresholds ($10m trading assets for the average). Share falls to ~0.05-0.06 = banks above the threshold.,MCP,2026-09-22
panel,fv_afs_abs_2,2008-06-30,2008-09-30,"Fair-value-option loan items became reportable only by holding companies electing the fair value option; on the FR Y-9C the election takes effect at 2008Q3 (2008Q4 on the Call Report). Conditional item, not a break.",MCP,2026-09-22
panel,fv_afs_abs_2,2008-09-30,2008-12-31,HC-B asset-backed securities detail extended to the under-$5bn tier at 2008Q4 (share 0.54 -> 1.00).,MCP,2026-09-22
panel,fv_afs_abs_2,2010-12-31,2011-03-31,2011Q1 revision: HC-B asset-backed securities detail becomes threshold-conditional (share falls to 0.06-0.50 = holding companies above the threshold).,MCP,2026-09-22
panel,fv_afs_abs_2,2018-03-31,2018-06-30,2018Q2 burden-relief revision: RC-B ABS detail and the RC-K quarterly-average trading assets became reportable only above thresholds ($10m trading assets for the average). Share falls to ~0.05-0.06 = banks above the threshold.,MCP,2026-09-22
panel,fv_afs_abs_3,2008-06-30,2008-09-30,"Fair-value-option loan items became reportable only by holding companies electing the fair value option; on the FR Y-9C the election takes effect at 2008Q3 (2008Q4 on the Call Report). Conditional item, not a break.",MCP,2026-09-22
panel,fv_afs_abs_3,2008-09-30,2008-12-31,HC-B asset-backed securities detail extended to the under-$5bn tier at 2008Q4 (share 0.54 -> 1.00).,MCP,2026-09-22
panel,fv_afs_abs_3,2010-12-31,2011-03-31,2011Q1 revision: HC-B asset-backed securities detail becomes threshold-conditional (share falls to 0.06-0.50 = holding companies above the threshold).,MCP,2026-09-22
panel,fv_afs_abs_3,2018-03-31,2018-06-30,2018Q2 burden-relief revision: RC-B ABS detail and the RC-K quarterly-average trading assets became reportable only above thresholds ($10m trading assets for the average). Share falls to ~0.05-0.06 = banks above the threshold.,MCP,2026-09-22
panel,fv_afs_abs_4,2008-06-30,2008-09-30,"Fair-value-option loan items became reportable only by holding companies electing the fair value option; on the FR Y-9C the election takes effect at 2008Q3 (2008Q4 on the Call Report). Conditional item, not a break.",MCP,2026-09-22
panel,fv_afs_abs_4,2008-09-30,2008-12-31,HC-B asset-backed securities detail extended to the under-$5bn tier at 2008Q4 (share 0.54 -> 1.00).,MCP,2026-09-22
panel,fv_afs_abs_4,2010-12-31,2011-03-31,2011Q1 revision: HC-B asset-backed securities detail becomes threshold-conditional (share falls to 0.06-0.50 = holding companies above the threshold).,MCP,2026-09-22
panel,fv_afs_abs_4,2018-03-31,2018-06-30,2018Q2 burden-relief revision: RC-B ABS detail and the RC-K quarterly-average trading assets became reportable only above thresholds ($10m trading assets for the average). Share falls to ~0.05-0.06 = banks above the threshold.,MCP,2026-09-22
panel,fv_afs_abs_5,2008-06-30,2008-09-30,"Fair-value-option loan items became reportable only by holding companies electing the fair value option; on the FR Y-9C the election takes effect at 2008Q3 (2008Q4 on the Call Report). Conditional item, not a break.",MCP,2026-09-22
panel,fv_afs_abs_5,2008-09-30,2008-12-31,HC-B asset-backed securities detail extended to the under-$5bn tier at 2008Q4 (share 0.54 -> 1.00).,MCP,2026-09-22
panel,fv_afs_abs_5,2010-12-31,2011-03-31,2011Q1 revision: HC-B asset-backed securities detail becomes threshold-conditional (share falls to 0.06-0.50 = holding companies above the threshold).,MCP,2026-09-22
panel,fv_afs_abs_5,2018-03-31,2018-06-30,2018Q2 burden-relief revision: RC-B ABS detail and the RC-K quarterly-average trading assets became reportable only above thresholds ($10m trading assets for the average). Share falls to ~0.05-0.06 = banks above the threshold.,MCP,2026-09-22
panel,fv_afs_abs_6,2008-06-30,2008-09-30,"Fair-value-option loan items became reportable only by holding companies electing the fair value option; on the FR Y-9C the election takes effect at 2008Q3 (2008Q4 on the Call Report). Conditional item, not a break.",MCP,2026-09-22
panel,fv_afs_abs_6,2008-09-30,2008-12-31,HC-B asset-backed securities detail extended to the under-$5bn tier at 2008Q4 (share 0.54 -> 1.00).,MCP,2026-09-22
panel,fv_afs_abs_6,2010-12-31,2011-03-31,2011Q1 revision: HC-B asset-backed securities detail becomes threshold-conditional (share falls to 0.06-0.50 = holding companies above the threshold).,MCP,2026-09-22
panel,fv_afs_abs_6,2018-03-31,2018-06-30,2018Q2 burden-relief revision: RC-B ABS detail and the RC-K quarterly-average trading assets became reportable only above thresholds ($10m trading assets for the average). Share falls to ~0.05-0.06 = banks above the threshold.,MCP,2026-09-22
panel,hfs_famres_loc_1,2008-03-31,2008-06-30,"Held-for-sale and fair-value RC-N memoranda (na_hfs_*, pd30/pd90_hfs_*) and the 1-4 family HFS items were introduced or extended to all filers at 2008Q2.",MCP,2026-09-22
panel,hfs_famres_loc_2,2008-03-31,2008-06-30,"Held-for-sale and fair-value RC-N memoranda (na_hfs_*, pd30/pd90_hfs_*) and the 1-4 family HFS items were introduced or extended to all filers at 2008Q2.",MCP,2026-09-22
panel,pred_qavg_assets,2003-06-30,2003-09-30,"Predecessor-institution memorandum (BHBC, Schedule HI) introduced 2003Q1: for its first two quarters most filers wrote zeros; from 2003Q3 only acquirers fill it in (share of NON-ZERO values unchanged). Representation change, not a break -- and 2003Q1-Q2 zeros are not evidence of no acquisition.",MCP,2026-09-22
panel,pred_quarterly_average_of_earning_assets,2003-06-30,2003-09-30,"Predecessor-institution memorandum (BHBC, Schedule HI) introduced 2003Q1: for its first two quarters most filers wrote zeros; from 2003Q3 only acquirers fill it in (share of NON-ZERO values unchanged). Representation change, not a break -- and 2003Q1-Q2 zeros are not evidence of no acquisition.",MCP,2026-09-22
panel,pred_quarterly_averages_of_loans_and_leases,2003-06-30,2003-09-30,"Predecessor-institution memorandum (BHBC, Schedule HI) introduced 2003Q1: for its first two quarters most filers wrote zeros; from 2003Q3 only acquirers fill it in (share of NON-ZERO values unchanged). Representation change, not a break -- and 2003Q1-Q2 zeros are not evidence of no acquisition.",MCP,2026-09-22
panel,pred_quarterly_average_of_equity_capital,2003-06-30,2003-09-30,"Predecessor-institution memorandum (BHBC, Schedule HI) introduced 2003Q1: for its first two quarters most filers wrote zeros; from 2003Q3 only acquirers fill it in (share of NON-ZERO values unchanged). Representation change, not a break -- and 2003Q1-Q2 zeros are not evidence of no acquisition.",MCP,2026-09-22
panel,pred_ytd_fiduc_inc,2003-06-30,2003-09-30,"Predecessor-institution memorandum (BHBC, Schedule HI) introduced 2003Q1: for its first two quarters most filers wrote zeros; from 2003Q3 only acquirers fill it in (share of NON-ZERO values unchanged). Representation change, not a break -- and 2003Q1-Q2 zeros are not evidence of no acquisition.",MCP,2026-09-22
panel,pred_ytd_int_exp,2003-06-30,2003-09-30,"Predecessor-institution memorandum (BHBC, Schedule HI) introduced 2003Q1: for its first two quarters most filers wrote zeros; from 2003Q3 only acquirers fill it in (share of NON-ZERO values unchanged). Representation change, not a break -- and 2003Q1-Q2 zeros are not evidence of no acquisition.",MCP,2026-09-22
panel,pred_net_interest_income,2003-06-30,2003-09-30,"Predecessor-institution memorandum (BHBC, Schedule HI) introduced 2003Q1: for its first two quarters most filers wrote zeros; from 2003Q3 only acquirers fill it in (share of NON-ZERO values unchanged). Representation change, not a break -- and 2003Q1-Q2 zeros are not evidence of no acquisition.",MCP,2026-09-22
panel,pred_ytd_nonint_inc,2003-06-30,2003-09-30,"Predecessor-institution memorandum (BHBC, Schedule HI) introduced 2003Q1: for its first two quarters most filers wrote zeros; from 2003Q3 only acquirers fill it in (share of NON-ZERO values unchanged). Representation change, not a break -- and 2003Q1-Q2 zeros are not evidence of no acquisition.",MCP,2026-09-22
panel,pred_gains_losses_on_securities_not_held_in_trading_a,2003-06-30,2003-09-30,"Predecessor-institution memorandum (BHBC, Schedule HI) introduced 2003Q1: for its first two quarters most filers wrote zeros; from 2003Q3 only acquirers fill it in (share of NON-ZERO values unchanged). Representation change, not a break -- and 2003Q1-Q2 zeros are not evidence of no acquisition.",MCP,2026-09-22
panel,pred_ytd_nonint_exp,2003-06-30,2003-09-30,"Predecessor-institution memorandum (BHBC, Schedule HI) introduced 2003Q1: for its first two quarters most filers wrote zeros; from 2003Q3 only acquirers fill it in (share of NON-ZERO values unchanged). Representation change, not a break -- and 2003Q1-Q2 zeros are not evidence of no acquisition.",MCP,2026-09-22
panel,pred_interest_and_fees_on_loans_and_lease_financing_r,2003-06-30,2003-09-30,"Predecessor-institution memorandum (BHBC, Schedule HI) introduced 2003Q1: for its first two quarters most filers wrote zeros; from 2003Q3 only acquirers fill it in (share of NON-ZERO values unchanged). Representation change, not a break -- and 2003Q1-Q2 zeros are not evidence of no acquisition.",MCP,2026-09-22
panel,pred_ytd_int_inc,2003-06-30,2003-09-30,"Predecessor-institution memorandum (BHBC, Schedule HI) introduced 2003Q1: for its first two quarters most filers wrote zeros; from 2003Q3 only acquirers fill it in (share of NON-ZERO values unchanged). Representation change, not a break -- and 2003Q1-Q2 zeros are not evidence of no acquisition.",MCP,2026-09-22
panel,pred_ytd_nonint_exp_comp,2003-06-30,2003-09-30,"Predecessor-institution memorandum (BHBC, Schedule HI) introduced 2003Q1: for its first two quarters most filers wrote zeros; from 2003Q3 only acquirers fill it in (share of NON-ZERO values unchanged). Representation change, not a break -- and 2003Q1-Q2 zeros are not evidence of no acquisition.",MCP,2026-09-22
panel,pred_interest_and_dividend_income_on_securities,2003-06-30,2003-09-30,"Predecessor-institution memorandum (BHBC, Schedule HI) introduced 2003Q1: for its first two quarters most filers wrote zeros; from 2003Q3 only acquirers fill it in (share of NON-ZERO values unchanged). Representation change, not a break -- and 2003Q1-Q2 zeros are not evidence of no acquisition.",MCP,2026-09-22
panel,pred_ytd_provision_ll,2003-06-30,2003-09-30,"Predecessor-institution memorandum (BHBC, Schedule HI) introduced 2003Q1: for its first two quarters most filers wrote zeros; from 2003Q3 only acquirers fill it in (share of NON-ZERO values unchanged). Representation change, not a break -- and 2003Q1-Q2 zeros are not evidence of no acquisition.",MCP,2026-09-22
panel,pred_income_loss_before_applicable_income_taxes_and_d,2003-06-30,2003-09-30,"Predecessor-institution memorandum (BHBC, Schedule HI) introduced 2003Q1: for its first two quarters most filers wrote zeros; from 2003Q3 only acquirers fill it in (share of NON-ZERO values unchanged). Representation change, not a break -- and 2003Q1-Q2 zeros are not evidence of no acquisition.",MCP,2026-09-22
panel,pred_ytd_taxes_inc,2003-06-30,2003-09-30,"Predecessor-institution memorandum (BHBC, Schedule HI) introduced 2003Q1: for its first two quarters most filers wrote zeros; from 2003Q3 only acquirers fill it in (share of NON-ZERO values unchanged). Representation change, not a break -- and 2003Q1-Q2 zeros are not evidence of no acquisition.",MCP,2026-09-22
panel,pred_extraordinary_items_and_other_adjustments_net_of,2003-06-30,2003-09-30,"Predecessor-institution memorandum (BHBC, Schedule HI) introduced 2003Q1: for its first two quarters most filers wrote zeros; from 2003Q3 only acquirers fill it in (share of NON-ZERO values unchanged). Representation change, not a break -- and 2003Q1-Q2 zeros are not evidence of no acquisition.",MCP,2026-09-22
panel,pred_net_income_loss,2003-06-30,2003-09-30,"Predecessor-institution memorandum (BHBC, Schedule HI) introduced 2003Q1: for its first two quarters most filers wrote zeros; from 2003Q3 only acquirers fill it in (share of NON-ZERO values unchanged). Representation change, not a break -- and 2003Q1-Q2 zeros are not evidence of no acquisition.",MCP,2026-09-22
panel,pred_net_interest_expense_on_deposits,2003-06-30,2003-09-30,"Predecessor-institution memorandum (BHBC, Schedule HI) introduced 2003Q1: for its first two quarters most filers wrote zeros; from 2003Q3 only acquirers fill it in (share of NON-ZERO values unchanged). Representation change, not a break -- and 2003Q1-Q2 zeros are not evidence of no acquisition.",MCP,2026-09-22
panel,pred_cash_dividend_declared_equity_capital,2003-06-30,2003-09-30,"Predecessor-institution memorandum (BHBC, Schedule HI) introduced 2003Q1: for its first two quarters most filers wrote zeros; from 2003Q3 only acquirers fill it in (share of NON-ZERO values unchanged). Representation change, not a break -- and 2003Q1-Q2 zeros are not evidence of no acquisition.",MCP,2026-09-22
panel,pred_minority_interest,2003-06-30,2003-09-30,"Predecessor-institution memorandum (BHBC, Schedule HI) introduced 2003Q1: for its first two quarters most filers wrote zeros; from 2003Q3 only acquirers fill it in (share of NON-ZERO values unchanged). Representation change, not a break -- and 2003Q1-Q2 zeros are not evidence of no acquisition.",MCP,2026-09-22
panel,pred_net_interest_income_on_a_fully_taxable_equivalen,2003-06-30,2003-09-30,"Predecessor-institution memorandum (BHBC, Schedule HI) introduced 2003Q1: for its first two quarters most filers wrote zeros; from 2003Q3 only acquirers fill it in (share of NON-ZERO values unchanged). Representation change, not a break -- and 2003Q1-Q2 zeros are not evidence of no acquisition.",MCP,2026-09-22
panel,pred_loans_charged_off_and_recoveries_total_loans_cha,2003-06-30,2003-09-30,"Predecessor-institution memorandum (BHBC, Schedule HI) introduced 2003Q1: for its first two quarters most filers wrote zeros; from 2003Q3 only acquirers fill it in (share of NON-ZERO values unchanged). Representation change, not a break -- and 2003Q1-Q2 zeros are not evidence of no acquisition.",MCP,2026-09-22
panel,pred_ytd_tradrev_inc,2003-06-30,2003-09-30,"Predecessor-institution memorandum (BHBC, Schedule HI) introduced 2003Q1: for its first two quarters most filers wrote zeros; from 2003Q3 only acquirers fill it in (share of NON-ZERO values unchanged). Representation change, not a break -- and 2003Q1-Q2 zeros are not evidence of no acquisition.",MCP,2026-09-22
panel,pred_ytd_nonint_inc_ib_adv_fee,2003-06-30,2003-09-30,"Predecessor-institution memorandum (BHBC, Schedule HI) introduced 2003Q1: for its first two quarters most filers wrote zeros; from 2003Q3 only acquirers fill it in (share of NON-ZERO values unchanged). Representation change, not a break -- and 2003Q1-Q2 zeros are not evidence of no acquisition.",MCP,2026-09-22
panel,pred_venture_capital_revenue,2003-06-30,2003-09-30,"Predecessor-institution memorandum (BHBC, Schedule HI) introduced 2003Q1: for its first two quarters most filers wrote zeros; from 2003Q3 only acquirers fill it in (share of NON-ZERO values unchanged). Representation change, not a break -- and 2003Q1-Q2 zeros are not evidence of no acquisition.",MCP,2026-09-22
panel,pred_ytd_sectn_inc,2003-06-30,2003-09-30,"Predecessor-institution memorandum (BHBC, Schedule HI) introduced 2003Q1: for its first two quarters most filers wrote zeros; from 2003Q3 only acquirers fill it in (share of NON-ZERO values unchanged). Representation change, not a break -- and 2003Q1-Q2 zeros are not evidence of no acquisition.",MCP,2026-09-22
panel,pred_ytd_nonint_inc_ins_fee,2003-06-30,2003-09-30,"Predecessor-institution memorandum (BHBC, Schedule HI) introduced 2003Q1: for its first two quarters most filers wrote zeros; from 2003Q3 only acquirers fill it in (share of NON-ZERO values unchanged). Representation change, not a break -- and 2003Q1-Q2 zeros are not evidence of no acquisition.",MCP,2026-09-22
panel,pred_goodwill_impairment_losses,2003-06-30,2003-09-30,"Predecessor-institution memorandum (BHBC, Schedule HI) introduced 2003Q1: for its first two quarters most filers wrote zeros; from 2003Q3 only acquirers fill it in (share of NON-ZERO values unchanged). Representation change, not a break -- and 2003Q1-Q2 zeros are not evidence of no acquisition.",MCP,2026-09-22
panel,ytd_cecl_htm_dsec_cp_bal,2022-12-31,2023-03-31,CECL adoption by all remaining institutions at 2023Q1 (ASU 2016-13): the CECL allowance and provision items go from the early adopters (~0.03 of 051 filers) to nearly everyone.,MCP,2026-09-22
panel,ytd_net_gain_ass_fv,2019-09-30,2019-12-31,"2019Q4 burden-relief revision: Schedule HC-B held-to-maturity and available-for-sale securities detail (GNMA, FNMA, other MBS amortized cost and fair value, 68 columns) no longer collected from holding companies under $5bn (share 0.72-1.00 -> 0.01-0.21 in tier 1; tier 2 unchanged at ~0.9).",MCP,2026-09-22
panel,ytd_int_exp_for,1990-06-30,1990-09-30,"1990Q3 FR Y-9C revision: nonaccrual/past-due totals, OREO and foreign-office interest expense recoded (pre-1990 codes not yet mapped; see review/y9c_dropped.csv). Open item, not a break in reporting.",MCP,2026-09-22
panel,ytd_int_exp_for,2025-03-31,2025-06-30,"2025Q2: the FR Y-9 files stop writing a zero for the foreign-office deposit and interest-expense items when the holding company has no foreign offices (share of NON-ZERO values unchanged: 0.00 tier 1, 0.10 tier 2, while the written zeros vanish). Representation change, not a break. Candidate for the zero-fill rule (blank = zero where the item is expected).",MCP,2026-09-22
panel,ytd_int_exp_trad_othbor,2019-09-30,2019-12-31,"2019Q4 burden-relief revision: Schedule HC-B held-to-maturity and available-for-sale securities detail (GNMA, FNMA, other MBS amortized cost and fair value, 68 columns) no longer collected from holding companies under $5bn (share 0.72-1.00 -> 0.01-0.21 in tier 1; tier 2 unchanged at ~0.9).",MCP,2026-09-22
panel,ytd_tradrev_inc,2019-09-30,2019-12-31,"2019Q4 burden-relief revision: Schedule HC-B held-to-maturity and available-for-sale securities detail (GNMA, FNMA, other MBS amortized cost and fair value, 68 columns) no longer collected from holding companies under $5bn (share 0.72-1.00 -> 0.01-0.21 in tier 1; tier 2 unchanged at ~0.9).",MCP,2026-09-22
panel,ytd_nonint_inc_sb,2019-09-30,2019-12-31,"2019Q4 burden-relief revision: Schedule HC-B held-to-maturity and available-for-sale securities detail (GNMA, FNMA, other MBS amortized cost and fair value, 68 columns) no longer collected from holding companies under $5bn (share 0.72-1.00 -> 0.01-0.21 in tier 1; tier 2 unchanged at ~0.9).",MCP,2026-09-22
panel,ytd_nonint_inc_fees_adv,2019-09-30,2019-12-31,"2019Q4 burden-relief revision: Schedule HC-B held-to-maturity and available-for-sale securities detail (GNMA, FNMA, other MBS amortized cost and fair value, 68 columns) no longer collected from holding companies under $5bn (share 0.72-1.00 -> 0.01-0.21 in tier 1; tier 2 unchanged at ~0.9).",MCP,2026-09-22
panel,ytd_nonint_inc_fees_annu,2019-09-30,2019-12-31,"2019Q4 burden-relief revision: Schedule HC-B held-to-maturity and available-for-sale securities detail (GNMA, FNMA, other MBS amortized cost and fair value, 68 columns) no longer collected from holding companies under $5bn (share 0.72-1.00 -> 0.01-0.21 in tier 1; tier 2 unchanged at ~0.9).",MCP,2026-09-22
panel,ytd_nonint_inc_ins_underw,2019-09-30,2019-12-31,"2019Q4 burden-relief revision: Schedule HC-B held-to-maturity and available-for-sale securities detail (GNMA, FNMA, other MBS amortized cost and fair value, 68 columns) no longer collected from holding companies under $5bn (share 0.72-1.00 -> 0.01-0.21 in tier 1; tier 2 unchanged at ~0.9).",MCP,2026-09-22
panel,ytd_nonint_inc_oth_ins_act,2019-09-30,2019-12-31,"2019Q4 burden-relief revision: Schedule HC-B held-to-maturity and available-for-sale securities detail (GNMA, FNMA, other MBS amortized cost and fair value, 68 columns) no longer collected from holding companies under $5bn (share 0.72-1.00 -> 0.01-0.21 in tier 1; tier 2 unchanged at ~0.9).",MCP,2026-09-22
panel,ytd_sectn_inc,2019-09-30,2019-12-31,"2019Q4 burden-relief revision: Schedule HC-B held-to-maturity and available-for-sale securities detail (GNMA, FNMA, other MBS amortized cost and fair value, 68 columns) no longer collected from holding companies under $5bn (share 0.72-1.00 -> 0.01-0.21 in tier 1; tier 2 unchanged at ~0.9).",MCP,2026-09-22
panel,for_deposit_nib,2025-03-31,2025-06-30,"2025Q2: the FR Y-9 files stop writing a zero for the foreign-office deposit and interest-expense items when the holding company has no foreign offices (share of NON-ZERO values unchanged: 0.00 tier 1, 0.10 tier 2, while the written zeros vanish). Representation change, not a break. Candidate for the zero-fill rule (blank = zero where the item is expected).",MCP,2026-09-22
panel,for_deposit_ib,2025-03-31,2025-06-30,"2025Q2: the FR Y-9 files stop writing a zero for the foreign-office deposit and interest-expense items when the holding company has no foreign offices (share of NON-ZERO values unchanged: 0.00 tier 1, 0.10 tier 2, while the written zeros vanish). Representation change, not a break. Candidate for the zero-fill rule (blank = zero where the item is expected).",MCP,2026-09-22
panel,ffrepo_liab_2800,1988-03-31,1988-06-30,FIXED in the configs (Y-9C fed-funds split codes BHCK0276-0279 for 1988Q2-2001Q4 added); this finding should disappear on the next build.,MCP,2026-09-22
panel,ac_afs_usagency_9418,2000-12-31,2001-03-31,"2001Q1 FR Y-9C revision: Schedule HC-B mortgage-backed securities detail extended to every filer (before 2001 only the larger holding companies, ~16% of the under-$5bn tier, reported it).",MCP,2026-09-22
panel,ac_afs_usgse_9418,2000-12-31,2001-03-31,"2001Q1 FR Y-9C revision: Schedule HC-B mortgage-backed securities detail extended to every filer (before 2001 only the larger holding companies, ~16% of the under-$5bn tier, reported it).",MCP,2026-09-22
panel,ac_afs_mutual_funds_9720,2000-12-31,2001-03-31,"2001Q1 FR Y-9C revision: Schedule HC-B mortgage-backed securities detail extended to every filer (before 2001 only the larger holding companies, ~16% of the under-$5bn tier, reported it).",MCP,2026-09-22
panel,ac_afs_mutual_funds_9720,2017-12-31,2018-03-31,"ASU 2016-01 (equity securities out of AFS): A511 / 9720 stop for adopters at 2018Q1 as JA22 begins. Definition change, published as separate series (see CAVEATS section 9). The construction interest-reserve item was retired in the 2018 revision.",MCP,2026-09-22
panel,ac_htm_sold_or_transferred_ytd,2018-09-30,2018-12-31,Same as 2018-09-30: the Q4 half of the new semiannual pattern.,MCP,2026-09-22
panel,oreo,1990-06-30,1990-09-30,"1990Q3 FR Y-9C revision: nonaccrual/past-due totals, OREO and foreign-office interest expense recoded (pre-1990 codes not yet mapped; see review/y9c_dropped.csv). Open item, not a break in reporting.",MCP,2026-09-22
panel,fv_ln_famres_1,2008-06-30,2008-09-30,"Fair-value-option loan items became reportable only by holding companies electing the fair value option; on the FR Y-9C the election takes effect at 2008Q3 (2008Q4 on the Call Report). Conditional item, not a break.",MCP,2026-09-22
panel,fv_ln_famres_2,2008-06-30,2008-09-30,"Fair-value-option loan items became reportable only by holding companies electing the fair value option; on the FR Y-9C the election takes effect at 2008Q3 (2008Q4 on the Call Report). Conditional item, not a break.",MCP,2026-09-22
panel,fv_ln_famres_3,2008-06-30,2008-09-30,"Fair-value-option loan items became reportable only by holding companies electing the fair value option; on the FR Y-9C the election takes effect at 2008Q3 (2008Q4 on the Call Report). Conditional item, not a break.",MCP,2026-09-22
panel,fv_ln_othres_1,2008-06-30,2008-09-30,"Fair-value-option loan items became reportable only by holding companies electing the fair value option; on the FR Y-9C the election takes effect at 2008Q3 (2008Q4 on the Call Report). Conditional item, not a break.",MCP,2026-09-22
panel,fv_ln_othres_2,2008-06-30,2008-09-30,"Fair-value-option loan items became reportable only by holding companies electing the fair value option; on the FR Y-9C the election takes effect at 2008Q3 (2008Q4 on the Call Report). Conditional item, not a break.",MCP,2026-09-22
panel,fv_ln_othres_3,2008-06-30,2008-09-30,"Fair-value-option loan items became reportable only by holding companies electing the fair value option; on the FR Y-9C the election takes effect at 2008Q3 (2008Q4 on the Call Report). Conditional item, not a break.",MCP,2026-09-22
panel,fv_ln_othres_4,2008-06-30,2008-09-30,"Fair-value-option loan items became reportable only by holding companies electing the fair value option; on the FR Y-9C the election takes effect at 2008Q3 (2008Q4 on the Call Report). Conditional item, not a break.",MCP,2026-09-22
panel,fv_ln_res_alt,2008-06-30,2008-09-30,"Fair-value-option loan items became reportable only by holding companies electing the fair value option; on the FR Y-9C the election takes effect at 2008Q3 (2008Q4 on the Call Report). Conditional item, not a break.",MCP,2026-09-22
panel,ln_fv_ci,2008-06-30,2008-09-30,"Fair-value-option loan items became reportable only by holding companies electing the fair value option; on the FR Y-9C the election takes effect at 2008Q3 (2008Q4 on the Call Report). Conditional item, not a break.",MCP,2026-09-22
panel,fv_ln_cons_1,2008-06-30,2008-09-30,"Fair-value-option loan items became reportable only by holding companies electing the fair value option; on the FR Y-9C the election takes effect at 2008Q3 (2008Q4 on the Call Report). Conditional item, not a break.",MCP,2026-09-22
panel,fv_ln_cons_2,2008-06-30,2008-09-30,"Fair-value-option loan items became reportable only by holding companies electing the fair value option; on the FR Y-9C the election takes effect at 2008Q3 (2008Q4 on the Call Report). Conditional item, not a break.",MCP,2026-09-22
panel,fv_ln_cons_3,2008-06-30,2008-09-30,"Fair-value-option loan items became reportable only by holding companies electing the fair value option; on the FR Y-9C the election takes effect at 2008Q3 (2008Q4 on the Call Report). Conditional item, not a break.",MCP,2026-09-22
panel,ln_fv_oth,2008-06-30,2008-09-30,"Fair-value-option loan items became reportable only by holding companies electing the fair value option; on the FR Y-9C the election takes effect at 2008Q3 (2008Q4 on the Call Report). Conditional item, not a break.",MCP,2026-09-22
panel,aoci_opt_out,2014-12-31,2015-03-31,Basel III revision at 2015Q1: the AOCI opt-out election (aoci_opt_out) is new; the construction interest-reserve memo item begins the same quarter.,MCP,2026-09-22
panel,na_tot_1403,1990-06-30,1990-09-30,"1990Q3 FR Y-9C revision: nonaccrual/past-due totals, OREO and foreign-office interest expense recoded (pre-1990 codes not yet mapped; see review/y9c_dropped.csv). Open item, not a break in reporting.",MCP,2026-09-22
panel,afs_inv_mf_eqsec,2017-12-31,2018-03-31,"ASU 2016-01 (equity securities out of AFS): A511 / 9720 stop for adopters at 2018Q1 as JA22 begins. Definition change, published as separate series (see CAVEATS section 9). The construction interest-reserve item was retired in the 2018 revision.",MCP,2026-09-22
panel,ffrepo_ass_1350,1988-03-31,1988-06-30,FIXED in the configs (Y-9C fed-funds split codes BHCK0276-0279 for 1988Q2-2001Q4 added); this finding should disappear on the next build.,MCP,2026-09-22
panel,uc_cons_cc_lines,2018-06-30,2018-09-30,"2018Q3 burden-relief revision: purchased-credit-impaired items, HTM sold/transferred, negative-amortization loans and credit-card commitment lines moved from quarterly to semiannual (Q2/Q4) collection. Raw coverage 0.99/0.99/0.05/0.99 in 2018 and 0.05/0.98/0.05/0.98 in 2019. The classifier declares the new frequency after three years; these are the transition quarters.",MCP,2026-09-22
panel,uc_cons_cc_lines,2018-09-30,2018-12-31,Same as 2018-09-30: the Q4 half of the new semiannual pattern.,MCP,2026-09-22
panel,uc_oth_cc_lines,2018-06-30,2018-09-30,"2018Q3 burden-relief revision: purchased-credit-impaired items, HTM sold/transferred, negative-amortization loans and credit-card commitment lines moved from quarterly to semiannual (Q2/Q4) collection. Raw coverage 0.99/0.99/0.05/0.99 in 2018 and 0.05/0.98/0.05/0.98 in 2019. The classifier declares the new frequency after three years; these are the transition quarters.",MCP,2026-09-22
panel,uc_oth_cc_lines,2018-09-30,2018-12-31,Same as 2018-09-30: the Q4 half of the new semiannual pattern.,MCP,2026-09-22
panel,ac_htm_abs_1,2018-03-31,2018-06-30,2018Q2 burden-relief revision: RC-B ABS detail and the RC-K quarterly-average trading assets became reportable only above thresholds ($10m trading assets for the average). Share falls to ~0.05-0.06 = banks above the threshold.,MCP,2026-09-22
panel,ac_htm_abs_2,2018-03-31,2018-06-30,2018Q2 burden-relief revision: RC-B ABS detail and the RC-K quarterly-average trading assets became reportable only above thresholds ($10m trading assets for the average). Share falls to ~0.05-0.06 = banks above the threshold.,MCP,2026-09-22
panel,ac_htm_abs_3,2018-03-31,2018-06-30,2018Q2 burden-relief revision: RC-B ABS detail and the RC-K quarterly-average trading assets became reportable only above thresholds ($10m trading assets for the average). Share falls to ~0.05-0.06 = banks above the threshold.,MCP,2026-09-22
panel,ac_htm_abs_4,2018-03-31,2018-06-30,2018Q2 burden-relief revision: RC-B ABS detail and the RC-K quarterly-average trading assets became reportable only above thresholds ($10m trading assets for the average). Share falls to ~0.05-0.06 = banks above the threshold.,MCP,2026-09-22
panel,ac_htm_abs_5,2018-03-31,2018-06-30,2018Q2 burden-relief revision: RC-B ABS detail and the RC-K quarterly-average trading assets became reportable only above thresholds ($10m trading assets for the average). Share falls to ~0.05-0.06 = banks above the threshold.,MCP,2026-09-22
panel,ac_htm_abs_6,2018-03-31,2018-06-30,2018Q2 burden-relief revision: RC-B ABS detail and the RC-K quarterly-average trading assets became reportable only above thresholds ($10m trading assets for the average). Share falls to ~0.05-0.06 = banks above the threshold.,MCP,2026-09-22
panel,fv_htm_abs_1,2018-03-31,2018-06-30,2018Q2 burden-relief revision: RC-B ABS detail and the RC-K quarterly-average trading assets became reportable only above thresholds ($10m trading assets for the average). Share falls to ~0.05-0.06 = banks above the threshold.,MCP,2026-09-22
panel,fv_htm_abs_2,2018-03-31,2018-06-30,2018Q2 burden-relief revision: RC-B ABS detail and the RC-K quarterly-average trading assets became reportable only above thresholds ($10m trading assets for the average). Share falls to ~0.05-0.06 = banks above the threshold.,MCP,2026-09-22
panel,fv_htm_abs_3,2018-03-31,2018-06-30,2018Q2 burden-relief revision: RC-B ABS detail and the RC-K quarterly-average trading assets became reportable only above thresholds ($10m trading assets for the average). Share falls to ~0.05-0.06 = banks above the threshold.,MCP,2026-09-22
panel,fv_htm_abs_4,2018-03-31,2018-06-30,2018Q2 burden-relief revision: RC-B ABS detail and the RC-K quarterly-average trading assets became reportable only above thresholds ($10m trading assets for the average). Share falls to ~0.05-0.06 = banks above the threshold.,MCP,2026-09-22
panel,fv_htm_abs_5,2018-03-31,2018-06-30,2018Q2 burden-relief revision: RC-B ABS detail and the RC-K quarterly-average trading assets became reportable only above thresholds ($10m trading assets for the average). Share falls to ~0.05-0.06 = banks above the threshold.,MCP,2026-09-22
panel,fv_htm_abs_6,2018-03-31,2018-06-30,2018Q2 burden-relief revision: RC-B ABS detail and the RC-K quarterly-average trading assets became reportable only above thresholds ($10m trading assets for the average). Share falls to ~0.05-0.06 = banks above the threshold.,MCP,2026-09-22
panel,fv_afs_abs_1,2018-03-31,2018-06-30,2018Q2 burden-relief revision: RC-B ABS detail and the RC-K quarterly-average trading assets became reportable only above thresholds ($10m trading assets for the average). Share falls to ~0.05-0.06 = banks above the threshold.,MCP,2026-09-22
panel,fv_afs_abs_2,2018-03-31,2018-06-30,2018Q2 burden-relief revision: RC-B ABS detail and the RC-K quarterly-average trading assets became reportable only above thresholds ($10m trading assets for the average). Share falls to ~0.05-0.06 = banks above the threshold.,MCP,2026-09-22
panel,fv_afs_abs_3,2018-03-31,2018-06-30,2018Q2 burden-relief revision: RC-B ABS detail and the RC-K quarterly-average trading assets became reportable only above thresholds ($10m trading assets for the average). Share falls to ~0.05-0.06 = banks above the threshold.,MCP,2026-09-22
panel,fv_afs_abs_4,2018-03-31,2018-06-30,2018Q2 burden-relief revision: RC-B ABS detail and the RC-K quarterly-average trading assets became reportable only above thresholds ($10m trading assets for the average). Share falls to ~0.05-0.06 = banks above the threshold.,MCP,2026-09-22
panel,fv_afs_abs_5,2018-03-31,2018-06-30,2018Q2 burden-relief revision: RC-B ABS detail and the RC-K quarterly-average trading assets became reportable only above thresholds ($10m trading assets for the average). Share falls to ~0.05-0.06 = banks above the threshold.,MCP,2026-09-22
panel,fv_afs_abs_6,2018-03-31,2018-06-30,2018Q2 burden-relief revision: RC-B ABS detail and the RC-K quarterly-average trading assets became reportable only above thresholds ($10m trading assets for the average). Share falls to ~0.05-0.06 = banks above the threshold.,MCP,2026-09-22
panel,hfs_famres_loc_1,2008-03-31,2008-06-30,"Held-for-sale and fair-value RC-N memoranda (na_hfs_*, pd30/pd90_hfs_*) and the 1-4 family HFS items were introduced or extended to all filers at 2008Q2.",MCP,2026-09-22
panel,hfs_famres_loc_2,2008-03-31,2008-06-30,"Held-for-sale and fair-value RC-N memoranda (na_hfs_*, pd30/pd90_hfs_*) and the 1-4 family HFS items were introduced or extended to all filers at 2008Q2.",MCP,2026-09-22
panel,pred_qavg_assets,2003-06-30,2003-09-30,"Predecessor-institution memorandum (BHBC, Schedule HI) introduced 2003Q1: for its first two quarters most filers wrote zeros; from 2003Q3 only acquirers fill it in (share of NON-ZERO values unchanged). Representation change, not a break -- and 2003Q1-Q2 zeros are not evidence of no acquisition.",MCP,2026-09-22
panel,pred_quarterly_average_of_earning_assets,2003-06-30,2003-09-30,"Predecessor-institution memorandum (BHBC, Schedule HI) introduced 2003Q1: for its first two quarters most filers wrote zeros; from 2003Q3 only acquirers fill it in (share of NON-ZERO values unchanged). Representation change, not a break -- and 2003Q1-Q2 zeros are not evidence of no acquisition.",MCP,2026-09-22
panel,pred_quarterly_averages_of_loans_and_leases,2003-06-30,2003-09-30,"Predecessor-institution memorandum (BHBC, Schedule HI) introduced 2003Q1: for its first two quarters most filers wrote zeros; from 2003Q3 only acquirers fill it in (share of NON-ZERO values unchanged). Representation change, not a break -- and 2003Q1-Q2 zeros are not evidence of no acquisition.",MCP,2026-09-22
panel,pred_quarterly_average_of_equity_capital,2003-06-30,2003-09-30,"Predecessor-institution memorandum (BHBC, Schedule HI) introduced 2003Q1: for its first two quarters most filers wrote zeros; from 2003Q3 only acquirers fill it in (share of NON-ZERO values unchanged). Representation change, not a break -- and 2003Q1-Q2 zeros are not evidence of no acquisition.",MCP,2026-09-22
panel,pred_ytd_fiduc_inc,2003-06-30,2003-09-30,"Predecessor-institution memorandum (BHBC, Schedule HI) introduced 2003Q1: for its first two quarters most filers wrote zeros; from 2003Q3 only acquirers fill it in (share of NON-ZERO values unchanged). Representation change, not a break -- and 2003Q1-Q2 zeros are not evidence of no acquisition.",MCP,2026-09-22
panel,pred_ytd_int_exp,2003-06-30,2003-09-30,"Predecessor-institution memorandum (BHBC, Schedule HI) introduced 2003Q1: for its first two quarters most filers wrote zeros; from 2003Q3 only acquirers fill it in (share of NON-ZERO values unchanged). Representation change, not a break -- and 2003Q1-Q2 zeros are not evidence of no acquisition.",MCP,2026-09-22
panel,pred_net_interest_income,2003-06-30,2003-09-30,"Predecessor-institution memorandum (BHBC, Schedule HI) introduced 2003Q1: for its first two quarters most filers wrote zeros; from 2003Q3 only acquirers fill it in (share of NON-ZERO values unchanged). Representation change, not a break -- and 2003Q1-Q2 zeros are not evidence of no acquisition.",MCP,2026-09-22
panel,pred_ytd_nonint_inc,2003-06-30,2003-09-30,"Predecessor-institution memorandum (BHBC, Schedule HI) introduced 2003Q1: for its first two quarters most filers wrote zeros; from 2003Q3 only acquirers fill it in (share of NON-ZERO values unchanged). Representation change, not a break -- and 2003Q1-Q2 zeros are not evidence of no acquisition.",MCP,2026-09-22
panel,pred_gains_losses_on_securities_not_held_in_trading_a,2003-06-30,2003-09-30,"Predecessor-institution memorandum (BHBC, Schedule HI) introduced 2003Q1: for its first two quarters most filers wrote zeros; from 2003Q3 only acquirers fill it in (share of NON-ZERO values unchanged). Representation change, not a break -- and 2003Q1-Q2 zeros are not evidence of no acquisition.",MCP,2026-09-22
panel,pred_ytd_nonint_exp,2003-06-30,2003-09-30,"Predecessor-institution memorandum (BHBC, Schedule HI) introduced 2003Q1: for its first two quarters most filers wrote zeros; from 2003Q3 only acquirers fill it in (share of NON-ZERO values unchanged). Representation change, not a break -- and 2003Q1-Q2 zeros are not evidence of no acquisition.",MCP,2026-09-22
panel,pred_interest_and_fees_on_loans_and_lease_financing_r,2003-06-30,2003-09-30,"Predecessor-institution memorandum (BHBC, Schedule HI) introduced 2003Q1: for its first two quarters most filers wrote zeros; from 2003Q3 only acquirers fill it in (share of NON-ZERO values unchanged). Representation change, not a break -- and 2003Q1-Q2 zeros are not evidence of no acquisition.",MCP,2026-09-22
panel,pred_ytd_int_inc,2003-06-30,2003-09-30,"Predecessor-institution memorandum (BHBC, Schedule HI) introduced 2003Q1: for its first two quarters most filers wrote zeros; from 2003Q3 only acquirers fill it in (share of NON-ZERO values unchanged). Representation change, not a break -- and 2003Q1-Q2 zeros are not evidence of no acquisition.",MCP,2026-09-22
panel,pred_ytd_nonint_exp_comp,2003-06-30,2003-09-30,"Predecessor-institution memorandum (BHBC, Schedule HI) introduced 2003Q1: for its first two quarters most filers wrote zeros; from 2003Q3 only acquirers fill it in (share of NON-ZERO values unchanged). Representation change, not a break -- and 2003Q1-Q2 zeros are not evidence of no acquisition.",MCP,2026-09-22
panel,pred_interest_and_dividend_income_on_securities,2003-06-30,2003-09-30,"Predecessor-institution memorandum (BHBC, Schedule HI) introduced 2003Q1: for its first two quarters most filers wrote zeros; from 2003Q3 only acquirers fill it in (share of NON-ZERO values unchanged). Representation change, not a break -- and 2003Q1-Q2 zeros are not evidence of no acquisition.",MCP,2026-09-22
panel,pred_ytd_provision_ll,2003-06-30,2003-09-30,"Predecessor-institution memorandum (BHBC, Schedule HI) introduced 2003Q1: for its first two quarters most filers wrote zeros; from 2003Q3 only acquirers fill it in (share of NON-ZERO values unchanged). Representation change, not a break -- and 2003Q1-Q2 zeros are not evidence of no acquisition.",MCP,2026-09-22
panel,pred_income_loss_before_applicable_income_taxes_and_d,2003-06-30,2003-09-30,"Predecessor-institution memorandum (BHBC, Schedule HI) introduced 2003Q1: for its first two quarters most filers wrote zeros; from 2003Q3 only acquirers fill it in (share of NON-ZERO values unchanged). Representation change, not a break -- and 2003Q1-Q2 zeros are not evidence of no acquisition.",MCP,2026-09-22
panel,pred_ytd_taxes_inc,2003-06-30,2003-09-30,"Predecessor-institution memorandum (BHBC, Schedule HI) introduced 2003Q1: for its first two quarters most filers wrote zeros; from 2003Q3 only acquirers fill it in (share of NON-ZERO values unchanged). Representation change, not a break -- and 2003Q1-Q2 zeros are not evidence of no acquisition.",MCP,2026-09-22
panel,pred_extraordinary_items_and_other_adjustments_net_of,2003-06-30,2003-09-30,"Predecessor-institution memorandum (BHBC, Schedule HI) introduced 2003Q1: for its first two quarters most filers wrote zeros; from 2003Q3 only acquirers fill it in (share of NON-ZERO values unchanged). Representation change, not a break -- and 2003Q1-Q2 zeros are not evidence of no acquisition.",MCP,2026-09-22
panel,pred_net_income_loss,2003-06-30,2003-09-30,"Predecessor-institution memorandum (BHBC, Schedule HI) introduced 2003Q1: for its first two quarters most filers wrote zeros; from 2003Q3 only acquirers fill it in (share of NON-ZERO values unchanged). Representation change, not a break -- and 2003Q1-Q2 zeros are not evidence of no acquisition.",MCP,2026-09-22
panel,pred_net_interest_expense_on_deposits,2003-06-30,2003-09-30,"Predecessor-institution memorandum (BHBC, Schedule HI) introduced 2003Q1: for its first two quarters most filers wrote zeros; from 2003Q3 only acquirers fill it in (share of NON-ZERO values unchanged). Representation change, not a break -- and 2003Q1-Q2 zeros are not evidence of no acquisition.",MCP,2026-09-22
panel,pred_cash_dividend_declared_equity_capital,2003-06-30,2003-09-30,"Predecessor-institution memorandum (BHBC, Schedule HI) introduced 2003Q1: for its first two quarters most filers wrote zeros; from 2003Q3 only acquirers fill it in (share of NON-ZERO values unchanged). Representation change, not a break -- and 2003Q1-Q2 zeros are not evidence of no acquisition.",MCP,2026-09-22
panel,pred_minority_interest,2003-06-30,2003-09-30,"Predecessor-institution memorandum (BHBC, Schedule HI) introduced 2003Q1: for its first two quarters most filers wrote zeros; from 2003Q3 only acquirers fill it in (share of NON-ZERO values unchanged). Representation change, not a break -- and 2003Q1-Q2 zeros are not evidence of no acquisition.",MCP,2026-09-22
panel,pred_net_interest_income_on_a_fully_taxable_equivalen,2003-06-30,2003-09-30,"Predecessor-institution memorandum (BHBC, Schedule HI) introduced 2003Q1: for its first two quarters most filers wrote zeros; from 2003Q3 only acquirers fill it in (share of NON-ZERO values unchanged). Representation change, not a break -- and 2003Q1-Q2 zeros are not evidence of no acquisition.",MCP,2026-09-22
panel,pred_loans_charged_off_and_recoveries_total_loans_cha,2003-06-30,2003-09-30,"Predecessor-institution memorandum (BHBC, Schedule HI) introduced 2003Q1: for its first two quarters most filers wrote zeros; from 2003Q3 only acquirers fill it in (share of NON-ZERO values unchanged). Representation change, not a break -- and 2003Q1-Q2 zeros are not evidence of no acquisition.",MCP,2026-09-22
panel,pred_ytd_tradrev_inc,2003-06-30,2003-09-30,"Predecessor-institution memorandum (BHBC, Schedule HI) introduced 2003Q1: for its first two quarters most filers wrote zeros; from 2003Q3 only acquirers fill it in (share of NON-ZERO values unchanged). Representation change, not a break -- and 2003Q1-Q2 zeros are not evidence of no acquisition.",MCP,2026-09-22
panel,pred_ytd_nonint_inc_ib_adv_fee,2003-06-30,2003-09-30,"Predecessor-institution memorandum (BHBC, Schedule HI) introduced 2003Q1: for its first two quarters most filers wrote zeros; from 2003Q3 only acquirers fill it in (share of NON-ZERO values unchanged). Representation change, not a break -- and 2003Q1-Q2 zeros are not evidence of no acquisition.",MCP,2026-09-22
panel,pred_venture_capital_revenue,2003-06-30,2003-09-30,"Predecessor-institution memorandum (BHBC, Schedule HI) introduced 2003Q1: for its first two quarters most filers wrote zeros; from 2003Q3 only acquirers fill it in (share of NON-ZERO values unchanged). Representation change, not a break -- and 2003Q1-Q2 zeros are not evidence of no acquisition.",MCP,2026-09-22
panel,pred_ytd_sectn_inc,2003-06-30,2003-09-30,"Predecessor-institution memorandum (BHBC, Schedule HI) introduced 2003Q1: for its first two quarters most filers wrote zeros; from 2003Q3 only acquirers fill it in (share of NON-ZERO values unchanged). Representation change, not a break -- and 2003Q1-Q2 zeros are not evidence of no acquisition.",MCP,2026-09-22
panel,pred_ytd_nonint_inc_ins_fee,2003-06-30,2003-09-30,"Predecessor-institution memorandum (BHBC, Schedule HI) introduced 2003Q1: for its first two quarters most filers wrote zeros; from 2003Q3 only acquirers fill it in (share of NON-ZERO values unchanged). Representation change, not a break -- and 2003Q1-Q2 zeros are not evidence of no acquisition.",MCP,2026-09-22
panel,pred_goodwill_impairment_losses,2003-06-30,2003-09-30,"Predecessor-institution memorandum (BHBC, Schedule HI) introduced 2003Q1: for its first two quarters most filers wrote zeros; from 2003Q3 only acquirers fill it in (share of NON-ZERO values unchanged). Representation change, not a break -- and 2003Q1-Q2 zeros are not evidence of no acquisition.",MCP,2026-09-22
panel,ytd_cecl_htm_dsec_cp_bal,2019-12-31,2020-03-31,"2020Q1: CECL adoption by the large holding companies (tier 2, $5bn and over) -- the CECL amortized-cost and HTM allowance items begin for adopters; the rest adopt at 2023Q1.",MCP,2026-09-22
panel,cecl_ln_const_am_cost,2019-12-31,2020-03-31,"2020Q1: CECL adoption by the large holding companies (tier 2, $5bn and over) -- the CECL amortized-cost and HTM allowance items begin for adopters; the rest adopt at 2023Q1.",MCP,2026-09-22
panel,cecl_ln_cre_am_cost,2019-12-31,2020-03-31,"2020Q1: CECL adoption by the large holding companies (tier 2, $5bn and over) -- the CECL amortized-cost and HTM allowance items begin for adopters; the rest adopt at 2023Q1.",MCP,2026-09-22
panel,cecl_ln_rre_am_cost,2019-12-31,2020-03-31,"2020Q1: CECL adoption by the large holding companies (tier 2, $5bn and over) -- the CECL amortized-cost and HTM allowance items begin for adopters; the rest adopt at 2023Q1.",MCP,2026-09-22
panel,cecl_ln_com_am_cost,2019-12-31,2020-03-31,"2020Q1: CECL adoption by the large holding companies (tier 2, $5bn and over) -- the CECL amortized-cost and HTM allowance items begin for adopters; the rest adopt at 2023Q1.",MCP,2026-09-22
panel,cecl_ln_cc_am_cost,2019-12-31,2020-03-31,"2020Q1: CECL adoption by the large holding companies (tier 2, $5bn and over) -- the CECL amortized-cost and HTM allowance items begin for adopters; the rest adopt at 2023Q1.",MCP,2026-09-22
panel,cecl_ln_oth_cons_am_cost,2019-12-31,2020-03-31,"2020Q1: CECL adoption by the large holding companies (tier 2, $5bn and over) -- the CECL amortized-cost and HTM allowance items begin for adopters; the rest adopt at 2023Q1.",MCP,2026-09-22
panel,cecl_ln_tot_inv_am_cost,2019-12-31,2020-03-31,"2020Q1: CECL adoption by the large holding companies (tier 2, $5bn and over) -- the CECL amortized-cost and HTM allowance items begin for adopters; the rest adopt at 2023Q1.",MCP,2026-09-22
panel,cecl_ln_const_allow_bal,2019-12-31,2020-03-31,"2020Q1: CECL adoption by the large holding companies (tier 2, $5bn and over) -- the CECL amortized-cost and HTM allowance items begin for adopters; the rest adopt at 2023Q1.",MCP,2026-09-22
panel,cecl_ln_cre_allow_bal,2019-12-31,2020-03-31,"2020Q1: CECL adoption by the large holding companies (tier 2, $5bn and over) -- the CECL amortized-cost and HTM allowance items begin for adopters; the rest adopt at 2023Q1.",MCP,2026-09-22
panel,cecl_ln_rre_allow_bal,2019-12-31,2020-03-31,"2020Q1: CECL adoption by the large holding companies (tier 2, $5bn and over) -- the CECL amortized-cost and HTM allowance items begin for adopters; the rest adopt at 2023Q1.",MCP,2026-09-22
panel,cecl_ln_com_allow_bal,2019-12-31,2020-03-31,"2020Q1: CECL adoption by the large holding companies (tier 2, $5bn and over) -- the CECL amortized-cost and HTM allowance items begin for adopters; the rest adopt at 2023Q1.",MCP,2026-09-22
panel,cecl_ln_cc_allow_bal,2019-12-31,2020-03-31,"2020Q1: CECL adoption by the large holding companies (tier 2, $5bn and over) -- the CECL amortized-cost and HTM allowance items begin for adopters; the rest adopt at 2023Q1.",MCP,2026-09-22
panel,cecl_ln_oth_cons_allow_bal,2019-12-31,2020-03-31,"2020Q1: CECL adoption by the large holding companies (tier 2, $5bn and over) -- the CECL amortized-cost and HTM allowance items begin for adopters; the rest adopt at 2023Q1.",MCP,2026-09-22
panel,cecl_ln_unalloctd_allow_bal,2019-12-31,2020-03-31,"2020Q1: CECL adoption by the large holding companies (tier 2, $5bn and over) -- the CECL amortized-cost and HTM allowance items begin for adopters; the rest adopt at 2023Q1.",MCP,2026-09-22
panel,cecl_ln_tot_inv_allow_bal,2019-12-31,2020-03-31,"2020Q1: CECL adoption by the large holding companies (tier 2, $5bn and over) -- the CECL amortized-cost and HTM allowance items begin for adopters; the rest adopt at 2023Q1.",MCP,2026-09-22
panel,ytd_int_exp_for,2025-03-31,2025-06-30,"2025Q2: the FR Y-9 files stop writing a zero for the foreign-office deposit and interest-expense items when the holding company has no foreign offices (share of NON-ZERO values unchanged: 0.00 tier 1, 0.10 tier 2, while the written zeros vanish). Representation change, not a break. Candidate for the zero-fill rule (blank = zero where the item is expected).",MCP,2026-09-22
panel,for_deposit_nib,2025-03-31,2025-06-30,"2025Q2: the FR Y-9 files stop writing a zero for the foreign-office deposit and interest-expense items when the holding company has no foreign offices (share of NON-ZERO values unchanged: 0.00 tier 1, 0.10 tier 2, while the written zeros vanish). Representation change, not a break. Candidate for the zero-fill rule (blank = zero where the item is expected).",MCP,2026-09-22
panel,for_deposit_ib,2025-03-31,2025-06-30,"2025Q2: the FR Y-9 files stop writing a zero for the foreign-office deposit and interest-expense items when the holding company has no foreign offices (share of NON-ZERO values unchanged: 0.00 tier 1, 0.10 tier 2, while the written zeros vanish). Representation change, not a break. Candidate for the zero-fill rule (blank = zero where the item is expected).",MCP,2026-09-22
panel,t1_cet1_before_adj,2014-12-31,2015-03-31,"Basel III phase-in: advanced approaches institutions adopted the revised capital rule on 2014-01-01, everyone else on 2015-01-01. The common equity tier 1 items therefore exist for ~19pct of 031 filers through 2014Q4 (the early adopters) and for every filer from 2015Q1. Regulatory timing, not a break.",MCP,2026-09-22
panel,ffrepo_liab_2800,1988-03-31,1988-06-30,FIXED in the configs (Y-9C fed-funds split codes BHCK0276-0279 for 1988Q2-2001Q4 added); this finding should disappear on the next build.,MCP,2026-09-22
panel,ac_afs_mutual_funds_9720,2017-12-31,2018-03-31,"ASU 2016-01 (equity securities out of AFS): A511 / 9720 stop for adopters at 2018Q1 as JA22 begins. Definition change, published as separate series (see CAVEATS section 9). The construction interest-reserve item was retired in the 2018 revision.",MCP,2026-09-22
panel,ac_htm_sold_or_transferred_ytd,2018-06-30,2018-09-30,"2018Q3 burden-relief revision: purchased-credit-impaired items, HTM sold/transferred, negative-amortization loans and credit-card commitment lines moved from quarterly to semiannual (Q2/Q4) collection. Raw coverage 0.99/0.99/0.05/0.99 in 2018 and 0.05/0.98/0.05/0.98 in 2019. The classifier declares the new frequency after three years; these are the transition quarters.",MCP,2026-09-22
panel,ac_htm_sold_or_transferred_ytd,2018-09-30,2018-12-31,Same as 2018-09-30: the Q4 half of the new semiannual pattern.,MCP,2026-09-22
panel,credit_card_fees_finance_charges_outstanding,2013-03-31,2013-06-30,Credit-card fee items (outstanding fees and finance charges; fees reversed) are conditional on credit-card lending; the population reporting them moves with the 2013Q2 revision.,MCP,2026-09-22
panel,credit_card_fees_finance_charges_outstanding,2018-12-31,2019-03-31,Under-$5bn tier: credit-card commitment lines and credit-card fee items collected at Q2/Q4 only from 2019; transition quarters before the classifier has three years of the pattern.,MCP,2026-09-22
panel,credit_card_fees_finance_charges_outstanding,2019-09-30,2019-12-31,"2019Q4 burden-relief revision: Schedule HC-B held-to-maturity and available-for-sale securities detail (GNMA, FNMA, other MBS amortized cost and fair value, 68 columns) no longer collected from holding companies under $5bn (share 0.72-1.00 -> 0.01-0.21 in tier 1; tier 2 unchanged at ~0.9).",MCP,2026-09-22
panel,upb_ln_ci_fv,2008-06-30,2008-09-30,"Fair-value-option loan items became reportable only by holding companies electing the fair value option; on the FR Y-9C the election takes effect at 2008Q3 (2008Q4 on the Call Report). Conditional item, not a break.",MCP,2026-09-22
panel,upb_ln_oth_fv,2008-06-30,2008-09-30,"Fair-value-option loan items became reportable only by holding companies electing the fair value option; on the FR Y-9C the election takes effect at 2008Q3 (2008Q4 on the Call Report). Conditional item, not a break.",MCP,2026-09-22
panel,trad_ust,2001-09-30,2001-12-31,HC-D trading detail is conditional on trading activity; population and threshold changes in the 2001 revision move the share of filers with a value.,MCP,2026-09-22
panel,trad_ust,2003-06-30,2003-09-30,"Predecessor-institution memorandum (BHBC, Schedule HI) introduced 2003Q1: for its first two quarters most filers wrote zeros; from 2003Q3 only acquirers fill it in (share of NON-ZERO values unchanged). Representation change, not a break -- and 2003Q1-Q2 zeros are not evidence of no acquisition.",MCP,2026-09-22
panel,trad_ust,2007-12-31,2008-03-31,2008Q1 revision of Schedule HC-D: trading detail collected from all holding companies with trading assets above the threshold (share rises from 0.05-0.59 to 0.46-0.83).,MCP,2026-09-22
panel,trad_ust,2009-03-31,2009-06-30,2009Q2 revision of Schedule HC-D: trading detail reported by all trading holding companies from 2009Q2; the population reporting each line item changes with it.,MCP,2026-09-22
panel,trad_usagency,2001-09-30,2001-12-31,HC-D trading detail is conditional on trading activity; population and threshold changes in the 2001 revision move the share of filers with a value.,MCP,2026-09-22
panel,trad_usagency,2003-06-30,2003-09-30,"Predecessor-institution memorandum (BHBC, Schedule HI) introduced 2003Q1: for its first two quarters most filers wrote zeros; from 2003Q3 only acquirers fill it in (share of NON-ZERO values unchanged). Representation change, not a break -- and 2003Q1-Q2 zeros are not evidence of no acquisition.",MCP,2026-09-22
panel,trad_usagency,2007-12-31,2008-03-31,2008Q1 revision of Schedule HC-D: trading detail collected from all holding companies with trading assets above the threshold (share rises from 0.05-0.59 to 0.46-0.83).,MCP,2026-09-22
panel,trad_usagency,2009-03-31,2009-06-30,2009Q2 revision of Schedule HC-D: trading detail reported by all trading holding companies from 2009Q2; the population reporting each line item changes with it.,MCP,2026-09-22
panel,trad_states,2001-09-30,2001-12-31,HC-D trading detail is conditional on trading activity; population and threshold changes in the 2001 revision move the share of filers with a value.,MCP,2026-09-22
panel,trad_states,2003-06-30,2003-09-30,"Predecessor-institution memorandum (BHBC, Schedule HI) introduced 2003Q1: for its first two quarters most filers wrote zeros; from 2003Q3 only acquirers fill it in (share of NON-ZERO values unchanged). Representation change, not a break -- and 2003Q1-Q2 zeros are not evidence of no acquisition.",MCP,2026-09-22
panel,trad_states,2007-12-31,2008-03-31,2008Q1 revision of Schedule HC-D: trading detail collected from all holding companies with trading assets above the threshold (share rises from 0.05-0.59 to 0.46-0.83).,MCP,2026-09-22
panel,trad_states,2009-03-31,2009-06-30,2009Q2 revision of Schedule HC-D: trading detail reported by all trading holding companies from 2009Q2; the population reporting each line item changes with it.,MCP,2026-09-22
panel,trad_oth_dom_off,2001-09-30,2001-12-31,HC-D trading detail is conditional on trading activity; population and threshold changes in the 2001 revision move the share of filers with a value.,MCP,2026-09-22
panel,trad_oth_dom_off,2003-06-30,2003-09-30,"Predecessor-institution memorandum (BHBC, Schedule HI) introduced 2003Q1: for its first two quarters most filers wrote zeros; from 2003Q3 only acquirers fill it in (share of NON-ZERO values unchanged). Representation change, not a break -- and 2003Q1-Q2 zeros are not evidence of no acquisition.",MCP,2026-09-22
panel,trad_oth_dom_off,2007-12-31,2008-03-31,2008Q1 revision of Schedule HC-D: trading detail collected from all holding companies with trading assets above the threshold (share rises from 0.05-0.59 to 0.46-0.83).,MCP,2026-09-22
panel,trad_oth_dom_off,2009-03-31,2009-06-30,2009Q2 revision of Schedule HC-D: trading detail reported by all trading holding companies from 2009Q2; the population reporting each line item changes with it.,MCP,2026-09-22
panel,trad_revaluation_gains,2001-09-30,2001-12-31,HC-D trading detail is conditional on trading activity; population and threshold changes in the 2001 revision move the share of filers with a value.,MCP,2026-09-22
panel,trad_revaluation_gains,2003-06-30,2003-09-30,"Predecessor-institution memorandum (BHBC, Schedule HI) introduced 2003Q1: for its first two quarters most filers wrote zeros; from 2003Q3 only acquirers fill it in (share of NON-ZERO values unchanged). Representation change, not a break -- and 2003Q1-Q2 zeros are not evidence of no acquisition.",MCP,2026-09-22
panel,trad_revaluation_gains,2007-12-31,2008-03-31,2008Q1 revision of Schedule HC-D: trading detail collected from all holding companies with trading assets above the threshold (share rises from 0.05-0.59 to 0.46-0.83).,MCP,2026-09-22
panel,trad_revaluation_gains,2009-03-31,2009-06-30,2009Q2 revision of Schedule HC-D: trading detail reported by all trading holding companies from 2009Q2; the population reporting each line item changes with it.,MCP,2026-09-22
panel,trad_revaluation_losses,2001-09-30,2001-12-31,HC-D trading detail is conditional on trading activity; population and threshold changes in the 2001 revision move the share of filers with a value.,MCP,2026-09-22
panel,trad_revaluation_losses,2003-06-30,2003-09-30,"Predecessor-institution memorandum (BHBC, Schedule HI) introduced 2003Q1: for its first two quarters most filers wrote zeros; from 2003Q3 only acquirers fill it in (share of NON-ZERO values unchanged). Representation change, not a break -- and 2003Q1-Q2 zeros are not evidence of no acquisition.",MCP,2026-09-22
panel,trad_revaluation_losses,2005-09-30,2005-12-31,HC-D trading revaluation losses: reported by trading holding companies only; the share moves with the reporting threshold in force.,MCP,2026-09-22
panel,trad_revaluation_losses,2007-03-31,2007-06-30,HC-D trading revaluation losses: reported by trading holding companies only; the share moves with the reporting threshold in force.,MCP,2026-09-22
panel,trad_revaluation_losses,2007-12-31,2008-03-31,2008Q1 revision of Schedule HC-D: trading detail collected from all holding companies with trading assets above the threshold (share rises from 0.05-0.59 to 0.46-0.83).,MCP,2026-09-22
panel,trad_revaluation_losses,2009-03-31,2009-06-30,2009Q2 revision of Schedule HC-D: trading detail reported by all trading holding companies from 2009Q2; the population reporting each line item changes with it.,MCP,2026-09-22
panel,trad_liab_short_positions,2001-09-30,2001-12-31,HC-D trading detail is conditional on trading activity; population and threshold changes in the 2001 revision move the share of filers with a value.,MCP,2026-09-22
panel,trad_liab_short_positions,2003-06-30,2003-09-30,"Predecessor-institution memorandum (BHBC, Schedule HI) introduced 2003Q1: for its first two quarters most filers wrote zeros; from 2003Q3 only acquirers fill it in (share of NON-ZERO values unchanged). Representation change, not a break -- and 2003Q1-Q2 zeros are not evidence of no acquisition.",MCP,2026-09-22
panel,trad_liab_short_positions,2007-12-31,2008-03-31,2008Q1 revision of Schedule HC-D: trading detail collected from all holding companies with trading assets above the threshold (share rises from 0.05-0.59 to 0.46-0.83).,MCP,2026-09-22
panel,trad_ln_ci,2009-03-31,2009-06-30,2009Q2 revision of Schedule HC-D: trading detail reported by all trading holding companies from 2009Q2; the population reporting each line item changes with it.,MCP,2026-09-22
panel,trad_ln_oth,2009-03-31,2009-06-30,2009Q2 revision of Schedule HC-D: trading detail reported by all trading holding companies from 2009Q2; the population reporting each line item changes with it.,MCP,2026-09-22
panel,trad_liab_oth,2009-03-31,2009-06-30,2009Q2 revision of Schedule HC-D: trading detail reported by all trading holding companies from 2009Q2; the population reporting each line item changes with it.,MCP,2026-09-22
panel,trad_ln_re_0818,2009-03-31,2009-06-30,2009Q2 revision of Schedule HC-D: trading detail reported by all trading holding companies from 2009Q2; the population reporting each line item changes with it.,MCP,2026-09-22
panel,trad_ln_indiv_a_0818,2009-03-31,2009-06-30,2009Q2 revision of Schedule HC-D: trading detail reported by all trading holding companies from 2009Q2; the population reporting each line item changes with it.,MCP,2026-09-22
panel,trad_ln_indiv_b_0818,2009-03-31,2009-06-30,2009Q2 revision of Schedule HC-D: trading detail reported by all trading holding companies from 2009Q2; the population reporting each line item changes with it.,MCP,2026-09-22
panel,trad_upb_ln_0818,2009-03-31,2009-06-30,2009Q2 revision of Schedule HC-D: trading detail reported by all trading holding companies from 2009Q2; the population reporting each line item changes with it.,MCP,2026-09-22
panel,trad_upb_ln_oth,2009-03-31,2009-06-30,2009Q2 revision of Schedule HC-D: trading detail reported by all trading holding companies from 2009Q2; the population reporting each line item changes with it.,MCP,2026-09-22
panel,trad_abs_0810,2010-12-31,2011-03-31,2011Q1 revision: HC-B asset-backed securities detail becomes threshold-conditional (share falls to 0.06-0.50 = holding companies above the threshold).,MCP,2026-09-22
panel,qavg_trading_assets,2018-03-31,2018-06-30,2018Q2 burden-relief revision: RC-B ABS detail and the RC-K quarterly-average trading assets became reportable only above thresholds ($10m trading assets for the average). Share falls to ~0.05-0.06 = banks above the threshold.,MCP,2026-09-22
panel,pd90_tot_1407,1990-06-30,1990-09-30,"1990Q3 FR Y-9C revision: nonaccrual/past-due totals, OREO and foreign-office interest expense recoded (pre-1990 codes not yet mapped; see review/y9c_dropped.csv). Open item, not a break in reporting.",MCP,2026-09-22
panel,pd30_hfs_fv,2008-03-31,2008-06-30,"Held-for-sale and fair-value RC-N memoranda (na_hfs_*, pd30/pd90_hfs_*) and the 1-4 family HFS items were introduced or extended to all filers at 2008Q2.",MCP,2026-09-22
panel,pd90_hfs_fv,2008-03-31,2008-06-30,"Held-for-sale and fair-value RC-N memoranda (na_hfs_*, pd30/pd90_hfs_*) and the 1-4 family HFS items were introduced or extended to all filers at 2008Q2.",MCP,2026-09-22
panel,na_hfs_fv,2008-03-31,2008-06-30,"Held-for-sale and fair-value RC-N memoranda (na_hfs_*, pd30/pd90_hfs_*) and the 1-4 family HFS items were introduced or extended to all filers at 2008Q2.",MCP,2026-09-22
panel,pd30_hfs_upb,2008-03-31,2008-06-30,"Held-for-sale and fair-value RC-N memoranda (na_hfs_*, pd30/pd90_hfs_*) and the 1-4 family HFS items were introduced or extended to all filers at 2008Q2.",MCP,2026-09-22
panel,pd90_hfs_upb,2008-03-31,2008-06-30,"Held-for-sale and fair-value RC-N memoranda (na_hfs_*, pd30/pd90_hfs_*) and the 1-4 family HFS items were introduced or extended to all filers at 2008Q2.",MCP,2026-09-22
panel,na_hfs_upb,2008-03-31,2008-06-30,"Held-for-sale and fair-value RC-N memoranda (na_hfs_*, pd30/pd90_hfs_*) and the 1-4 family HFS items were introduced or extended to all filers at 2008Q2.",MCP,2026-09-22
panel,pd30_lease_lossshare,2019-09-30,2019-12-31,"2019Q4 burden-relief revision: Schedule HC-B held-to-maturity and available-for-sale securities detail (GNMA, FNMA, other MBS amortized cost and fair value, 68 columns) no longer collected from holding companies under $5bn (share 0.72-1.00 -> 0.01-0.21 in tier 1; tier 2 unchanged at ~0.9).",MCP,2026-09-22
panel,pd90_lease_lossshare,2019-09-30,2019-12-31,"2019Q4 burden-relief revision: Schedule HC-B held-to-maturity and available-for-sale securities detail (GNMA, FNMA, other MBS amortized cost and fair value, 68 columns) no longer collected from holding companies under $5bn (share 0.72-1.00 -> 0.01-0.21 in tier 1; tier 2 unchanged at ~0.9).",MCP,2026-09-22
panel,na_lease_lossshare,2019-09-30,2019-12-31,"2019Q4 burden-relief revision: Schedule HC-B held-to-maturity and available-for-sale securities detail (GNMA, FNMA, other MBS amortized cost and fair value, 68 columns) no longer collected from holding companies under $5bn (share 0.72-1.00 -> 0.01-0.21 in tier 1; tier 2 unchanged at ~0.9).",MCP,2026-09-22
panel,pci_balance_pd30,2018-09-30,2018-12-31,Same as 2018-09-30: the Q4 half of the new semiannual pattern.,MCP,2026-09-22
panel,pci_balance_pd30,2022-12-31,2023-06-30,Purchased-credit-impaired items are a pre-CECL concept; after CECL became universal at 2023Q1 they are reported by a ~4% residual and retired. Not a break.,MCP,2026-09-22
panel,pci_balance_pd90,2018-09-30,2018-12-31,Same as 2018-09-30: the Q4 half of the new semiannual pattern.,MCP,2026-09-22
panel,pci_balance_pd90,2022-12-31,2023-06-30,Purchased-credit-impaired items are a pre-CECL concept; after CECL became universal at 2023Q1 they are reported by a ~4% residual and retired. Not a break.,MCP,2026-09-22
panel,pci_balance_na,2018-09-30,2018-12-31,Same as 2018-09-30: the Q4 half of the new semiannual pattern.,MCP,2026-09-22
panel,pci_balance_na,2022-12-31,2023-06-30,Purchased-credit-impaired items are a pre-CECL concept; after CECL became universal at 2023Q1 they are reported by a ~4% residual and retired. Not a break.,MCP,2026-09-22
panel,pci_carrying_pd30,2018-09-30,2018-12-31,Same as 2018-09-30: the Q4 half of the new semiannual pattern.,MCP,2026-09-22
panel,pci_carrying_pd30,2022-12-31,2023-06-30,Purchased-credit-impaired items are a pre-CECL concept; after CECL became universal at 2023Q1 they are reported by a ~4% residual and retired. Not a break.,MCP,2026-09-22
panel,pci_carrying_pd90,2018-09-30,2018-12-31,Same as 2018-09-30: the Q4 half of the new semiannual pattern.,MCP,2026-09-22
panel,pci_carrying_pd90,2022-12-31,2023-06-30,Purchased-credit-impaired items are a pre-CECL concept; after CECL became universal at 2023Q1 they are reported by a ~4% residual and retired. Not a break.,MCP,2026-09-22
panel,pci_carrying_na,2018-09-30,2018-12-31,Same as 2018-09-30: the Q4 half of the new semiannual pattern.,MCP,2026-09-22
panel,pci_carrying_na,2022-12-31,2023-06-30,Purchased-credit-impaired items are a pre-CECL concept; after CECL became universal at 2023Q1 they are reported by a ~4% residual and retired. Not a break.,MCP,2026-09-22
panel,pd30_constr_res14_lossshare,2019-09-30,2019-12-31,"2019Q4 burden-relief revision: Schedule HC-B held-to-maturity and available-for-sale securities detail (GNMA, FNMA, other MBS amortized cost and fair value, 68 columns) no longer collected from holding companies under $5bn (share 0.72-1.00 -> 0.01-0.21 in tier 1; tier 2 unchanged at ~0.9).",MCP,2026-09-22
panel,pd90_constr_res14_lossshare,2019-09-30,2019-12-31,"2019Q4 burden-relief revision: Schedule HC-B held-to-maturity and available-for-sale securities detail (GNMA, FNMA, other MBS amortized cost and fair value, 68 columns) no longer collected from holding companies under $5bn (share 0.72-1.00 -> 0.01-0.21 in tier 1; tier 2 unchanged at ~0.9).",MCP,2026-09-22
panel,na_constr_res14_lossshare,2019-09-30,2019-12-31,"2019Q4 burden-relief revision: Schedule HC-B held-to-maturity and available-for-sale securities detail (GNMA, FNMA, other MBS amortized cost and fair value, 68 columns) no longer collected from holding companies under $5bn (share 0.72-1.00 -> 0.01-0.21 in tier 1; tier 2 unchanged at ~0.9).",MCP,2026-09-22
panel,pd30_farmland_lossshare,2019-09-30,2019-12-31,"2019Q4 burden-relief revision: Schedule HC-B held-to-maturity and available-for-sale securities detail (GNMA, FNMA, other MBS amortized cost and fair value, 68 columns) no longer collected from holding companies under $5bn (share 0.72-1.00 -> 0.01-0.21 in tier 1; tier 2 unchanged at ~0.9).",MCP,2026-09-22
panel,pd90_farmland_lossshare,2019-09-30,2019-12-31,"2019Q4 burden-relief revision: Schedule HC-B held-to-maturity and available-for-sale securities detail (GNMA, FNMA, other MBS amortized cost and fair value, 68 columns) no longer collected from holding companies under $5bn (share 0.72-1.00 -> 0.01-0.21 in tier 1; tier 2 unchanged at ~0.9).",MCP,2026-09-22
panel,na_farmland_lossshare,2019-09-30,2019-12-31,"2019Q4 burden-relief revision: Schedule HC-B held-to-maturity and available-for-sale securities detail (GNMA, FNMA, other MBS amortized cost and fair value, 68 columns) no longer collected from holding companies under $5bn (share 0.72-1.00 -> 0.01-0.21 in tier 1; tier 2 unchanged at ~0.9).",MCP,2026-09-22
panel,pd30_heloc_lossshare,2019-09-30,2019-12-31,"2019Q4 burden-relief revision: Schedule HC-B held-to-maturity and available-for-sale securities detail (GNMA, FNMA, other MBS amortized cost and fair value, 68 columns) no longer collected from holding companies under $5bn (share 0.72-1.00 -> 0.01-0.21 in tier 1; tier 2 unchanged at ~0.9).",MCP,2026-09-22
panel,pd90_heloc_lossshare,2019-09-30,2019-12-31,"2019Q4 burden-relief revision: Schedule HC-B held-to-maturity and available-for-sale securities detail (GNMA, FNMA, other MBS amortized cost and fair value, 68 columns) no longer collected from holding companies under $5bn (share 0.72-1.00 -> 0.01-0.21 in tier 1; tier 2 unchanged at ~0.9).",MCP,2026-09-22
panel,na_heloc_lossshare,2019-09-30,2019-12-31,"2019Q4 burden-relief revision: Schedule HC-B held-to-maturity and available-for-sale securities detail (GNMA, FNMA, other MBS amortized cost and fair value, 68 columns) no longer collected from holding companies under $5bn (share 0.72-1.00 -> 0.01-0.21 in tier 1; tier 2 unchanged at ~0.9).",MCP,2026-09-22
panel,pd30_famres_first_lossshare,2019-09-30,2019-12-31,"2019Q4 burden-relief revision: Schedule HC-B held-to-maturity and available-for-sale securities detail (GNMA, FNMA, other MBS amortized cost and fair value, 68 columns) no longer collected from holding companies under $5bn (share 0.72-1.00 -> 0.01-0.21 in tier 1; tier 2 unchanged at ~0.9).",MCP,2026-09-22
panel,pd90_famres_first_lossshare,2019-09-30,2019-12-31,"2019Q4 burden-relief revision: Schedule HC-B held-to-maturity and available-for-sale securities detail (GNMA, FNMA, other MBS amortized cost and fair value, 68 columns) no longer collected from holding companies under $5bn (share 0.72-1.00 -> 0.01-0.21 in tier 1; tier 2 unchanged at ~0.9).",MCP,2026-09-22
panel,na_famres_first_lossshare,2019-09-30,2019-12-31,"2019Q4 burden-relief revision: Schedule HC-B held-to-maturity and available-for-sale securities detail (GNMA, FNMA, other MBS amortized cost and fair value, 68 columns) no longer collected from holding companies under $5bn (share 0.72-1.00 -> 0.01-0.21 in tier 1; tier 2 unchanged at ~0.9).",MCP,2026-09-22
panel,pd30_famres_junior_lossshare,2019-09-30,2019-12-31,"2019Q4 burden-relief revision: Schedule HC-B held-to-maturity and available-for-sale securities detail (GNMA, FNMA, other MBS amortized cost and fair value, 68 columns) no longer collected from holding companies under $5bn (share 0.72-1.00 -> 0.01-0.21 in tier 1; tier 2 unchanged at ~0.9).",MCP,2026-09-22
panel,pd90_famres_junior_lossshare,2019-09-30,2019-12-31,"2019Q4 burden-relief revision: Schedule HC-B held-to-maturity and available-for-sale securities detail (GNMA, FNMA, other MBS amortized cost and fair value, 68 columns) no longer collected from holding companies under $5bn (share 0.72-1.00 -> 0.01-0.21 in tier 1; tier 2 unchanged at ~0.9).",MCP,2026-09-22
panel,na_famres_junior_lossshare,2019-09-30,2019-12-31,"2019Q4 burden-relief revision: Schedule HC-B held-to-maturity and available-for-sale securities detail (GNMA, FNMA, other MBS amortized cost and fair value, 68 columns) no longer collected from holding companies under $5bn (share 0.72-1.00 -> 0.01-0.21 in tier 1; tier 2 unchanged at ~0.9).",MCP,2026-09-22
panel,pd30_multifam_lossshare,2019-09-30,2019-12-31,"2019Q4 burden-relief revision: Schedule HC-B held-to-maturity and available-for-sale securities detail (GNMA, FNMA, other MBS amortized cost and fair value, 68 columns) no longer collected from holding companies under $5bn (share 0.72-1.00 -> 0.01-0.21 in tier 1; tier 2 unchanged at ~0.9).",MCP,2026-09-22
panel,pd90_multifam_lossshare,2019-09-30,2019-12-31,"2019Q4 burden-relief revision: Schedule HC-B held-to-maturity and available-for-sale securities detail (GNMA, FNMA, other MBS amortized cost and fair value, 68 columns) no longer collected from holding companies under $5bn (share 0.72-1.00 -> 0.01-0.21 in tier 1; tier 2 unchanged at ~0.9).",MCP,2026-09-22
panel,na_multifam_lossshare,2019-09-30,2019-12-31,"2019Q4 burden-relief revision: Schedule HC-B held-to-maturity and available-for-sale securities detail (GNMA, FNMA, other MBS amortized cost and fair value, 68 columns) no longer collected from holding companies under $5bn (share 0.72-1.00 -> 0.01-0.21 in tier 1; tier 2 unchanged at ~0.9).",MCP,2026-09-22
panel,pd30_nfnres_owner_lossshare,2019-09-30,2019-12-31,"2019Q4 burden-relief revision: Schedule HC-B held-to-maturity and available-for-sale securities detail (GNMA, FNMA, other MBS amortized cost and fair value, 68 columns) no longer collected from holding companies under $5bn (share 0.72-1.00 -> 0.01-0.21 in tier 1; tier 2 unchanged at ~0.9).",MCP,2026-09-22
panel,pd90_nfnres_owner_lossshare,2019-09-30,2019-12-31,"2019Q4 burden-relief revision: Schedule HC-B held-to-maturity and available-for-sale securities detail (GNMA, FNMA, other MBS amortized cost and fair value, 68 columns) no longer collected from holding companies under $5bn (share 0.72-1.00 -> 0.01-0.21 in tier 1; tier 2 unchanged at ~0.9).",MCP,2026-09-22
panel,na_nfnres_owner_lossshare,2019-09-30,2019-12-31,"2019Q4 burden-relief revision: Schedule HC-B held-to-maturity and available-for-sale securities detail (GNMA, FNMA, other MBS amortized cost and fair value, 68 columns) no longer collected from holding companies under $5bn (share 0.72-1.00 -> 0.01-0.21 in tier 1; tier 2 unchanged at ~0.9).",MCP,2026-09-22
panel,pd30_nfnres_oth_lossshare,2019-09-30,2019-12-31,"2019Q4 burden-relief revision: Schedule HC-B held-to-maturity and available-for-sale securities detail (GNMA, FNMA, other MBS amortized cost and fair value, 68 columns) no longer collected from holding companies under $5bn (share 0.72-1.00 -> 0.01-0.21 in tier 1; tier 2 unchanged at ~0.9).",MCP,2026-09-22
panel,pd90_nfnres_oth_lossshare,2019-09-30,2019-12-31,"2019Q4 burden-relief revision: Schedule HC-B held-to-maturity and available-for-sale securities detail (GNMA, FNMA, other MBS amortized cost and fair value, 68 columns) no longer collected from holding companies under $5bn (share 0.72-1.00 -> 0.01-0.21 in tier 1; tier 2 unchanged at ~0.9).",MCP,2026-09-22
panel,na_nfnres_oth_lossshare,2019-09-30,2019-12-31,"2019Q4 burden-relief revision: Schedule HC-B held-to-maturity and available-for-sale securities detail (GNMA, FNMA, other MBS amortized cost and fair value, 68 columns) no longer collected from holding companies under $5bn (share 0.72-1.00 -> 0.01-0.21 in tier 1; tier 2 unchanged at ~0.9).",MCP,2026-09-22
panel,pd30_lease_f166,2019-09-30,2019-12-31,"2019Q4 burden-relief revision: Schedule HC-B held-to-maturity and available-for-sale securities detail (GNMA, FNMA, other MBS amortized cost and fair value, 68 columns) no longer collected from holding companies under $5bn (share 0.72-1.00 -> 0.01-0.21 in tier 1; tier 2 unchanged at ~0.9).",MCP,2026-09-22
panel,pd30_lease_f169,2019-09-30,2019-12-31,"2019Q4 burden-relief revision: Schedule HC-B held-to-maturity and available-for-sale securities detail (GNMA, FNMA, other MBS amortized cost and fair value, 68 columns) no longer collected from holding companies under $5bn (share 0.72-1.00 -> 0.01-0.21 in tier 1; tier 2 unchanged at ~0.9).",MCP,2026-09-22
panel,pd90_lease_f167,2019-09-30,2019-12-31,"2019Q4 burden-relief revision: Schedule HC-B held-to-maturity and available-for-sale securities detail (GNMA, FNMA, other MBS amortized cost and fair value, 68 columns) no longer collected from holding companies under $5bn (share 0.72-1.00 -> 0.01-0.21 in tier 1; tier 2 unchanged at ~0.9).",MCP,2026-09-22
panel,pd90_lease_f170,2019-09-30,2019-12-31,"2019Q4 burden-relief revision: Schedule HC-B held-to-maturity and available-for-sale securities detail (GNMA, FNMA, other MBS amortized cost and fair value, 68 columns) no longer collected from holding companies under $5bn (share 0.72-1.00 -> 0.01-0.21 in tier 1; tier 2 unchanged at ~0.9).",MCP,2026-09-22
panel,ytd_rec_forgovt,2019-09-30,2019-12-31,"2019Q4 burden-relief revision: Schedule HC-B held-to-maturity and available-for-sale securities detail (GNMA, FNMA, other MBS amortized cost and fair value, 68 columns) no longer collected from holding companies under $5bn (share 0.72-1.00 -> 0.01-0.21 in tier 1; tier 2 unchanged at ~0.9).",MCP,2026-09-22
panel,ytd_co_forgovt,2019-09-30,2019-12-31,"2019Q4 burden-relief revision: Schedule HC-B held-to-maturity and available-for-sale securities detail (GNMA, FNMA, other MBS amortized cost and fair value, 68 columns) no longer collected from holding companies under $5bn (share 0.72-1.00 -> 0.01-0.21 in tier 1; tier 2 unchanged at ~0.9).",MCP,2026-09-22
panel,ytd_cc_fees_reversed,2013-03-31,2013-06-30,Credit-card fee items (outstanding fees and finance charges; fees reversed) are conditional on credit-card lending; the population reporting them moves with the 2013Q2 revision.,MCP,2026-09-22
panel,ytd_cc_fees_reversed,2018-12-31,2019-03-31,Under-$5bn tier: credit-card commitment lines and credit-card fee items collected at Q2/Q4 only from 2019; transition quarters before the classifier has three years of the pattern.,MCP,2026-09-22
panel,ytd_cc_fees_reversed,2019-09-30,2019-12-31,"2019Q4 burden-relief revision: Schedule HC-B held-to-maturity and available-for-sale securities detail (GNMA, FNMA, other MBS amortized cost and fair value, 68 columns) no longer collected from holding companies under $5bn (share 0.72-1.00 -> 0.01-0.21 in tier 1; tier 2 unchanged at ~0.9).",MCP,2026-09-22
panel,acl_oth_fin_assets,2022-12-31,2023-03-31,CECL adoption by all remaining institutions at 2023Q1 (ASU 2016-13): the CECL allowance and provision items go from the early adopters (~0.03 of 051 filers) to nearly everyone.,MCP,2026-09-22
panel,ytd_provision_htm,2022-12-31,2023-03-31,CECL adoption by all remaining institutions at 2023Q1 (ASU 2016-13): the CECL allowance and provision items go from the early adopters (~0.03 of 051 filers) to nearly everyone.,MCP,2026-09-22
panel,ytd_provision_afs,2022-12-31,2023-03-31,CECL adoption by all remaining institutions at 2023Q1 (ASU 2016-13): the CECL allowance and provision items go from the early adopters (~0.03 of 051 filers) to nearly everyone.,MCP,2026-09-22
panel,ytd_provision_oth_fin,2022-12-31,2023-03-31,CECL adoption by all remaining institutions at 2023Q1 (ASU 2016-13): the CECL allowance and provision items go from the early adopters (~0.03 of 051 filers) to nearly everyone.,MCP,2026-09-22
panel,ytd_provision_obs,2022-12-31,2023-03-31,CECL adoption by all remaining institutions at 2023Q1 (ASU 2016-13): the CECL allowance and provision items go from the early adopters (~0.03 of 051 filers) to nearly everyone.,MCP,2026-09-22
panel,ac_htm_agency_exmbs_9418,2000-12-31,2001-03-31,"2001Q1 FR Y-9C revision: Schedule HC-B mortgage-backed securities detail extended to every filer (before 2001 only the larger holding companies, ~16% of the under-$5bn tier, reported it).",MCP,2026-09-22
panel,ac_htm_agency_exmbs,2000-12-31,2001-03-31,"2001Q1 FR Y-9C revision: Schedule HC-B mortgage-backed securities detail extended to every filer (before 2001 only the larger holding companies, ~16% of the under-$5bn tier, reported it).",MCP,2026-09-22
panel,fv_htm_agency_exmbs_9418,2000-12-31,2001-03-31,"2001Q1 FR Y-9C revision: Schedule HC-B mortgage-backed securities detail extended to every filer (before 2001 only the larger holding companies, ~16% of the under-$5bn tier, reported it).",MCP,2026-09-22
panel,fv_htm_agency_exmbs,2000-12-31,2001-03-31,"2001Q1 FR Y-9C revision: Schedule HC-B mortgage-backed securities detail extended to every filer (before 2001 only the larger holding companies, ~16% of the under-$5bn tier, reported it).",MCP,2026-09-22
panel,fv_afs_agency_exmbs_9418,2000-12-31,2001-03-31,"2001Q1 FR Y-9C revision: Schedule HC-B mortgage-backed securities detail extended to every filer (before 2001 only the larger holding companies, ~16% of the under-$5bn tier, reported it).",MCP,2026-09-22
panel,fv_afs_agency_exmbs,2000-12-31,2001-03-31,"2001Q1 FR Y-9C revision: Schedule HC-B mortgage-backed securities detail extended to every filer (before 2001 only the larger holding companies, ~16% of the under-$5bn tier, reported it).",MCP,2026-09-22
panel,ac_htm_gnma,2000-12-31,2001-03-31,"2001Q1 FR Y-9C revision: Schedule HC-B mortgage-backed securities detail extended to every filer (before 2001 only the larger holding companies, ~16% of the under-$5bn tier, reported it).",MCP,2026-09-22
panel,ac_htm_gnma,2019-09-30,2019-12-31,"2019Q4 burden-relief revision: Schedule HC-B held-to-maturity and available-for-sale securities detail (GNMA, FNMA, other MBS amortized cost and fair value, 68 columns) no longer collected from holding companies under $5bn (share 0.72-1.00 -> 0.01-0.21 in tier 1; tier 2 unchanged at ~0.9).",MCP,2026-09-22
panel,ac_htm_fnma,2000-12-31,2001-03-31,"2001Q1 FR Y-9C revision: Schedule HC-B mortgage-backed securities detail extended to every filer (before 2001 only the larger holding companies, ~16% of the under-$5bn tier, reported it).",MCP,2026-09-22
panel,ac_htm_fnma,2019-09-30,2019-12-31,"2019Q4 burden-relief revision: Schedule HC-B held-to-maturity and available-for-sale securities detail (GNMA, FNMA, other MBS amortized cost and fair value, 68 columns) no longer collected from holding companies under $5bn (share 0.72-1.00 -> 0.01-0.21 in tier 1; tier 2 unchanged at ~0.9).",MCP,2026-09-22
panel,ac_htm_mbs_pre18,2000-12-31,2001-03-31,"2001Q1 FR Y-9C revision: Schedule HC-B mortgage-backed securities detail extended to every filer (before 2001 only the larger holding companies, ~16% of the under-$5bn tier, reported it).",MCP,2026-09-22
panel,ac_htm_mbs_pre18,2019-09-30,2019-12-31,"2019Q4 burden-relief revision: Schedule HC-B held-to-maturity and available-for-sale securities detail (GNMA, FNMA, other MBS amortized cost and fair value, 68 columns) no longer collected from holding companies under $5bn (share 0.72-1.00 -> 0.01-0.21 in tier 1; tier 2 unchanged at ~0.9).",MCP,2026-09-22
panel,fv_htm_gnma,2000-12-31,2001-03-31,"2001Q1 FR Y-9C revision: Schedule HC-B mortgage-backed securities detail extended to every filer (before 2001 only the larger holding companies, ~16% of the under-$5bn tier, reported it).",MCP,2026-09-22
panel,fv_htm_gnma,2019-09-30,2019-12-31,"2019Q4 burden-relief revision: Schedule HC-B held-to-maturity and available-for-sale securities detail (GNMA, FNMA, other MBS amortized cost and fair value, 68 columns) no longer collected from holding companies under $5bn (share 0.72-1.00 -> 0.01-0.21 in tier 1; tier 2 unchanged at ~0.9).",MCP,2026-09-22
panel,fv_htm_fnma,2000-12-31,2001-03-31,"2001Q1 FR Y-9C revision: Schedule HC-B mortgage-backed securities detail extended to every filer (before 2001 only the larger holding companies, ~16% of the under-$5bn tier, reported it).",MCP,2026-09-22
panel,fv_htm_fnma,2019-09-30,2019-12-31,"2019Q4 burden-relief revision: Schedule HC-B held-to-maturity and available-for-sale securities detail (GNMA, FNMA, other MBS amortized cost and fair value, 68 columns) no longer collected from holding companies under $5bn (share 0.72-1.00 -> 0.01-0.21 in tier 1; tier 2 unchanged at ~0.9).",MCP,2026-09-22
panel,fv_htm_mbs_pre18,2000-12-31,2001-03-31,"2001Q1 FR Y-9C revision: Schedule HC-B mortgage-backed securities detail extended to every filer (before 2001 only the larger holding companies, ~16% of the under-$5bn tier, reported it).",MCP,2026-09-22
panel,fv_htm_mbs_pre18,2019-09-30,2019-12-31,"2019Q4 burden-relief revision: Schedule HC-B held-to-maturity and available-for-sale securities detail (GNMA, FNMA, other MBS amortized cost and fair value, 68 columns) no longer collected from holding companies under $5bn (share 0.72-1.00 -> 0.01-0.21 in tier 1; tier 2 unchanged at ~0.9).",MCP,2026-09-22
panel,fv_afs_gnma,2000-12-31,2001-03-31,"2001Q1 FR Y-9C revision: Schedule HC-B mortgage-backed securities detail extended to every filer (before 2001 only the larger holding companies, ~16% of the under-$5bn tier, reported it).",MCP,2026-09-22
panel,fv_afs_gnma,2019-09-30,2019-12-31,"2019Q4 burden-relief revision: Schedule HC-B held-to-maturity and available-for-sale securities detail (GNMA, FNMA, other MBS amortized cost and fair value, 68 columns) no longer collected from holding companies under $5bn (share 0.72-1.00 -> 0.01-0.21 in tier 1; tier 2 unchanged at ~0.9).",MCP,2026-09-22
panel,fv_afs_fnma,2000-12-31,2001-03-31,"2001Q1 FR Y-9C revision: Schedule HC-B mortgage-backed securities detail extended to every filer (before 2001 only the larger holding companies, ~16% of the under-$5bn tier, reported it).",MCP,2026-09-22
panel,fv_afs_fnma,2019-09-30,2019-12-31,"2019Q4 burden-relief revision: Schedule HC-B held-to-maturity and available-for-sale securities detail (GNMA, FNMA, other MBS amortized cost and fair value, 68 columns) no longer collected from holding companies under $5bn (share 0.72-1.00 -> 0.01-0.21 in tier 1; tier 2 unchanged at ~0.9).",MCP,2026-09-22
panel,fv_afs_mbs_pre18,2000-12-31,2001-03-31,"2001Q1 FR Y-9C revision: Schedule HC-B mortgage-backed securities detail extended to every filer (before 2001 only the larger holding companies, ~16% of the under-$5bn tier, reported it).",MCP,2026-09-22
panel,fv_afs_mbs_pre18,2019-09-30,2019-12-31,"2019Q4 burden-relief revision: Schedule HC-B held-to-maturity and available-for-sale securities detail (GNMA, FNMA, other MBS amortized cost and fair value, 68 columns) no longer collected from holding companies under $5bn (share 0.72-1.00 -> 0.01-0.21 in tier 1; tier 2 unchanged at ~0.9).",MCP,2026-09-22
panel,ac_htm_abs_pre06,2008-06-30,2008-09-30,"Fair-value-option loan items became reportable only by holding companies electing the fair value option; on the FR Y-9C the election takes effect at 2008Q3 (2008Q4 on the Call Report). Conditional item, not a break.",MCP,2026-09-22
panel,ac_htm_abs_pre06,2008-09-30,2008-12-31,HC-B asset-backed securities detail extended to the under-$5bn tier at 2008Q4 (share 0.54 -> 1.00).,MCP,2026-09-22
panel,ac_htm_abs_pre06,2010-12-31,2011-03-31,2011Q1 revision: HC-B asset-backed securities detail becomes threshold-conditional (share falls to 0.06-0.50 = holding companies above the threshold).,MCP,2026-09-22
panel,ac_htm_abs_pre06,2018-03-31,2018-06-30,2018Q2 burden-relief revision: RC-B ABS detail and the RC-K quarterly-average trading assets became reportable only above thresholds ($10m trading assets for the average). Share falls to ~0.05-0.06 = banks above the threshold.,MCP,2026-09-22
panel,fv_htm_abs_pre06,2008-06-30,2008-09-30,"Fair-value-option loan items became reportable only by holding companies electing the fair value option; on the FR Y-9C the election takes effect at 2008Q3 (2008Q4 on the Call Report). Conditional item, not a break.",MCP,2026-09-22
panel,fv_htm_abs_pre06,2008-09-30,2008-12-31,HC-B asset-backed securities detail extended to the under-$5bn tier at 2008Q4 (share 0.54 -> 1.00).,MCP,2026-09-22
panel,fv_htm_abs_pre06,2010-12-31,2011-03-31,2011Q1 revision: HC-B asset-backed securities detail becomes threshold-conditional (share falls to 0.06-0.50 = holding companies above the threshold).,MCP,2026-09-22
panel,fv_htm_abs_pre06,2018-03-31,2018-06-30,2018Q2 burden-relief revision: RC-B ABS detail and the RC-K quarterly-average trading assets became reportable only above thresholds ($10m trading assets for the average). Share falls to ~0.05-0.06 = banks above the threshold.,MCP,2026-09-22
panel,fv_afs_abs_pre06,2008-06-30,2008-09-30,"Fair-value-option loan items became reportable only by holding companies electing the fair value option; on the FR Y-9C the election takes effect at 2008Q3 (2008Q4 on the Call Report). Conditional item, not a break.",MCP,2026-09-22
panel,fv_afs_abs_pre06,2008-09-30,2008-12-31,HC-B asset-backed securities detail extended to the under-$5bn tier at 2008Q4 (share 0.54 -> 1.00).,MCP,2026-09-22
panel,fv_afs_abs_pre06,2010-12-31,2011-03-31,2011Q1 revision: HC-B asset-backed securities detail becomes threshold-conditional (share falls to 0.06-0.50 = holding companies above the threshold).,MCP,2026-09-22
panel,fv_afs_abs_pre06,2018-03-31,2018-06-30,2018Q2 burden-relief revision: RC-B ABS detail and the RC-K quarterly-average trading assets became reportable only above thresholds ($10m trading assets for the average). Share falls to ~0.05-0.06 = banks above the threshold.,MCP,2026-09-22
panel,equitysec,2000-12-31,2001-03-31,"2001Q1 FR Y-9C revision: Schedule HC-B mortgage-backed securities detail extended to every filer (before 2001 only the larger holding companies, ~16% of the under-$5bn tier, reported it).",MCP,2026-09-22
panel,ac_htm_ombs_1,2000-12-31,2001-03-31,"2001Q1 FR Y-9C revision: Schedule HC-B mortgage-backed securities detail extended to every filer (before 2001 only the larger holding companies, ~16% of the under-$5bn tier, reported it).",MCP,2026-09-22
panel,ac_htm_ombs_2,2000-12-31,2001-03-31,"2001Q1 FR Y-9C revision: Schedule HC-B mortgage-backed securities detail extended to every filer (before 2001 only the larger holding companies, ~16% of the under-$5bn tier, reported it).",MCP,2026-09-22
panel,ac_htm_ombs_3,2000-12-31,2001-03-31,"2001Q1 FR Y-9C revision: Schedule HC-B mortgage-backed securities detail extended to every filer (before 2001 only the larger holding companies, ~16% of the under-$5bn tier, reported it).",MCP,2026-09-22
panel,ac_htm_ombs,2000-12-31,2001-03-31,"2001Q1 FR Y-9C revision: Schedule HC-B mortgage-backed securities detail extended to every filer (before 2001 only the larger holding companies, ~16% of the under-$5bn tier, reported it).",MCP,2026-09-22
panel,ac_htm_ombs,2019-09-30,2019-12-31,"2019Q4 burden-relief revision: Schedule HC-B held-to-maturity and available-for-sale securities detail (GNMA, FNMA, other MBS amortized cost and fair value, 68 columns) no longer collected from holding companies under $5bn (share 0.72-1.00 -> 0.01-0.21 in tier 1; tier 2 unchanged at ~0.9).",MCP,2026-09-22
panel,fv_htm_ombs_1,2000-12-31,2001-03-31,"2001Q1 FR Y-9C revision: Schedule HC-B mortgage-backed securities detail extended to every filer (before 2001 only the larger holding companies, ~16% of the under-$5bn tier, reported it).",MCP,2026-09-22
panel,fv_htm_ombs_2,2000-12-31,2001-03-31,"2001Q1 FR Y-9C revision: Schedule HC-B mortgage-backed securities detail extended to every filer (before 2001 only the larger holding companies, ~16% of the under-$5bn tier, reported it).",MCP,2026-09-22
panel,fv_htm_ombs_3,2000-12-31,2001-03-31,"2001Q1 FR Y-9C revision: Schedule HC-B mortgage-backed securities detail extended to every filer (before 2001 only the larger holding companies, ~16% of the under-$5bn tier, reported it).",MCP,2026-09-22
panel,fv_htm_ombs,2000-12-31,2001-03-31,"2001Q1 FR Y-9C revision: Schedule HC-B mortgage-backed securities detail extended to every filer (before 2001 only the larger holding companies, ~16% of the under-$5bn tier, reported it).",MCP,2026-09-22
panel,fv_htm_ombs,2019-09-30,2019-12-31,"2019Q4 burden-relief revision: Schedule HC-B held-to-maturity and available-for-sale securities detail (GNMA, FNMA, other MBS amortized cost and fair value, 68 columns) no longer collected from holding companies under $5bn (share 0.72-1.00 -> 0.01-0.21 in tier 1; tier 2 unchanged at ~0.9).",MCP,2026-09-22
panel,fv_afs_ombs_1,2000-12-31,2001-03-31,"2001Q1 FR Y-9C revision: Schedule HC-B mortgage-backed securities detail extended to every filer (before 2001 only the larger holding companies, ~16% of the under-$5bn tier, reported it).",MCP,2026-09-22
panel,fv_afs_ombs_2,2000-12-31,2001-03-31,"2001Q1 FR Y-9C revision: Schedule HC-B mortgage-backed securities detail extended to every filer (before 2001 only the larger holding companies, ~16% of the under-$5bn tier, reported it).",MCP,2026-09-22
panel,fv_afs_ombs_3,2000-12-31,2001-03-31,"2001Q1 FR Y-9C revision: Schedule HC-B mortgage-backed securities detail extended to every filer (before 2001 only the larger holding companies, ~16% of the under-$5bn tier, reported it).",MCP,2026-09-22
panel,fv_afs_ombs,2000-12-31,2001-03-31,"2001Q1 FR Y-9C revision: Schedule HC-B mortgage-backed securities detail extended to every filer (before 2001 only the larger holding companies, ~16% of the under-$5bn tier, reported it).",MCP,2026-09-22
panel,fv_afs_ombs,2019-09-30,2019-12-31,"2019Q4 burden-relief revision: Schedule HC-B held-to-maturity and available-for-sale securities detail (GNMA, FNMA, other MBS amortized cost and fair value, 68 columns) no longer collected from holding companies under $5bn (share 0.72-1.00 -> 0.01-0.21 in tier 1; tier 2 unchanged at ~0.9).",MCP,2026-09-22
panel,fv_ln_famres_pre18,2008-06-30,2008-09-30,"Fair-value-option loan items became reportable only by holding companies electing the fair value option; on the FR Y-9C the election takes effect at 2008Q3 (2008Q4 on the Call Report). Conditional item, not a break.",MCP,2026-09-22
panel,fv_ln_famres,2008-06-30,2008-09-30,"Fair-value-option loan items became reportable only by holding companies electing the fair value option; on the FR Y-9C the election takes effect at 2008Q3 (2008Q4 on the Call Report). Conditional item, not a break.",MCP,2026-09-22
panel,fv_ln_othres_pre18,2008-06-30,2008-09-30,"Fair-value-option loan items became reportable only by holding companies electing the fair value option; on the FR Y-9C the election takes effect at 2008Q3 (2008Q4 on the Call Report). Conditional item, not a break.",MCP,2026-09-22
panel,fv_ln_othres,2008-06-30,2008-09-30,"Fair-value-option loan items became reportable only by holding companies electing the fair value option; on the FR Y-9C the election takes effect at 2008Q3 (2008Q4 on the Call Report). Conditional item, not a break.",MCP,2026-09-22
panel,fv_ln_res,2008-06-30,2008-09-30,"Fair-value-option loan items became reportable only by holding companies electing the fair value option; on the FR Y-9C the election takes effect at 2008Q3 (2008Q4 on the Call Report). Conditional item, not a break.",MCP,2026-09-22
panel,fv_ln_cons_pre18,2008-06-30,2008-09-30,"Fair-value-option loan items became reportable only by holding companies electing the fair value option; on the FR Y-9C the election takes effect at 2008Q3 (2008Q4 on the Call Report). Conditional item, not a break.",MCP,2026-09-22
panel,fv_ln_cons,2008-06-30,2008-09-30,"Fair-value-option loan items became reportable only by holding companies electing the fair value option; on the FR Y-9C the election takes effect at 2008Q3 (2008Q4 on the Call Report). Conditional item, not a break.",MCP,2026-09-22
panel,trad_revaluation_net,2001-09-30,2001-12-31,HC-D trading detail is conditional on trading activity; population and threshold changes in the 2001 revision move the share of filers with a value.,MCP,2026-09-22
panel,trad_revaluation_net,2003-06-30,2003-09-30,"Predecessor-institution memorandum (BHBC, Schedule HI) introduced 2003Q1: for its first two quarters most filers wrote zeros; from 2003Q3 only acquirers fill it in (share of NON-ZERO values unchanged). Representation change, not a break -- and 2003Q1-Q2 zeros are not evidence of no acquisition.",MCP,2026-09-22
panel,trad_revaluation_net,2007-12-31,2008-03-31,2008Q1 revision of Schedule HC-D: trading detail collected from all holding companies with trading assets above the threshold (share rises from 0.05-0.59 to 0.46-0.83).,MCP,2026-09-22
panel,trad_revaluation_net,2009-03-31,2009-06-30,2009Q2 revision of Schedule HC-D: trading detail reported by all trading holding companies from 2009Q2; the population reporting each line item changes with it.,MCP,2026-09-22
panel,credit_card_fees_finance_charges_outstanding,2013-03-31,2013-06-30,Credit-card fee items (outstanding fees and finance charges; fees reversed) are conditional on credit-card lending; the population reporting them moves with the 2013Q2 revision.,MCP,2026-09-22
panel,credit_card_fees_finance_charges_outstanding,2023-12-31,2024-03-31,Credit-card fee items ($5bn-and-over tier): conditional on credit-card lending; share moves with the 2024Q1 revision.,MCP,2026-09-22
panel,upb_ln_ci_fv,2008-06-30,2008-09-30,"Fair-value-option loan items became reportable only by holding companies electing the fair value option; on the FR Y-9C the election takes effect at 2008Q3 (2008Q4 on the Call Report). Conditional item, not a break.",MCP,2026-09-22
panel,upb_ln_oth_fv,2008-06-30,2008-09-30,"Fair-value-option loan items became reportable only by holding companies electing the fair value option; on the FR Y-9C the election takes effect at 2008Q3 (2008Q4 on the Call Report). Conditional item, not a break.",MCP,2026-09-22
panel,trad_ust,2000-12-31,2001-03-31,"2001Q1 form consolidation: FFIEC 032/033/034 folded into the 041. Before 2001 the inferred 041 bucket is mostly 032/033/034 filers, whose forms did not collect these items (share ~0.12 = the true 041 filers); from 2001Q1 every 041 filer reports them. A population change in the bucket, not a reporting break.",MCP,2026-09-22
panel,trad_ust,2007-12-31,2008-03-31,2008Q1 revision of Schedule HC-D: trading detail collected from all holding companies with trading assets above the threshold (share rises from 0.05-0.59 to 0.46-0.83).,MCP,2026-09-22
panel,trad_ust,2009-03-31,2009-06-30,2009Q2 revision of Schedule HC-D: trading detail reported by all trading holding companies from 2009Q2; the population reporting each line item changes with it.,MCP,2026-09-22
panel,trad_usagency,2000-12-31,2001-03-31,"2001Q1 form consolidation: FFIEC 032/033/034 folded into the 041. Before 2001 the inferred 041 bucket is mostly 032/033/034 filers, whose forms did not collect these items (share ~0.12 = the true 041 filers); from 2001Q1 every 041 filer reports them. A population change in the bucket, not a reporting break.",MCP,2026-09-22
panel,trad_usagency,2007-12-31,2008-03-31,2008Q1 revision of Schedule HC-D: trading detail collected from all holding companies with trading assets above the threshold (share rises from 0.05-0.59 to 0.46-0.83).,MCP,2026-09-22
panel,trad_usagency,2009-03-31,2009-06-30,2009Q2 revision of Schedule HC-D: trading detail reported by all trading holding companies from 2009Q2; the population reporting each line item changes with it.,MCP,2026-09-22
panel,trad_states,2000-12-31,2001-03-31,"2001Q1 form consolidation: FFIEC 032/033/034 folded into the 041. Before 2001 the inferred 041 bucket is mostly 032/033/034 filers, whose forms did not collect these items (share ~0.12 = the true 041 filers); from 2001Q1 every 041 filer reports them. A population change in the bucket, not a reporting break.",MCP,2026-09-22
panel,trad_states,2007-12-31,2008-03-31,2008Q1 revision of Schedule HC-D: trading detail collected from all holding companies with trading assets above the threshold (share rises from 0.05-0.59 to 0.46-0.83).,MCP,2026-09-22
panel,trad_states,2009-03-31,2009-06-30,2009Q2 revision of Schedule HC-D: trading detail reported by all trading holding companies from 2009Q2; the population reporting each line item changes with it.,MCP,2026-09-22
panel,trad_oth_dom_off,2000-12-31,2001-03-31,"2001Q1 form consolidation: FFIEC 032/033/034 folded into the 041. Before 2001 the inferred 041 bucket is mostly 032/033/034 filers, whose forms did not collect these items (share ~0.12 = the true 041 filers); from 2001Q1 every 041 filer reports them. A population change in the bucket, not a reporting break.",MCP,2026-09-22
panel,trad_oth_dom_off,2007-12-31,2008-03-31,2008Q1 revision of Schedule HC-D: trading detail collected from all holding companies with trading assets above the threshold (share rises from 0.05-0.59 to 0.46-0.83).,MCP,2026-09-22
panel,trad_oth_dom_off,2009-03-31,2009-06-30,2009Q2 revision of Schedule HC-D: trading detail reported by all trading holding companies from 2009Q2; the population reporting each line item changes with it.,MCP,2026-09-22
panel,trad_revaluation_gains,2000-12-31,2001-03-31,"2001Q1 form consolidation: FFIEC 032/033/034 folded into the 041. Before 2001 the inferred 041 bucket is mostly 032/033/034 filers, whose forms did not collect these items (share ~0.12 = the true 041 filers); from 2001Q1 every 041 filer reports them. A population change in the bucket, not a reporting break.",MCP,2026-09-22
panel,trad_revaluation_gains,2007-12-31,2008-03-31,2008Q1 revision of Schedule HC-D: trading detail collected from all holding companies with trading assets above the threshold (share rises from 0.05-0.59 to 0.46-0.83).,MCP,2026-09-22
panel,trad_revaluation_gains,2009-03-31,2009-06-30,2009Q2 revision of Schedule HC-D: trading detail reported by all trading holding companies from 2009Q2; the population reporting each line item changes with it.,MCP,2026-09-22
panel,trad_revaluation_losses,2000-12-31,2001-03-31,"2001Q1 form consolidation: FFIEC 032/033/034 folded into the 041. Before 2001 the inferred 041 bucket is mostly 032/033/034 filers, whose forms did not collect these items (share ~0.12 = the true 041 filers); from 2001Q1 every 041 filer reports them. A population change in the bucket, not a reporting break.",MCP,2026-09-22
panel,trad_revaluation_losses,2005-12-31,2006-03-31,HC-D trading revaluation losses: reported by trading holding companies only; the share moves with the reporting threshold in force.,MCP,2026-09-22
panel,trad_revaluation_losses,2007-03-31,2007-06-30,HC-D trading revaluation losses: reported by trading holding companies only; the share moves with the reporting threshold in force.,MCP,2026-09-22
panel,trad_revaluation_losses,2007-12-31,2008-03-31,2008Q1 revision of Schedule HC-D: trading detail collected from all holding companies with trading assets above the threshold (share rises from 0.05-0.59 to 0.46-0.83).,MCP,2026-09-22
panel,trad_revaluation_losses,2009-03-31,2009-06-30,2009Q2 revision of Schedule HC-D: trading detail reported by all trading holding companies from 2009Q2; the population reporting each line item changes with it.,MCP,2026-09-22
panel,trad_liab_short_positions,2000-12-31,2001-03-31,"2001Q1 form consolidation: FFIEC 032/033/034 folded into the 041. Before 2001 the inferred 041 bucket is mostly 032/033/034 filers, whose forms did not collect these items (share ~0.12 = the true 041 filers); from 2001Q1 every 041 filer reports them. A population change in the bucket, not a reporting break.",MCP,2026-09-22
panel,trad_liab_short_positions,2001-09-30,2001-12-31,HC-D trading detail is conditional on trading activity; population and threshold changes in the 2001 revision move the share of filers with a value.,MCP,2026-09-22
panel,trad_liab_short_positions,2007-12-31,2008-03-31,2008Q1 revision of Schedule HC-D: trading detail collected from all holding companies with trading assets above the threshold (share rises from 0.05-0.59 to 0.46-0.83).,MCP,2026-09-22
panel,trad_ln_ci,2009-03-31,2009-06-30,2009Q2 revision of Schedule HC-D: trading detail reported by all trading holding companies from 2009Q2; the population reporting each line item changes with it.,MCP,2026-09-22
panel,trad_ln_oth,2009-03-31,2009-06-30,2009Q2 revision of Schedule HC-D: trading detail reported by all trading holding companies from 2009Q2; the population reporting each line item changes with it.,MCP,2026-09-22
panel,trad_liab_oth,2009-03-31,2009-06-30,2009Q2 revision of Schedule HC-D: trading detail reported by all trading holding companies from 2009Q2; the population reporting each line item changes with it.,MCP,2026-09-22
panel,trad_ln_re_0818,2009-03-31,2009-06-30,2009Q2 revision of Schedule HC-D: trading detail reported by all trading holding companies from 2009Q2; the population reporting each line item changes with it.,MCP,2026-09-22
panel,trad_ln_indiv_a_0818,2009-03-31,2009-06-30,2009Q2 revision of Schedule HC-D: trading detail reported by all trading holding companies from 2009Q2; the population reporting each line item changes with it.,MCP,2026-09-22
panel,trad_ln_indiv_b_0818,2009-03-31,2009-06-30,2009Q2 revision of Schedule HC-D: trading detail reported by all trading holding companies from 2009Q2; the population reporting each line item changes with it.,MCP,2026-09-22
panel,trad_upb_ln_0818,2009-03-31,2009-06-30,2009Q2 revision of Schedule HC-D: trading detail reported by all trading holding companies from 2009Q2; the population reporting each line item changes with it.,MCP,2026-09-22
panel,trad_upb_ln_oth,2009-03-31,2009-06-30,2009Q2 revision of Schedule HC-D: trading detail reported by all trading holding companies from 2009Q2; the population reporting each line item changes with it.,MCP,2026-09-22
panel,trad_abs_0810,2010-12-31,2011-03-31,2011Q1 revision: HC-B asset-backed securities detail becomes threshold-conditional (share falls to 0.06-0.50 = holding companies above the threshold).,MCP,2026-09-22
panel,qavg_trading_assets,2018-03-31,2018-06-30,2018Q2 burden-relief revision: RC-B ABS detail and the RC-K quarterly-average trading assets became reportable only above thresholds ($10m trading assets for the average). Share falls to ~0.05-0.06 = banks above the threshold.,MCP,2026-09-22
panel,pd90_tot_1407,1990-06-30,1990-09-30,"1990Q3 FR Y-9C revision: nonaccrual/past-due totals, OREO and foreign-office interest expense recoded (pre-1990 codes not yet mapped; see review/y9c_dropped.csv). Open item, not a break in reporting.",MCP,2026-09-22
panel,pd30_hfs_fv,2008-03-31,2008-06-30,"Held-for-sale and fair-value RC-N memoranda (na_hfs_*, pd30/pd90_hfs_*) and the 1-4 family HFS items were introduced or extended to all filers at 2008Q2.",MCP,2026-09-22
panel,pd90_hfs_fv,2008-03-31,2008-06-30,"Held-for-sale and fair-value RC-N memoranda (na_hfs_*, pd30/pd90_hfs_*) and the 1-4 family HFS items were introduced or extended to all filers at 2008Q2.",MCP,2026-09-22
panel,na_hfs_fv,2008-03-31,2008-06-30,"Held-for-sale and fair-value RC-N memoranda (na_hfs_*, pd30/pd90_hfs_*) and the 1-4 family HFS items were introduced or extended to all filers at 2008Q2.",MCP,2026-09-22
panel,pd30_hfs_upb,2008-03-31,2008-06-30,"Held-for-sale and fair-value RC-N memoranda (na_hfs_*, pd30/pd90_hfs_*) and the 1-4 family HFS items were introduced or extended to all filers at 2008Q2.",MCP,2026-09-22
panel,pd90_hfs_upb,2008-03-31,2008-06-30,"Held-for-sale and fair-value RC-N memoranda (na_hfs_*, pd30/pd90_hfs_*) and the 1-4 family HFS items were introduced or extended to all filers at 2008Q2.",MCP,2026-09-22
panel,na_hfs_upb,2008-03-31,2008-06-30,"Held-for-sale and fair-value RC-N memoranda (na_hfs_*, pd30/pd90_hfs_*) and the 1-4 family HFS items were introduced or extended to all filers at 2008Q2.",MCP,2026-09-22
panel,pci_balance_pd30,2018-06-30,2018-09-30,"2018Q3 burden-relief revision: purchased-credit-impaired items, HTM sold/transferred, negative-amortization loans and credit-card commitment lines moved from quarterly to semiannual (Q2/Q4) collection. Raw coverage 0.99/0.99/0.05/0.99 in 2018 and 0.05/0.98/0.05/0.98 in 2019. The classifier declares the new frequency after three years; these are the transition quarters.",MCP,2026-09-22
panel,pci_balance_pd30,2018-09-30,2018-12-31,Same as 2018-09-30: the Q4 half of the new semiannual pattern.,MCP,2026-09-22
panel,pci_balance_pd30,2019-12-31,2020-06-30,"2020Q2: the ASU 2016-01 adoption wave for smaller reporting companies -- equity securities move from the AFS lines (A511 / 9720) to JA22; on the 031 the purchased-credit-impaired items fall to the non-CECL-adopters (PCI is a pre-CECL concept). Adoption timing, not a break.",MCP,2026-09-22
panel,pci_balance_pd30,2022-12-31,2023-06-30,Purchased-credit-impaired items are a pre-CECL concept; after CECL became universal at 2023Q1 they are reported by a ~4% residual and retired. Not a break.,MCP,2026-09-22
panel,pci_balance_pd90,2018-06-30,2018-09-30,"2018Q3 burden-relief revision: purchased-credit-impaired items, HTM sold/transferred, negative-amortization loans and credit-card commitment lines moved from quarterly to semiannual (Q2/Q4) collection. Raw coverage 0.99/0.99/0.05/0.99 in 2018 and 0.05/0.98/0.05/0.98 in 2019. The classifier declares the new frequency after three years; these are the transition quarters.",MCP,2026-09-22
panel,pci_balance_pd90,2018-09-30,2018-12-31,Same as 2018-09-30: the Q4 half of the new semiannual pattern.,MCP,2026-09-22
panel,pci_balance_pd90,2019-12-31,2020-06-30,"2020Q2: the ASU 2016-01 adoption wave for smaller reporting companies -- equity securities move from the AFS lines (A511 / 9720) to JA22; on the 031 the purchased-credit-impaired items fall to the non-CECL-adopters (PCI is a pre-CECL concept). Adoption timing, not a break.",MCP,2026-09-22
panel,pci_balance_pd90,2022-12-31,2023-06-30,Purchased-credit-impaired items are a pre-CECL concept; after CECL became universal at 2023Q1 they are reported by a ~4% residual and retired. Not a break.,MCP,2026-09-22
panel,pci_balance_na,2018-06-30,2018-09-30,"2018Q3 burden-relief revision: purchased-credit-impaired items, HTM sold/transferred, negative-amortization loans and credit-card commitment lines moved from quarterly to semiannual (Q2/Q4) collection. Raw coverage 0.99/0.99/0.05/0.99 in 2018 and 0.05/0.98/0.05/0.98 in 2019. The classifier declares the new frequency after three years; these are the transition quarters.",MCP,2026-09-22
panel,pci_balance_na,2018-09-30,2018-12-31,Same as 2018-09-30: the Q4 half of the new semiannual pattern.,MCP,2026-09-22
panel,pci_balance_na,2019-12-31,2020-06-30,"2020Q2: the ASU 2016-01 adoption wave for smaller reporting companies -- equity securities move from the AFS lines (A511 / 9720) to JA22; on the 031 the purchased-credit-impaired items fall to the non-CECL-adopters (PCI is a pre-CECL concept). Adoption timing, not a break.",MCP,2026-09-22
panel,pci_balance_na,2022-12-31,2023-06-30,Purchased-credit-impaired items are a pre-CECL concept; after CECL became universal at 2023Q1 they are reported by a ~4% residual and retired. Not a break.,MCP,2026-09-22
panel,pci_carrying_pd30,2018-06-30,2018-09-30,"2018Q3 burden-relief revision: purchased-credit-impaired items, HTM sold/transferred, negative-amortization loans and credit-card commitment lines moved from quarterly to semiannual (Q2/Q4) collection. Raw coverage 0.99/0.99/0.05/0.99 in 2018 and 0.05/0.98/0.05/0.98 in 2019. The classifier declares the new frequency after three years; these are the transition quarters.",MCP,2026-09-22
panel,pci_carrying_pd30,2018-09-30,2018-12-31,Same as 2018-09-30: the Q4 half of the new semiannual pattern.,MCP,2026-09-22
panel,pci_carrying_pd30,2019-12-31,2020-06-30,"2020Q2: the ASU 2016-01 adoption wave for smaller reporting companies -- equity securities move from the AFS lines (A511 / 9720) to JA22; on the 031 the purchased-credit-impaired items fall to the non-CECL-adopters (PCI is a pre-CECL concept). Adoption timing, not a break.",MCP,2026-09-22
panel,pci_carrying_pd30,2022-12-31,2023-06-30,Purchased-credit-impaired items are a pre-CECL concept; after CECL became universal at 2023Q1 they are reported by a ~4% residual and retired. Not a break.,MCP,2026-09-22
panel,pci_carrying_pd90,2018-06-30,2018-09-30,"2018Q3 burden-relief revision: purchased-credit-impaired items, HTM sold/transferred, negative-amortization loans and credit-card commitment lines moved from quarterly to semiannual (Q2/Q4) collection. Raw coverage 0.99/0.99/0.05/0.99 in 2018 and 0.05/0.98/0.05/0.98 in 2019. The classifier declares the new frequency after three years; these are the transition quarters.",MCP,2026-09-22
panel,pci_carrying_pd90,2018-09-30,2018-12-31,Same as 2018-09-30: the Q4 half of the new semiannual pattern.,MCP,2026-09-22
panel,pci_carrying_pd90,2019-12-31,2020-06-30,"2020Q2: the ASU 2016-01 adoption wave for smaller reporting companies -- equity securities move from the AFS lines (A511 / 9720) to JA22; on the 031 the purchased-credit-impaired items fall to the non-CECL-adopters (PCI is a pre-CECL concept). Adoption timing, not a break.",MCP,2026-09-22
panel,pci_carrying_pd90,2022-12-31,2023-06-30,Purchased-credit-impaired items are a pre-CECL concept; after CECL became universal at 2023Q1 they are reported by a ~4% residual and retired. Not a break.,MCP,2026-09-22
panel,pci_carrying_na,2018-06-30,2018-09-30,"2018Q3 burden-relief revision: purchased-credit-impaired items, HTM sold/transferred, negative-amortization loans and credit-card commitment lines moved from quarterly to semiannual (Q2/Q4) collection. Raw coverage 0.99/0.99/0.05/0.99 in 2018 and 0.05/0.98/0.05/0.98 in 2019. The classifier declares the new frequency after three years; these are the transition quarters.",MCP,2026-09-22
panel,pci_carrying_na,2018-09-30,2018-12-31,Same as 2018-09-30: the Q4 half of the new semiannual pattern.,MCP,2026-09-22
panel,pci_carrying_na,2019-12-31,2020-06-30,"2020Q2: the ASU 2016-01 adoption wave for smaller reporting companies -- equity securities move from the AFS lines (A511 / 9720) to JA22; on the 031 the purchased-credit-impaired items fall to the non-CECL-adopters (PCI is a pre-CECL concept). Adoption timing, not a break.",MCP,2026-09-22
panel,pci_carrying_na,2022-12-31,2023-06-30,Purchased-credit-impaired items are a pre-CECL concept; after CECL became universal at 2023Q1 they are reported by a ~4% residual and retired. Not a break.,MCP,2026-09-22
panel,cet1_common_stock_surplus,2014-12-31,2015-03-31,"Basel III phase-in: advanced approaches institutions adopted the revised capital rule on 2014-01-01, everyone else on 2015-01-01. The common equity tier 1 items therefore exist for ~19pct of 031 filers through 2014Q4 (the early adopters) and for every filer from 2015Q1. Regulatory timing, not a break.",MCP,2026-09-22
panel,cet1_minority_interest,2014-12-31,2015-03-31,"Basel III phase-in: advanced approaches institutions adopted the revised capital rule on 2014-01-01, everyone else on 2015-01-01. The common equity tier 1 items therefore exist for ~19pct of 031 filers through 2014Q4 (the early adopters) and for every filer from 2015Q1. Regulatory timing, not a break.",MCP,2026-09-22
panel,tier1_minority_interest_not_cet1,2014-12-31,2015-03-31,"Basel III phase-in: advanced approaches institutions adopted the revised capital rule on 2014-01-01, everyone else on 2015-01-01. The common equity tier 1 items therefore exist for ~19pct of 031 filers through 2014Q4 (the early adopters) and for every filer from 2015Q1. Regulatory timing, not a break.",MCP,2026-09-22
panel,ytd_cc_fees_reversed,2013-03-31,2013-06-30,Credit-card fee items (outstanding fees and finance charges; fees reversed) are conditional on credit-card lending; the population reporting them moves with the 2013Q2 revision.,MCP,2026-09-22
panel,ytd_cc_fees_reversed,2023-12-31,2024-03-31,Credit-card fee items ($5bn-and-over tier): conditional on credit-card lending; share moves with the 2024Q1 revision.,MCP,2026-09-22
panel,acl_oth_fin_assets,2019-12-31,2020-03-31,"2020Q1: CECL adoption by the large holding companies (tier 2, $5bn and over) -- the CECL amortized-cost and HTM allowance items begin for adopters; the rest adopt at 2023Q1.",MCP,2026-09-22
panel,acl_oth_fin_assets,2022-12-31,2023-03-31,CECL adoption by all remaining institutions at 2023Q1 (ASU 2016-13): the CECL allowance and provision items go from the early adopters (~0.03 of 051 filers) to nearly everyone.,MCP,2026-09-22
panel,ytd_provision_htm,2019-12-31,2020-03-31,"2020Q1: CECL adoption by the large holding companies (tier 2, $5bn and over) -- the CECL amortized-cost and HTM allowance items begin for adopters; the rest adopt at 2023Q1.",MCP,2026-09-22
panel,ytd_provision_afs,2019-12-31,2020-03-31,"2020Q1: CECL adoption by the large holding companies (tier 2, $5bn and over) -- the CECL amortized-cost and HTM allowance items begin for adopters; the rest adopt at 2023Q1.",MCP,2026-09-22
panel,ytd_provision_oth_fin,2019-12-31,2020-03-31,"2020Q1: CECL adoption by the large holding companies (tier 2, $5bn and over) -- the CECL amortized-cost and HTM allowance items begin for adopters; the rest adopt at 2023Q1.",MCP,2026-09-22
panel,ytd_provision_oth_fin,2022-12-31,2023-03-31,CECL adoption by all remaining institutions at 2023Q1 (ASU 2016-13): the CECL allowance and provision items go from the early adopters (~0.03 of 051 filers) to nearly everyone.,MCP,2026-09-22
panel,ytd_provision_obs,2022-12-31,2023-03-31,CECL adoption by all remaining institutions at 2023Q1 (ASU 2016-13): the CECL allowance and provision items go from the early adopters (~0.03 of 051 filers) to nearly everyone.,MCP,2026-09-22
panel,ac_htm_abs_pre06,2018-03-31,2018-06-30,2018Q2 burden-relief revision: RC-B ABS detail and the RC-K quarterly-average trading assets became reportable only above thresholds ($10m trading assets for the average). Share falls to ~0.05-0.06 = banks above the threshold.,MCP,2026-09-22
panel,fv_htm_abs_pre06,2018-03-31,2018-06-30,2018Q2 burden-relief revision: RC-B ABS detail and the RC-K quarterly-average trading assets became reportable only above thresholds ($10m trading assets for the average). Share falls to ~0.05-0.06 = banks above the threshold.,MCP,2026-09-22
panel,fv_afs_abs_pre06,2018-03-31,2018-06-30,2018Q2 burden-relief revision: RC-B ABS detail and the RC-K quarterly-average trading assets became reportable only above thresholds ($10m trading assets for the average). Share falls to ~0.05-0.06 = banks above the threshold.,MCP,2026-09-22
panel,fv_ln_famres_pre18,2008-06-30,2008-09-30,"Fair-value-option loan items became reportable only by holding companies electing the fair value option; on the FR Y-9C the election takes effect at 2008Q3 (2008Q4 on the Call Report). Conditional item, not a break.",MCP,2026-09-22
panel,fv_ln_famres,2008-06-30,2008-09-30,"Fair-value-option loan items became reportable only by holding companies electing the fair value option; on the FR Y-9C the election takes effect at 2008Q3 (2008Q4 on the Call Report). Conditional item, not a break.",MCP,2026-09-22
panel,fv_ln_othres_pre18,2008-06-30,2008-09-30,"Fair-value-option loan items became reportable only by holding companies electing the fair value option; on the FR Y-9C the election takes effect at 2008Q3 (2008Q4 on the Call Report). Conditional item, not a break.",MCP,2026-09-22
panel,fv_ln_othres,2008-06-30,2008-09-30,"Fair-value-option loan items became reportable only by holding companies electing the fair value option; on the FR Y-9C the election takes effect at 2008Q3 (2008Q4 on the Call Report). Conditional item, not a break.",MCP,2026-09-22
panel,fv_ln_res,2008-06-30,2008-09-30,"Fair-value-option loan items became reportable only by holding companies electing the fair value option; on the FR Y-9C the election takes effect at 2008Q3 (2008Q4 on the Call Report). Conditional item, not a break.",MCP,2026-09-22
panel,fv_ln_cons_pre18,2008-06-30,2008-09-30,"Fair-value-option loan items became reportable only by holding companies electing the fair value option; on the FR Y-9C the election takes effect at 2008Q3 (2008Q4 on the Call Report). Conditional item, not a break.",MCP,2026-09-22
panel,fv_ln_cons,2008-06-30,2008-09-30,"Fair-value-option loan items became reportable only by holding companies electing the fair value option; on the FR Y-9C the election takes effect at 2008Q3 (2008Q4 on the Call Report). Conditional item, not a break.",MCP,2026-09-22
panel,cet1,2014-12-31,2015-03-31,"Basel III phase-in: advanced approaches institutions adopted the revised capital rule on 2014-01-01, everyone else on 2015-01-01. The common equity tier 1 items therefore exist for ~19pct of 031 filers through 2014Q4 (the early adopters) and for every filer from 2015Q1. Regulatory timing, not a break.",MCP,2026-09-22
panel,trad_revaluation_net,2000-12-31,2001-03-31,"2001Q1 form consolidation: FFIEC 032/033/034 folded into the 041. Before 2001 the inferred 041 bucket is mostly 032/033/034 filers, whose forms did not collect these items (share ~0.12 = the true 041 filers); from 2001Q1 every 041 filer reports them. A population change in the bucket, not a reporting break.",MCP,2026-09-22
panel,trad_revaluation_net,2007-12-31,2008-03-31,2008Q1 revision of Schedule HC-D: trading detail collected from all holding companies with trading assets above the threshold (share rises from 0.05-0.59 to 0.46-0.83).,MCP,2026-09-22
panel,trad_revaluation_net,2009-03-31,2009-06-30,2009Q2 revision of Schedule HC-D: trading detail reported by all trading holding companies from 2009Q2; the population reporting each line item changes with it.,MCP,2026-09-22
panel,cet1_adjustments_deductions,2014-12-31,2015-03-31,"Basel III phase-in: advanced approaches institutions adopted the revised capital rule on 2014-01-01, everyone else on 2015-01-01. The common equity tier 1 items therefore exist for ~19pct of 031 filers through 2014Q4 (the early adopters) and for every filer from 2015Q1. Regulatory timing, not a break.",MCP,2026-09-22
panel,cet1_ratio,2014-12-31,2015-03-31,"Basel III phase-in: advanced approaches institutions adopted the revised capital rule on 2014-01-01, everyone else on 2015-01-01. The common equity tier 1 items therefore exist for ~19pct of 031 filers through 2014Q4 (the early adopters) and for every filer from 2015Q1. Regulatory timing, not a break.",MCP,2026-09-22
