panel,column,from_date,to_date,reason,approved_by,approved_at
panel,deriv_pos_fv,2017-03-31,2017-06-30,"031 filers: RC-C Part II small-farm / small-business detail is reported by ~0.6-0.65 of 031 banks (those holding such loans). 2017Q1, the quarter the 031 population changed, shows a one-off 0.97; 2017Q2 is the return to the normal conditional share. Not a break in the series, a one-quarter artifact in the transition quarter. deriv_pos_fv on both forms also steps down at 2017Q2 (population change); grouped here.",MCP,2026-09-21
panel,fv_ln_famres_1,2008-09-30,2008-12-31,"Fair-value-option loan items (RC-Q / RC-C fair value) became reportable only by banks electing the fair value option from 2008Q4; share falls from 1.00 to ~0.04 = the electing banks. Conditional item, not a break.",MCP,2026-09-21
panel,fv_ln_famres_1,2016-12-31,2017-03-31,"2017Q1: the FFIEC 031 became required for banks with $100bn+ in assets regardless of foreign offices, and the 051 took the smallest banks off the 041. The 031 bucket gained large domestic banks that report every item, so shares rise within the 031 (0.54 -> 0.93). Population change in the bucket.",MCP,2026-09-21
panel,fv_ln_famres_2,2008-09-30,2008-12-31,"Fair-value-option loan items (RC-Q / RC-C fair value) became reportable only by banks electing the fair value option from 2008Q4; share falls from 1.00 to ~0.04 = the electing banks. Conditional item, not a break.",MCP,2026-09-21
panel,fv_ln_famres_2,2016-12-31,2017-03-31,"2017Q1: the FFIEC 031 became required for banks with $100bn+ in assets regardless of foreign offices, and the 051 took the smallest banks off the 041. The 031 bucket gained large domestic banks that report every item, so shares rise within the 031 (0.54 -> 0.93). Population change in the bucket.",MCP,2026-09-21
panel,fv_ln_famres_3,2008-09-30,2008-12-31,"Fair-value-option loan items (RC-Q / RC-C fair value) became reportable only by banks electing the fair value option from 2008Q4; share falls from 1.00 to ~0.04 = the electing banks. Conditional item, not a break.",MCP,2026-09-21
panel,fv_ln_famres_3,2016-12-31,2017-03-31,"2017Q1: the FFIEC 031 became required for banks with $100bn+ in assets regardless of foreign offices, and the 051 took the smallest banks off the 041. The 031 bucket gained large domestic banks that report every item, so shares rise within the 031 (0.54 -> 0.93). Population change in the bucket.",MCP,2026-09-21
panel,fv_ln_othres_1,2008-09-30,2008-12-31,"Fair-value-option loan items (RC-Q / RC-C fair value) became reportable only by banks electing the fair value option from 2008Q4; share falls from 1.00 to ~0.04 = the electing banks. Conditional item, not a break.",MCP,2026-09-21
panel,fv_ln_othres_1,2016-12-31,2017-03-31,"2017Q1: the FFIEC 031 became required for banks with $100bn+ in assets regardless of foreign offices, and the 051 took the smallest banks off the 041. The 031 bucket gained large domestic banks that report every item, so shares rise within the 031 (0.54 -> 0.93). Population change in the bucket.",MCP,2026-09-21
panel,fv_ln_othres_2,2008-09-30,2008-12-31,"Fair-value-option loan items (RC-Q / RC-C fair value) became reportable only by banks electing the fair value option from 2008Q4; share falls from 1.00 to ~0.04 = the electing banks. Conditional item, not a break.",MCP,2026-09-21
panel,fv_ln_othres_2,2016-12-31,2017-03-31,"2017Q1: the FFIEC 031 became required for banks with $100bn+ in assets regardless of foreign offices, and the 051 took the smallest banks off the 041. The 031 bucket gained large domestic banks that report every item, so shares rise within the 031 (0.54 -> 0.93). Population change in the bucket.",MCP,2026-09-21
panel,fv_ln_othres_3,2008-09-30,2008-12-31,"Fair-value-option loan items (RC-Q / RC-C fair value) became reportable only by banks electing the fair value option from 2008Q4; share falls from 1.00 to ~0.04 = the electing banks. Conditional item, not a break.",MCP,2026-09-21
panel,fv_ln_othres_3,2016-12-31,2017-03-31,"2017Q1: the FFIEC 031 became required for banks with $100bn+ in assets regardless of foreign offices, and the 051 took the smallest banks off the 041. The 031 bucket gained large domestic banks that report every item, so shares rise within the 031 (0.54 -> 0.93). Population change in the bucket.",MCP,2026-09-21
panel,fv_ln_othres_4,2008-09-30,2008-12-31,"Fair-value-option loan items (RC-Q / RC-C fair value) became reportable only by banks electing the fair value option from 2008Q4; share falls from 1.00 to ~0.04 = the electing banks. Conditional item, not a break.",MCP,2026-09-21
panel,fv_ln_othres_4,2016-12-31,2017-03-31,"2017Q1: the FFIEC 031 became required for banks with $100bn+ in assets regardless of foreign offices, and the 051 took the smallest banks off the 041. The 031 bucket gained large domestic banks that report every item, so shares rise within the 031 (0.54 -> 0.93). Population change in the bucket.",MCP,2026-09-21
panel,fv_ln_res_alt,2008-09-30,2008-12-31,"Fair-value-option loan items (RC-Q / RC-C fair value) became reportable only by banks electing the fair value option from 2008Q4; share falls from 1.00 to ~0.04 = the electing banks. Conditional item, not a break.",MCP,2026-09-21
panel,fv_ln_res_alt,2016-12-31,2017-03-31,"2017Q1: the FFIEC 031 became required for banks with $100bn+ in assets regardless of foreign offices, and the 051 took the smallest banks off the 041. The 031 bucket gained large domestic banks that report every item, so shares rise within the 031 (0.54 -> 0.93). Population change in the bucket.",MCP,2026-09-21
panel,ln_fv_ci,2008-09-30,2008-12-31,"Fair-value-option loan items (RC-Q / RC-C fair value) became reportable only by banks electing the fair value option from 2008Q4; share falls from 1.00 to ~0.04 = the electing banks. Conditional item, not a break.",MCP,2026-09-21
panel,ln_fv_ci,2016-12-31,2017-03-31,"2017Q1: the FFIEC 031 became required for banks with $100bn+ in assets regardless of foreign offices, and the 051 took the smallest banks off the 041. The 031 bucket gained large domestic banks that report every item, so shares rise within the 031 (0.54 -> 0.93). Population change in the bucket.",MCP,2026-09-21
panel,fv_ln_cons_1,2008-09-30,2008-12-31,"Fair-value-option loan items (RC-Q / RC-C fair value) became reportable only by banks electing the fair value option from 2008Q4; share falls from 1.00 to ~0.04 = the electing banks. Conditional item, not a break.",MCP,2026-09-21
panel,fv_ln_cons_1,2016-12-31,2017-03-31,"2017Q1: the FFIEC 031 became required for banks with $100bn+ in assets regardless of foreign offices, and the 051 took the smallest banks off the 041. The 031 bucket gained large domestic banks that report every item, so shares rise within the 031 (0.54 -> 0.93). Population change in the bucket.",MCP,2026-09-21
panel,fv_ln_cons_2,2008-09-30,2008-12-31,"Fair-value-option loan items (RC-Q / RC-C fair value) became reportable only by banks electing the fair value option from 2008Q4; share falls from 1.00 to ~0.04 = the electing banks. Conditional item, not a break.",MCP,2026-09-21
panel,fv_ln_cons_2,2016-12-31,2017-03-31,"2017Q1: the FFIEC 031 became required for banks with $100bn+ in assets regardless of foreign offices, and the 051 took the smallest banks off the 041. The 031 bucket gained large domestic banks that report every item, so shares rise within the 031 (0.54 -> 0.93). Population change in the bucket.",MCP,2026-09-21
panel,fv_ln_cons_3,2008-09-30,2008-12-31,"Fair-value-option loan items (RC-Q / RC-C fair value) became reportable only by banks electing the fair value option from 2008Q4; share falls from 1.00 to ~0.04 = the electing banks. Conditional item, not a break.",MCP,2026-09-21
panel,ln_fv_oth,2008-09-30,2008-12-31,"Fair-value-option loan items (RC-Q / RC-C fair value) became reportable only by banks electing the fair value option from 2008Q4; share falls from 1.00 to ~0.04 = the electing banks. Conditional item, not a break.",MCP,2026-09-21
panel,ln_fv_oth,2016-12-31,2017-03-31,"2017Q1: the FFIEC 031 became required for banks with $100bn+ in assets regardless of foreign offices, and the 051 took the smallest banks off the 041. The 031 bucket gained large domestic banks that report every item, so shares rise within the 031 (0.54 -> 0.93). Population change in the bucket.",MCP,2026-09-21
panel,aoci_opt_out,2014-12-31,2015-03-31,Basel III revision at 2015Q1: the AOCI opt-out election (aoci_opt_out) is new; the construction interest-reserve memo item begins the same quarter.,MCP,2026-09-21
panel,afs_inv_mf_eqsec,2017-12-31,2018-03-31,"ASU 2016-01 (equity securities out of AFS): A511 / 9720 stop for adopters at 2018Q1 as JA22 begins. Definition change, published as separate series (see CAVEATS section 9). The construction interest-reserve item was retired in the 2018 revision.",MCP,2026-09-21
panel,uc_cons_cc_lines,2018-06-30,2018-09-30,"2018Q3 burden-relief revision: purchased-credit-impaired items, HTM sold/transferred, negative-amortization loans and credit-card commitment lines moved from quarterly to semiannual (Q2/Q4) collection. Raw coverage 0.99/0.99/0.05/0.99 in 2018 and 0.05/0.98/0.05/0.98 in 2019. The classifier declares the new frequency after three years; these are the transition quarters.",MCP,2026-09-21
panel,uc_cons_cc_lines,2018-09-30,2018-12-31,Same as 2018-09-30: the Q4 half of the new semiannual pattern.,MCP,2026-09-21
panel,uc_oth_cc_lines,2018-06-30,2018-09-30,"2018Q3 burden-relief revision: purchased-credit-impaired items, HTM sold/transferred, negative-amortization loans and credit-card commitment lines moved from quarterly to semiannual (Q2/Q4) collection. Raw coverage 0.99/0.99/0.05/0.99 in 2018 and 0.05/0.98/0.05/0.98 in 2019. The classifier declares the new frequency after three years; these are the transition quarters.",MCP,2026-09-21
panel,uc_oth_cc_lines,2018-09-30,2018-12-31,Same as 2018-09-30: the Q4 half of the new semiannual pattern.,MCP,2026-09-21
panel,hfs_famres_loc_1,2008-03-31,2008-06-30,"Held-for-sale and fair-value RC-N memoranda (na_hfs_*, pd30/pd90_hfs_*) and the 1-4 family HFS items were introduced or extended to all filers at 2008Q2.",MCP,2026-09-21
panel,hfs_famres_loc_2,2008-03-31,2008-06-30,"Held-for-sale and fair-value RC-N memoranda (na_hfs_*, pd30/pd90_hfs_*) and the 1-4 family HFS items were introduced or extended to all filers at 2008Q2.",MCP,2026-09-21
panel,ytd_cecl_htm_dsec_cp_bal,2019-06-30,2020-03-31,"2020Q1: the community bank leverage ratio (CBLR) election lets qualifying banks stop reporting risk-weighted assets and the risk-based capital ratios (share falls to 0.79 of 041 and 0.62 of 051 filers = non-electors); the large banks adopting CECL at 2020Q1 begin the CECL HTM securities allowance item. Both are elections, not breaks.",MCP,2026-09-21
panel,ytd_cecl_htm_dsec_cp_bal,2022-12-31,2023-03-31,CECL adoption by all remaining institutions at 2023Q1 (ASU 2016-13): the CECL allowance and provision items go from the early adopters (~0.03 of 051 filers) to nearly everyone.,MCP,2026-09-21
panel,ind_for_dep_01,2016-12-31,2017-03-31,"2017Q1: the FFIEC 031 became required for banks with $100bn+ in assets regardless of foreign offices, and the 051 took the smallest banks off the 041. The 031 bucket gained large domestic banks that report every item, so shares rise within the 031 (0.54 -> 0.93). Population change in the bucket.",MCP,2026-09-21
panel,us_bank_for_dep_01,2016-12-31,2017-03-31,"2017Q1: the FFIEC 031 became required for banks with $100bn+ in assets regardless of foreign offices, and the 051 took the smallest banks off the 041. The 031 bucket gained large domestic banks that report every item, so shares rise within the 031 (0.54 -> 0.93). Population change in the bucket.",MCP,2026-09-21
panel,for_bank_for_dep,2016-12-31,2017-03-31,"2017Q1: the FFIEC 031 became required for banks with $100bn+ in assets regardless of foreign offices, and the 051 took the smallest banks off the 041. The 031 bucket gained large domestic banks that report every item, so shares rise within the 031 (0.54 -> 0.93). Population change in the bucket.",MCP,2026-09-21
panel,oth_savings_dep_87,1986-12-31,1987-03-31,"Item introduced at 1987Q1 (other savings deposits, RCON6810 era).",MCP,2026-09-21
panel,fdic_uninsur_depos,2001-12-31,2002-03-31,RC-O uninsured-deposit estimate required of all 031 filers from 2002Q1.,MCP,2026-09-21
panel,fdic_uninsur_depos,2005-12-31,2006-03-31,2006Q1 revision: the RC-B asset-backed securities detail (abs_1..6) and the RC-O uninsured-deposits estimate became reportable only above thresholds ($1bn assets for the uninsured estimate). Share falls to ~0.08 = the large banks. Conditional from 2006Q1.,MCP,2026-09-21
panel,time_cod_gt100k_dom,1996-12-31,1997-03-31,"Large time-deposit item (time_cod_gt100k_dom) retired at 1997Q1, replaced by the 1997Q2 remaining-maturity schedule.",MCP,2026-09-21
panel,ac_afs_mutual_funds_9720,2017-12-31,2018-03-31,"ASU 2016-01 (equity securities out of AFS): A511 / 9720 stop for adopters at 2018Q1 as JA22 begins. Definition change, published as separate series (see CAVEATS section 9). The construction interest-reserve item was retired in the 2018 revision.",MCP,2026-09-21
panel,ac_htm_sold_or_transferred_ytd,2018-06-30,2018-09-30,"2018Q3 burden-relief revision: purchased-credit-impaired items, HTM sold/transferred, negative-amortization loans and credit-card commitment lines moved from quarterly to semiannual (Q2/Q4) collection. Raw coverage 0.99/0.99/0.05/0.99 in 2018 and 0.05/0.98/0.05/0.98 in 2019. The classifier declares the new frequency after three years; these are the transition quarters.",MCP,2026-09-21
panel,ac_htm_sold_or_transferred_ytd,2018-09-30,2018-12-31,Same as 2018-09-30: the Q4 half of the new semiannual pattern.,MCP,2026-09-21
panel,debtsec_mat_repr_lte1yr,1997-03-31,1997-06-30,"Items introduced at 1997Q2: the remaining-maturity/repricing schedule (debt securities, time deposits < $100k) begins with the 1997Q2 form revision.",MCP,2026-09-21
panel,ln_condev_interest_reserve,2014-12-31,2015-03-31,Basel III revision at 2015Q1: the AOCI opt-out election (aoci_opt_out) is new; the construction interest-reserve memo item begins the same quarter.,MCP,2026-09-21
panel,ln_condev_interest_reserve,2017-12-31,2018-03-31,"ASU 2016-01 (equity securities out of AFS): A511 / 9720 stop for adopters at 2018Q1 as JA22 begins. Definition change, published as separate series (see CAVEATS section 9). The construction interest-reserve item was retired in the 2018 revision.",MCP,2026-09-21
panel,ln_closedend_negative_amortization,2018-06-30,2018-09-30,"2018Q3 burden-relief revision: purchased-credit-impaired items, HTM sold/transferred, negative-amortization loans and credit-card commitment lines moved from quarterly to semiannual (Q2/Q4) collection. Raw coverage 0.99/0.99/0.05/0.99 in 2018 and 0.05/0.98/0.05/0.98 in 2019. The classifier declares the new frequency after three years; these are the transition quarters.",MCP,2026-09-21
panel,ln_closedend_negative_amortization,2018-09-30,2018-12-31,Same as 2018-09-30: the Q4 half of the new semiannual pattern.,MCP,2026-09-21
panel,n_ln_farmland_lte100k,2007-06-30,2008-06-30,RC-C Part II small business / small farm detail: the 2008Q2 revision added the yes/no screen (RCON6999 / RCON6860); a bank whose loans in these categories are all $100k or less answers yes and skips the size-bucket detail. Share falls to ~0.65 = banks with larger loans. Conditional from 2008Q2.,MCP,2026-09-21
panel,n_ln_farmland_lte100k,2016-12-31,2017-03-31,"2017Q1: the FFIEC 031 became required for banks with $100bn+ in assets regardless of foreign offices, and the 051 took the smallest banks off the 041. The 031 bucket gained large domestic banks that report every item, so shares rise within the 031 (0.54 -> 0.93). Population change in the bucket.",MCP,2026-09-21
panel,n_ln_farmland_lte100k,2017-03-31,2017-06-30,"031 filers: RC-C Part II small-farm / small-business detail is reported by ~0.6-0.65 of 031 banks (those holding such loans). 2017Q1, the quarter the 031 population changed, shows a one-off 0.97; 2017Q2 is the return to the normal conditional share. Not a break in the series, a one-quarter artifact in the transition quarter. deriv_pos_fv on both forms also steps down at 2017Q2 (population change); grouped here.",MCP,2026-09-21
panel,n_ln_farmland_lte100k,2020-12-31,2021-03-31,"031 filers: from 2021Q1 the RC-C Part II small-farm / small-business detail is reported by every 031 filer (share 0.60 -> 1.00 and stays), i.e. zero rather than blank when not applicable. Representation change, not a reporting break.",MCP,2026-09-21
panel,amt_ln_farmland_lte100k,2007-06-30,2008-06-30,RC-C Part II small business / small farm detail: the 2008Q2 revision added the yes/no screen (RCON6999 / RCON6860); a bank whose loans in these categories are all $100k or less answers yes and skips the size-bucket detail. Share falls to ~0.65 = banks with larger loans. Conditional from 2008Q2.,MCP,2026-09-21
panel,amt_ln_farmland_lte100k,2016-12-31,2017-03-31,"2017Q1: the FFIEC 031 became required for banks with $100bn+ in assets regardless of foreign offices, and the 051 took the smallest banks off the 041. The 031 bucket gained large domestic banks that report every item, so shares rise within the 031 (0.54 -> 0.93). Population change in the bucket.",MCP,2026-09-21
panel,amt_ln_farmland_lte100k,2017-03-31,2017-06-30,"031 filers: RC-C Part II small-farm / small-business detail is reported by ~0.6-0.65 of 031 banks (those holding such loans). 2017Q1, the quarter the 031 population changed, shows a one-off 0.97; 2017Q2 is the return to the normal conditional share. Not a break in the series, a one-quarter artifact in the transition quarter. deriv_pos_fv on both forms also steps down at 2017Q2 (population change); grouped here.",MCP,2026-09-21
panel,amt_ln_farmland_lte100k,2020-12-31,2021-03-31,"031 filers: from 2021Q1 the RC-C Part II small-farm / small-business detail is reported by every 031 filer (share 0.60 -> 1.00 and stays), i.e. zero rather than blank when not applicable. Representation change, not a reporting break.",MCP,2026-09-21
panel,n_ln_farmland_100k_250k,2007-06-30,2008-06-30,RC-C Part II small business / small farm detail: the 2008Q2 revision added the yes/no screen (RCON6999 / RCON6860); a bank whose loans in these categories are all $100k or less answers yes and skips the size-bucket detail. Share falls to ~0.65 = banks with larger loans. Conditional from 2008Q2.,MCP,2026-09-21
panel,n_ln_farmland_100k_250k,2016-12-31,2017-03-31,"2017Q1: the FFIEC 031 became required for banks with $100bn+ in assets regardless of foreign offices, and the 051 took the smallest banks off the 041. The 031 bucket gained large domestic banks that report every item, so shares rise within the 031 (0.54 -> 0.93). Population change in the bucket.",MCP,2026-09-21
panel,n_ln_farmland_100k_250k,2017-03-31,2017-06-30,"031 filers: RC-C Part II small-farm / small-business detail is reported by ~0.6-0.65 of 031 banks (those holding such loans). 2017Q1, the quarter the 031 population changed, shows a one-off 0.97; 2017Q2 is the return to the normal conditional share. Not a break in the series, a one-quarter artifact in the transition quarter. deriv_pos_fv on both forms also steps down at 2017Q2 (population change); grouped here.",MCP,2026-09-21
panel,n_ln_farmland_100k_250k,2020-12-31,2021-03-31,"031 filers: from 2021Q1 the RC-C Part II small-farm / small-business detail is reported by every 031 filer (share 0.60 -> 1.00 and stays), i.e. zero rather than blank when not applicable. Representation change, not a reporting break.",MCP,2026-09-21
panel,amt_ln_farmland_100k_250k,2007-06-30,2008-06-30,RC-C Part II small business / small farm detail: the 2008Q2 revision added the yes/no screen (RCON6999 / RCON6860); a bank whose loans in these categories are all $100k or less answers yes and skips the size-bucket detail. Share falls to ~0.65 = banks with larger loans. Conditional from 2008Q2.,MCP,2026-09-21
panel,amt_ln_farmland_100k_250k,2016-12-31,2017-03-31,"2017Q1: the FFIEC 031 became required for banks with $100bn+ in assets regardless of foreign offices, and the 051 took the smallest banks off the 041. The 031 bucket gained large domestic banks that report every item, so shares rise within the 031 (0.54 -> 0.93). Population change in the bucket.",MCP,2026-09-21
panel,amt_ln_farmland_100k_250k,2017-03-31,2017-06-30,"031 filers: RC-C Part II small-farm / small-business detail is reported by ~0.6-0.65 of 031 banks (those holding such loans). 2017Q1, the quarter the 031 population changed, shows a one-off 0.97; 2017Q2 is the return to the normal conditional share. Not a break in the series, a one-quarter artifact in the transition quarter. deriv_pos_fv on both forms also steps down at 2017Q2 (population change); grouped here.",MCP,2026-09-21
panel,amt_ln_farmland_100k_250k,2020-12-31,2021-03-31,"031 filers: from 2021Q1 the RC-C Part II small-farm / small-business detail is reported by every 031 filer (share 0.60 -> 1.00 and stays), i.e. zero rather than blank when not applicable. Representation change, not a reporting break.",MCP,2026-09-21
panel,n_ln_farmland_250k_500k,2007-06-30,2008-06-30,RC-C Part II small business / small farm detail: the 2008Q2 revision added the yes/no screen (RCON6999 / RCON6860); a bank whose loans in these categories are all $100k or less answers yes and skips the size-bucket detail. Share falls to ~0.65 = banks with larger loans. Conditional from 2008Q2.,MCP,2026-09-21
panel,n_ln_farmland_250k_500k,2016-12-31,2017-03-31,"2017Q1: the FFIEC 031 became required for banks with $100bn+ in assets regardless of foreign offices, and the 051 took the smallest banks off the 041. The 031 bucket gained large domestic banks that report every item, so shares rise within the 031 (0.54 -> 0.93). Population change in the bucket.",MCP,2026-09-21
panel,n_ln_farmland_250k_500k,2017-03-31,2017-06-30,"031 filers: RC-C Part II small-farm / small-business detail is reported by ~0.6-0.65 of 031 banks (those holding such loans). 2017Q1, the quarter the 031 population changed, shows a one-off 0.97; 2017Q2 is the return to the normal conditional share. Not a break in the series, a one-quarter artifact in the transition quarter. deriv_pos_fv on both forms also steps down at 2017Q2 (population change); grouped here.",MCP,2026-09-21
panel,n_ln_farmland_250k_500k,2020-12-31,2021-03-31,"031 filers: from 2021Q1 the RC-C Part II small-farm / small-business detail is reported by every 031 filer (share 0.60 -> 1.00 and stays), i.e. zero rather than blank when not applicable. Representation change, not a reporting break.",MCP,2026-09-21
panel,amt_ln_farmland_250k_500k,2007-06-30,2008-06-30,RC-C Part II small business / small farm detail: the 2008Q2 revision added the yes/no screen (RCON6999 / RCON6860); a bank whose loans in these categories are all $100k or less answers yes and skips the size-bucket detail. Share falls to ~0.65 = banks with larger loans. Conditional from 2008Q2.,MCP,2026-09-21
panel,amt_ln_farmland_250k_500k,2016-12-31,2017-03-31,"2017Q1: the FFIEC 031 became required for banks with $100bn+ in assets regardless of foreign offices, and the 051 took the smallest banks off the 041. The 031 bucket gained large domestic banks that report every item, so shares rise within the 031 (0.54 -> 0.93). Population change in the bucket.",MCP,2026-09-21
panel,amt_ln_farmland_250k_500k,2017-03-31,2017-06-30,"031 filers: RC-C Part II small-farm / small-business detail is reported by ~0.6-0.65 of 031 banks (those holding such loans). 2017Q1, the quarter the 031 population changed, shows a one-off 0.97; 2017Q2 is the return to the normal conditional share. Not a break in the series, a one-quarter artifact in the transition quarter. deriv_pos_fv on both forms also steps down at 2017Q2 (population change); grouped here.",MCP,2026-09-21
panel,amt_ln_farmland_250k_500k,2020-12-31,2021-03-31,"031 filers: from 2021Q1 the RC-C Part II small-farm / small-business detail is reported by every 031 filer (share 0.60 -> 1.00 and stays), i.e. zero rather than blank when not applicable. Representation change, not a reporting break.",MCP,2026-09-21
panel,n_ln_agprod_lte100k,2007-06-30,2008-06-30,RC-C Part II small business / small farm detail: the 2008Q2 revision added the yes/no screen (RCON6999 / RCON6860); a bank whose loans in these categories are all $100k or less answers yes and skips the size-bucket detail. Share falls to ~0.65 = banks with larger loans. Conditional from 2008Q2.,MCP,2026-09-21
panel,n_ln_agprod_lte100k,2016-12-31,2017-03-31,"2017Q1: the FFIEC 031 became required for banks with $100bn+ in assets regardless of foreign offices, and the 051 took the smallest banks off the 041. The 031 bucket gained large domestic banks that report every item, so shares rise within the 031 (0.54 -> 0.93). Population change in the bucket.",MCP,2026-09-21
panel,n_ln_agprod_lte100k,2017-03-31,2017-06-30,"031 filers: RC-C Part II small-farm / small-business detail is reported by ~0.6-0.65 of 031 banks (those holding such loans). 2017Q1, the quarter the 031 population changed, shows a one-off 0.97; 2017Q2 is the return to the normal conditional share. Not a break in the series, a one-quarter artifact in the transition quarter. deriv_pos_fv on both forms also steps down at 2017Q2 (population change); grouped here.",MCP,2026-09-21
panel,n_ln_agprod_lte100k,2020-12-31,2021-03-31,"031 filers: from 2021Q1 the RC-C Part II small-farm / small-business detail is reported by every 031 filer (share 0.60 -> 1.00 and stays), i.e. zero rather than blank when not applicable. Representation change, not a reporting break.",MCP,2026-09-21
panel,amt_ln_agprod_lte100k,2007-06-30,2008-06-30,RC-C Part II small business / small farm detail: the 2008Q2 revision added the yes/no screen (RCON6999 / RCON6860); a bank whose loans in these categories are all $100k or less answers yes and skips the size-bucket detail. Share falls to ~0.65 = banks with larger loans. Conditional from 2008Q2.,MCP,2026-09-21
panel,amt_ln_agprod_lte100k,2016-12-31,2017-03-31,"2017Q1: the FFIEC 031 became required for banks with $100bn+ in assets regardless of foreign offices, and the 051 took the smallest banks off the 041. The 031 bucket gained large domestic banks that report every item, so shares rise within the 031 (0.54 -> 0.93). Population change in the bucket.",MCP,2026-09-21
panel,amt_ln_agprod_lte100k,2017-03-31,2017-06-30,"031 filers: RC-C Part II small-farm / small-business detail is reported by ~0.6-0.65 of 031 banks (those holding such loans). 2017Q1, the quarter the 031 population changed, shows a one-off 0.97; 2017Q2 is the return to the normal conditional share. Not a break in the series, a one-quarter artifact in the transition quarter. deriv_pos_fv on both forms also steps down at 2017Q2 (population change); grouped here.",MCP,2026-09-21
panel,amt_ln_agprod_lte100k,2020-12-31,2021-03-31,"031 filers: from 2021Q1 the RC-C Part II small-farm / small-business detail is reported by every 031 filer (share 0.60 -> 1.00 and stays), i.e. zero rather than blank when not applicable. Representation change, not a reporting break.",MCP,2026-09-21
panel,n_ln_agprod_100k_250k,2007-06-30,2008-06-30,RC-C Part II small business / small farm detail: the 2008Q2 revision added the yes/no screen (RCON6999 / RCON6860); a bank whose loans in these categories are all $100k or less answers yes and skips the size-bucket detail. Share falls to ~0.65 = banks with larger loans. Conditional from 2008Q2.,MCP,2026-09-21
panel,n_ln_agprod_100k_250k,2016-12-31,2017-03-31,"2017Q1: the FFIEC 031 became required for banks with $100bn+ in assets regardless of foreign offices, and the 051 took the smallest banks off the 041. The 031 bucket gained large domestic banks that report every item, so shares rise within the 031 (0.54 -> 0.93). Population change in the bucket.",MCP,2026-09-21
panel,n_ln_agprod_100k_250k,2017-03-31,2017-06-30,"031 filers: RC-C Part II small-farm / small-business detail is reported by ~0.6-0.65 of 031 banks (those holding such loans). 2017Q1, the quarter the 031 population changed, shows a one-off 0.97; 2017Q2 is the return to the normal conditional share. Not a break in the series, a one-quarter artifact in the transition quarter. deriv_pos_fv on both forms also steps down at 2017Q2 (population change); grouped here.",MCP,2026-09-21
panel,n_ln_agprod_100k_250k,2020-12-31,2021-03-31,"031 filers: from 2021Q1 the RC-C Part II small-farm / small-business detail is reported by every 031 filer (share 0.60 -> 1.00 and stays), i.e. zero rather than blank when not applicable. Representation change, not a reporting break.",MCP,2026-09-21
panel,amt_ln_agprod_100k_250k,2007-06-30,2008-06-30,RC-C Part II small business / small farm detail: the 2008Q2 revision added the yes/no screen (RCON6999 / RCON6860); a bank whose loans in these categories are all $100k or less answers yes and skips the size-bucket detail. Share falls to ~0.65 = banks with larger loans. Conditional from 2008Q2.,MCP,2026-09-21
panel,amt_ln_agprod_100k_250k,2016-12-31,2017-03-31,"2017Q1: the FFIEC 031 became required for banks with $100bn+ in assets regardless of foreign offices, and the 051 took the smallest banks off the 041. The 031 bucket gained large domestic banks that report every item, so shares rise within the 031 (0.54 -> 0.93). Population change in the bucket.",MCP,2026-09-21
panel,amt_ln_agprod_100k_250k,2017-03-31,2017-06-30,"031 filers: RC-C Part II small-farm / small-business detail is reported by ~0.6-0.65 of 031 banks (those holding such loans). 2017Q1, the quarter the 031 population changed, shows a one-off 0.97; 2017Q2 is the return to the normal conditional share. Not a break in the series, a one-quarter artifact in the transition quarter. deriv_pos_fv on both forms also steps down at 2017Q2 (population change); grouped here.",MCP,2026-09-21
panel,amt_ln_agprod_100k_250k,2020-12-31,2021-03-31,"031 filers: from 2021Q1 the RC-C Part II small-farm / small-business detail is reported by every 031 filer (share 0.60 -> 1.00 and stays), i.e. zero rather than blank when not applicable. Representation change, not a reporting break.",MCP,2026-09-21
panel,n_ln_agprod_250k_500k,2007-06-30,2008-06-30,RC-C Part II small business / small farm detail: the 2008Q2 revision added the yes/no screen (RCON6999 / RCON6860); a bank whose loans in these categories are all $100k or less answers yes and skips the size-bucket detail. Share falls to ~0.65 = banks with larger loans. Conditional from 2008Q2.,MCP,2026-09-21
panel,n_ln_agprod_250k_500k,2016-12-31,2017-03-31,"2017Q1: the FFIEC 031 became required for banks with $100bn+ in assets regardless of foreign offices, and the 051 took the smallest banks off the 041. The 031 bucket gained large domestic banks that report every item, so shares rise within the 031 (0.54 -> 0.93). Population change in the bucket.",MCP,2026-09-21
panel,n_ln_agprod_250k_500k,2017-03-31,2017-06-30,"031 filers: RC-C Part II small-farm / small-business detail is reported by ~0.6-0.65 of 031 banks (those holding such loans). 2017Q1, the quarter the 031 population changed, shows a one-off 0.97; 2017Q2 is the return to the normal conditional share. Not a break in the series, a one-quarter artifact in the transition quarter. deriv_pos_fv on both forms also steps down at 2017Q2 (population change); grouped here.",MCP,2026-09-21
panel,n_ln_agprod_250k_500k,2020-12-31,2021-03-31,"031 filers: from 2021Q1 the RC-C Part II small-farm / small-business detail is reported by every 031 filer (share 0.60 -> 1.00 and stays), i.e. zero rather than blank when not applicable. Representation change, not a reporting break.",MCP,2026-09-21
panel,amt_ln_agprod_250k_500k,2007-06-30,2008-06-30,RC-C Part II small business / small farm detail: the 2008Q2 revision added the yes/no screen (RCON6999 / RCON6860); a bank whose loans in these categories are all $100k or less answers yes and skips the size-bucket detail. Share falls to ~0.65 = banks with larger loans. Conditional from 2008Q2.,MCP,2026-09-21
panel,amt_ln_agprod_250k_500k,2016-12-31,2017-03-31,"2017Q1: the FFIEC 031 became required for banks with $100bn+ in assets regardless of foreign offices, and the 051 took the smallest banks off the 041. The 031 bucket gained large domestic banks that report every item, so shares rise within the 031 (0.54 -> 0.93). Population change in the bucket.",MCP,2026-09-21
panel,amt_ln_agprod_250k_500k,2017-03-31,2017-06-30,"031 filers: RC-C Part II small-farm / small-business detail is reported by ~0.6-0.65 of 031 banks (those holding such loans). 2017Q1, the quarter the 031 population changed, shows a one-off 0.97; 2017Q2 is the return to the normal conditional share. Not a break in the series, a one-quarter artifact in the transition quarter. deriv_pos_fv on both forms also steps down at 2017Q2 (population change); grouped here.",MCP,2026-09-21
panel,amt_ln_agprod_250k_500k,2020-12-31,2021-03-31,"031 filers: from 2021Q1 the RC-C Part II small-farm / small-business detail is reported by every 031 filer (share 0.60 -> 1.00 and stays), i.e. zero rather than blank when not applicable. Representation change, not a reporting break.",MCP,2026-09-21
panel,upb_ln_ci_fv,2008-09-30,2008-12-31,"Fair-value-option loan items (RC-Q / RC-C fair value) became reportable only by banks electing the fair value option from 2008Q4; share falls from 1.00 to ~0.04 = the electing banks. Conditional item, not a break.",MCP,2026-09-21
panel,upb_ln_ci_fv,2016-12-31,2017-03-31,"2017Q1: the FFIEC 031 became required for banks with $100bn+ in assets regardless of foreign offices, and the 051 took the smallest banks off the 041. The 031 bucket gained large domestic banks that report every item, so shares rise within the 031 (0.54 -> 0.93). Population change in the bucket.",MCP,2026-09-21
panel,upb_ln_oth_fv,2008-09-30,2008-12-31,"Fair-value-option loan items (RC-Q / RC-C fair value) became reportable only by banks electing the fair value option from 2008Q4; share falls from 1.00 to ~0.04 = the electing banks. Conditional item, not a break.",MCP,2026-09-21
panel,upb_ln_oth_fv,2016-12-31,2017-03-31,"2017Q1: the FFIEC 031 became required for banks with $100bn+ in assets regardless of foreign offices, and the 051 took the smallest banks off the 041. The 031 bucket gained large domestic banks that report every item, so shares rise within the 031 (0.54 -> 0.93). Population change in the bucket.",MCP,2026-09-21
panel,time_dep_lt100k_mat_lte1yr_9716,1997-03-31,1997-06-30,"Items introduced at 1997Q2: the remaining-maturity/repricing schedule (debt securities, time deposits < $100k) begins with the 1997Q2 form revision.",MCP,2026-09-21
panel,qavg_trading_assets,2018-03-31,2018-06-30,2018Q2 burden-relief revision: RC-B ABS detail and the RC-K quarterly-average trading assets became reportable only above thresholds ($10m trading assets for the average). Share falls to ~0.05-0.06 = banks above the threshold.,MCP,2026-09-21
panel,pd30_hfs_fv,2008-03-31,2008-06-30,"Held-for-sale and fair-value RC-N memoranda (na_hfs_*, pd30/pd90_hfs_*) and the 1-4 family HFS items were introduced or extended to all filers at 2008Q2.",MCP,2026-09-21
panel,pd90_hfs_fv,2008-03-31,2008-06-30,"Held-for-sale and fair-value RC-N memoranda (na_hfs_*, pd30/pd90_hfs_*) and the 1-4 family HFS items were introduced or extended to all filers at 2008Q2.",MCP,2026-09-21
panel,na_hfs_fv,2008-03-31,2008-06-30,"Held-for-sale and fair-value RC-N memoranda (na_hfs_*, pd30/pd90_hfs_*) and the 1-4 family HFS items were introduced or extended to all filers at 2008Q2.",MCP,2026-09-21
panel,pd30_hfs_upb,2008-03-31,2008-06-30,"Held-for-sale and fair-value RC-N memoranda (na_hfs_*, pd30/pd90_hfs_*) and the 1-4 family HFS items were introduced or extended to all filers at 2008Q2.",MCP,2026-09-21
panel,pd90_hfs_upb,2008-03-31,2008-06-30,"Held-for-sale and fair-value RC-N memoranda (na_hfs_*, pd30/pd90_hfs_*) and the 1-4 family HFS items were introduced or extended to all filers at 2008Q2.",MCP,2026-09-21
panel,na_hfs_upb,2008-03-31,2008-06-30,"Held-for-sale and fair-value RC-N memoranda (na_hfs_*, pd30/pd90_hfs_*) and the 1-4 family HFS items were introduced or extended to all filers at 2008Q2.",MCP,2026-09-21
panel,pci_balance_pd30,2018-06-30,2018-09-30,"2018Q3 burden-relief revision: purchased-credit-impaired items, HTM sold/transferred, negative-amortization loans and credit-card commitment lines moved from quarterly to semiannual (Q2/Q4) collection. Raw coverage 0.99/0.99/0.05/0.99 in 2018 and 0.05/0.98/0.05/0.98 in 2019. The classifier declares the new frequency after three years; these are the transition quarters.",MCP,2026-09-21
panel,pci_balance_pd30,2018-09-30,2018-12-31,Same as 2018-09-30: the Q4 half of the new semiannual pattern.,MCP,2026-09-21
panel,pci_balance_pd30,2019-12-31,2020-06-30,"2020Q2: the ASU 2016-01 adoption wave for smaller reporting companies -- equity securities move from the AFS lines (A511 / 9720) to JA22; on the 031 the purchased-credit-impaired items fall to the non-CECL-adopters (PCI is a pre-CECL concept). Adoption timing, not a break.",MCP,2026-09-21
panel,pci_balance_pd30,2022-12-31,2023-06-30,Purchased-credit-impaired items are a pre-CECL concept; after CECL became universal at 2023Q1 they are reported by a ~4% residual and retired. Not a break.,MCP,2026-09-21
panel,pci_balance_pd90,2018-06-30,2018-09-30,"2018Q3 burden-relief revision: purchased-credit-impaired items, HTM sold/transferred, negative-amortization loans and credit-card commitment lines moved from quarterly to semiannual (Q2/Q4) collection. Raw coverage 0.99/0.99/0.05/0.99 in 2018 and 0.05/0.98/0.05/0.98 in 2019. The classifier declares the new frequency after three years; these are the transition quarters.",MCP,2026-09-21
panel,pci_balance_pd90,2018-09-30,2018-12-31,Same as 2018-09-30: the Q4 half of the new semiannual pattern.,MCP,2026-09-21
panel,pci_balance_pd90,2019-12-31,2020-06-30,"2020Q2: the ASU 2016-01 adoption wave for smaller reporting companies -- equity securities move from the AFS lines (A511 / 9720) to JA22; on the 031 the purchased-credit-impaired items fall to the non-CECL-adopters (PCI is a pre-CECL concept). Adoption timing, not a break.",MCP,2026-09-21
panel,pci_balance_pd90,2022-12-31,2023-06-30,Purchased-credit-impaired items are a pre-CECL concept; after CECL became universal at 2023Q1 they are reported by a ~4% residual and retired. Not a break.,MCP,2026-09-21
panel,pci_balance_na,2018-06-30,2018-09-30,"2018Q3 burden-relief revision: purchased-credit-impaired items, HTM sold/transferred, negative-amortization loans and credit-card commitment lines moved from quarterly to semiannual (Q2/Q4) collection. Raw coverage 0.99/0.99/0.05/0.99 in 2018 and 0.05/0.98/0.05/0.98 in 2019. The classifier declares the new frequency after three years; these are the transition quarters.",MCP,2026-09-21
panel,pci_balance_na,2018-09-30,2018-12-31,Same as 2018-09-30: the Q4 half of the new semiannual pattern.,MCP,2026-09-21
panel,pci_balance_na,2019-12-31,2020-06-30,"2020Q2: the ASU 2016-01 adoption wave for smaller reporting companies -- equity securities move from the AFS lines (A511 / 9720) to JA22; on the 031 the purchased-credit-impaired items fall to the non-CECL-adopters (PCI is a pre-CECL concept). Adoption timing, not a break.",MCP,2026-09-21
panel,pci_balance_na,2022-12-31,2023-06-30,Purchased-credit-impaired items are a pre-CECL concept; after CECL became universal at 2023Q1 they are reported by a ~4% residual and retired. Not a break.,MCP,2026-09-21
panel,pci_carrying_pd30,2018-06-30,2018-09-30,"2018Q3 burden-relief revision: purchased-credit-impaired items, HTM sold/transferred, negative-amortization loans and credit-card commitment lines moved from quarterly to semiannual (Q2/Q4) collection. Raw coverage 0.99/0.99/0.05/0.99 in 2018 and 0.05/0.98/0.05/0.98 in 2019. The classifier declares the new frequency after three years; these are the transition quarters.",MCP,2026-09-21
panel,pci_carrying_pd30,2018-09-30,2018-12-31,Same as 2018-09-30: the Q4 half of the new semiannual pattern.,MCP,2026-09-21
panel,pci_carrying_pd30,2019-12-31,2020-06-30,"2020Q2: the ASU 2016-01 adoption wave for smaller reporting companies -- equity securities move from the AFS lines (A511 / 9720) to JA22; on the 031 the purchased-credit-impaired items fall to the non-CECL-adopters (PCI is a pre-CECL concept). Adoption timing, not a break.",MCP,2026-09-21
panel,pci_carrying_pd30,2022-12-31,2023-06-30,Purchased-credit-impaired items are a pre-CECL concept; after CECL became universal at 2023Q1 they are reported by a ~4% residual and retired. Not a break.,MCP,2026-09-21
panel,pci_carrying_pd90,2018-06-30,2018-09-30,"2018Q3 burden-relief revision: purchased-credit-impaired items, HTM sold/transferred, negative-amortization loans and credit-card commitment lines moved from quarterly to semiannual (Q2/Q4) collection. Raw coverage 0.99/0.99/0.05/0.99 in 2018 and 0.05/0.98/0.05/0.98 in 2019. The classifier declares the new frequency after three years; these are the transition quarters.",MCP,2026-09-21
panel,pci_carrying_pd90,2018-09-30,2018-12-31,Same as 2018-09-30: the Q4 half of the new semiannual pattern.,MCP,2026-09-21
panel,pci_carrying_pd90,2019-12-31,2020-06-30,"2020Q2: the ASU 2016-01 adoption wave for smaller reporting companies -- equity securities move from the AFS lines (A511 / 9720) to JA22; on the 031 the purchased-credit-impaired items fall to the non-CECL-adopters (PCI is a pre-CECL concept). Adoption timing, not a break.",MCP,2026-09-21
panel,pci_carrying_pd90,2022-12-31,2023-06-30,Purchased-credit-impaired items are a pre-CECL concept; after CECL became universal at 2023Q1 they are reported by a ~4% residual and retired. Not a break.,MCP,2026-09-21
panel,pci_carrying_na,2018-06-30,2018-09-30,"2018Q3 burden-relief revision: purchased-credit-impaired items, HTM sold/transferred, negative-amortization loans and credit-card commitment lines moved from quarterly to semiannual (Q2/Q4) collection. Raw coverage 0.99/0.99/0.05/0.99 in 2018 and 0.05/0.98/0.05/0.98 in 2019. The classifier declares the new frequency after three years; these are the transition quarters.",MCP,2026-09-21
panel,pci_carrying_na,2018-09-30,2018-12-31,Same as 2018-09-30: the Q4 half of the new semiannual pattern.,MCP,2026-09-21
panel,pci_carrying_na,2019-12-31,2020-06-30,"2020Q2: the ASU 2016-01 adoption wave for smaller reporting companies -- equity securities move from the AFS lines (A511 / 9720) to JA22; on the 031 the purchased-credit-impaired items fall to the non-CECL-adopters (PCI is a pre-CECL concept). Adoption timing, not a break.",MCP,2026-09-21
panel,pci_carrying_na,2022-12-31,2023-06-30,Purchased-credit-impaired items are a pre-CECL concept; after CECL became universal at 2023Q1 they are reported by a ~4% residual and retired. Not a break.,MCP,2026-09-21
panel,assessable_dep_liabilities,2007-12-31,2008-03-31,"RC-O assessment-base items (assessable deposits, allowable exclusions) extended from large-bank-only to all filers at 2008Q1 (FDIC assessment reform). Construction split items (condev_07 etc.) begin 2008Q1 with the 2007 RC-C construction split fully phased in.",MCP,2026-09-21
panel,assessable_allowable_exclusions,2007-12-31,2008-03-31,"RC-O assessment-base items (assessable deposits, allowable exclusions) extended from large-bank-only to all filers at 2008Q1 (FDIC assessment reform). Construction split items (condev_07 etc.) begin 2008Q1 with the 2007 RC-C construction split fully phased in.",MCP,2026-09-21
panel,acl_oth_fin_assets,2022-12-31,2023-03-31,CECL adoption by all remaining institutions at 2023Q1 (ASU 2016-13): the CECL allowance and provision items go from the early adopters (~0.03 of 051 filers) to nearly everyone.,MCP,2026-09-21
panel,ytd_provision_htm,2022-12-31,2023-03-31,CECL adoption by all remaining institutions at 2023Q1 (ASU 2016-13): the CECL allowance and provision items go from the early adopters (~0.03 of 051 filers) to nearly everyone.,MCP,2026-09-21
panel,ytd_provision_afs,2022-12-31,2023-03-31,CECL adoption by all remaining institutions at 2023Q1 (ASU 2016-13): the CECL allowance and provision items go from the early adopters (~0.03 of 051 filers) to nearly everyone.,MCP,2026-09-21
panel,ytd_provision_oth_fin,2022-12-31,2023-03-31,CECL adoption by all remaining institutions at 2023Q1 (ASU 2016-13): the CECL allowance and provision items go from the early adopters (~0.03 of 051 filers) to nearly everyone.,MCP,2026-09-21
panel,ytd_provision_obs,2022-12-31,2023-03-31,CECL adoption by all remaining institutions at 2023Q1 (ASU 2016-13): the CECL allowance and provision items go from the early adopters (~0.03 of 051 filers) to nearly everyone.,MCP,2026-09-21
panel,hfs_famres_ln_pre18,2008-03-31,2008-06-30,"Held-for-sale and fair-value RC-N memoranda (na_hfs_*, pd30/pd90_hfs_*) and the 1-4 family HFS items were introduced or extended to all filers at 2008Q2.",MCP,2026-09-21
panel,hfs_famres_ln,2008-03-31,2008-06-30,"Held-for-sale and fair-value RC-N memoranda (na_hfs_*, pd30/pd90_hfs_*) and the 1-4 family HFS items were introduced or extended to all filers at 2008Q2.",MCP,2026-09-21
panel,fv_ln_famres_pre18,2008-09-30,2008-12-31,"Fair-value-option loan items (RC-Q / RC-C fair value) became reportable only by banks electing the fair value option from 2008Q4; share falls from 1.00 to ~0.04 = the electing banks. Conditional item, not a break.",MCP,2026-09-21
panel,fv_ln_famres_pre18,2016-12-31,2017-03-31,"2017Q1: the FFIEC 031 became required for banks with $100bn+ in assets regardless of foreign offices, and the 051 took the smallest banks off the 041. The 031 bucket gained large domestic banks that report every item, so shares rise within the 031 (0.54 -> 0.93). Population change in the bucket.",MCP,2026-09-21
panel,fv_ln_famres,2008-09-30,2008-12-31,"Fair-value-option loan items (RC-Q / RC-C fair value) became reportable only by banks electing the fair value option from 2008Q4; share falls from 1.00 to ~0.04 = the electing banks. Conditional item, not a break.",MCP,2026-09-21
panel,fv_ln_famres,2016-12-31,2017-03-31,"2017Q1: the FFIEC 031 became required for banks with $100bn+ in assets regardless of foreign offices, and the 051 took the smallest banks off the 041. The 031 bucket gained large domestic banks that report every item, so shares rise within the 031 (0.54 -> 0.93). Population change in the bucket.",MCP,2026-09-21
panel,fv_ln_othres_pre18,2008-09-30,2008-12-31,"Fair-value-option loan items (RC-Q / RC-C fair value) became reportable only by banks electing the fair value option from 2008Q4; share falls from 1.00 to ~0.04 = the electing banks. Conditional item, not a break.",MCP,2026-09-21
panel,fv_ln_othres_pre18,2016-12-31,2017-03-31,"2017Q1: the FFIEC 031 became required for banks with $100bn+ in assets regardless of foreign offices, and the 051 took the smallest banks off the 041. The 031 bucket gained large domestic banks that report every item, so shares rise within the 031 (0.54 -> 0.93). Population change in the bucket.",MCP,2026-09-21
panel,fv_ln_othres,2008-09-30,2008-12-31,"Fair-value-option loan items (RC-Q / RC-C fair value) became reportable only by banks electing the fair value option from 2008Q4; share falls from 1.00 to ~0.04 = the electing banks. Conditional item, not a break.",MCP,2026-09-21
panel,fv_ln_othres,2016-12-31,2017-03-31,"2017Q1: the FFIEC 031 became required for banks with $100bn+ in assets regardless of foreign offices, and the 051 took the smallest banks off the 041. The 031 bucket gained large domestic banks that report every item, so shares rise within the 031 (0.54 -> 0.93). Population change in the bucket.",MCP,2026-09-21
panel,fv_ln_res,2008-09-30,2008-12-31,"Fair-value-option loan items (RC-Q / RC-C fair value) became reportable only by banks electing the fair value option from 2008Q4; share falls from 1.00 to ~0.04 = the electing banks. Conditional item, not a break.",MCP,2026-09-21
panel,fv_ln_res,2016-12-31,2017-03-31,"2017Q1: the FFIEC 031 became required for banks with $100bn+ in assets regardless of foreign offices, and the 051 took the smallest banks off the 041. The 031 bucket gained large domestic banks that report every item, so shares rise within the 031 (0.54 -> 0.93). Population change in the bucket.",MCP,2026-09-21
panel,fv_ln_cons_pre18,2008-09-30,2008-12-31,"Fair-value-option loan items (RC-Q / RC-C fair value) became reportable only by banks electing the fair value option from 2008Q4; share falls from 1.00 to ~0.04 = the electing banks. Conditional item, not a break.",MCP,2026-09-21
panel,fv_ln_cons,2008-09-30,2008-12-31,"Fair-value-option loan items (RC-Q / RC-C fair value) became reportable only by banks electing the fair value option from 2008Q4; share falls from 1.00 to ~0.04 = the electing banks. Conditional item, not a break.",MCP,2026-09-21
panel,ind_for_dep,2016-12-31,2017-03-31,"2017Q1: the FFIEC 031 became required for banks with $100bn+ in assets regardless of foreign offices, and the 051 took the smallest banks off the 041. The 031 bucket gained large domestic banks that report every item, so shares rise within the 031 (0.54 -> 0.93). Population change in the bucket.",MCP,2026-09-21
panel,us_bank_for_dep,2016-12-31,2017-03-31,"2017Q1: the FFIEC 031 became required for banks with $100bn+ in assets regardless of foreign offices, and the 051 took the smallest banks off the 041. The 031 bucket gained large domestic banks that report every item, so shares rise within the 031 (0.54 -> 0.93). Population change in the bucket.",MCP,2026-09-21
panel,amt_ln_smallfarm_tot,2007-06-30,2008-06-30,RC-C Part II small business / small farm detail: the 2008Q2 revision added the yes/no screen (RCON6999 / RCON6860); a bank whose loans in these categories are all $100k or less answers yes and skips the size-bucket detail. Share falls to ~0.65 = banks with larger loans. Conditional from 2008Q2.,MCP,2026-09-21
panel,amt_ln_smallfarm_tot,2016-12-31,2017-03-31,"2017Q1: the FFIEC 031 became required for banks with $100bn+ in assets regardless of foreign offices, and the 051 took the smallest banks off the 041. The 031 bucket gained large domestic banks that report every item, so shares rise within the 031 (0.54 -> 0.93). Population change in the bucket.",MCP,2026-09-21
panel,amt_ln_smallfarm_tot,2017-03-31,2017-06-30,"031 filers: RC-C Part II small-farm / small-business detail is reported by ~0.6-0.65 of 031 banks (those holding such loans). 2017Q1, the quarter the 031 population changed, shows a one-off 0.97; 2017Q2 is the return to the normal conditional share. Not a break in the series, a one-quarter artifact in the transition quarter. deriv_pos_fv on both forms also steps down at 2017Q2 (population change); grouped here.",MCP,2026-09-21
panel,amt_ln_smallfarm_tot,2020-12-31,2021-03-31,"031 filers: from 2021Q1 the RC-C Part II small-farm / small-business detail is reported by every 031 filer (share 0.60 -> 1.00 and stays), i.e. zero rather than blank when not applicable. Representation change, not a reporting break.",MCP,2026-09-21
panel,equitysec_20,2020-03-31,2020-06-30,"2020Q2: the ASU 2016-01 adoption wave for smaller reporting companies -- equity securities move from the AFS lines (A511 / 9720) to JA22; on the 031 the purchased-credit-impaired items fall to the non-CECL-adopters (PCI is a pre-CECL concept). Adoption timing, not a break.",MCP,2026-09-21
panel,deriv_pos_fv,2017-03-31,2017-06-30,"031 filers: RC-C Part II small-farm / small-business detail is reported by ~0.6-0.65 of 031 banks (those holding such loans). 2017Q1, the quarter the 031 population changed, shows a one-off 0.97; 2017Q2 is the return to the normal conditional share. Not a break in the series, a one-quarter artifact in the transition quarter. deriv_pos_fv on both forms also steps down at 2017Q2 (population change); grouped here.",MCP,2026-09-21
panel,htm_odom_dsec,2000-12-31,2001-03-31,"2001Q1 form consolidation: FFIEC 032/033/034 folded into the 041. Before 2001 the inferred 041 bucket is mostly 032/033/034 filers, whose forms did not collect these items (share ~0.12 = the true 041 filers); from 2001Q1 every 041 filer reports them. A population change in the bucket, not a reporting break.",MCP,2026-09-21
panel,htm_ofgn_dsec,2000-12-31,2001-03-31,"2001Q1 form consolidation: FFIEC 032/033/034 folded into the 041. Before 2001 the inferred 041 bucket is mostly 032/033/034 filers, whose forms did not collect these items (share ~0.12 = the true 041 filers); from 2001Q1 every 041 filer reports them. A population change in the bucket, not a reporting break.",MCP,2026-09-21
panel,htm_fv_odom_dsec,2000-12-31,2001-03-31,"2001Q1 form consolidation: FFIEC 032/033/034 folded into the 041. Before 2001 the inferred 041 bucket is mostly 032/033/034 filers, whose forms did not collect these items (share ~0.12 = the true 041 filers); from 2001Q1 every 041 filer reports them. A population change in the bucket, not a reporting break.",MCP,2026-09-21
panel,htm_fv_ofgn_dsec,2000-12-31,2001-03-31,"2001Q1 form consolidation: FFIEC 032/033/034 folded into the 041. Before 2001 the inferred 041 bucket is mostly 032/033/034 filers, whose forms did not collect these items (share ~0.12 = the true 041 filers); from 2001Q1 every 041 filer reports them. A population change in the bucket, not a reporting break.",MCP,2026-09-21
panel,afs_odom_dsec,2000-12-31,2001-03-31,"2001Q1 form consolidation: FFIEC 032/033/034 folded into the 041. Before 2001 the inferred 041 bucket is mostly 032/033/034 filers, whose forms did not collect these items (share ~0.12 = the true 041 filers); from 2001Q1 every 041 filer reports them. A population change in the bucket, not a reporting break.",MCP,2026-09-21
panel,afs_ofgn_dsec,2000-12-31,2001-03-31,"2001Q1 form consolidation: FFIEC 032/033/034 folded into the 041. Before 2001 the inferred 041 bucket is mostly 032/033/034 filers, whose forms did not collect these items (share ~0.12 = the true 041 filers); from 2001Q1 every 041 filer reports them. A population change in the bucket, not a reporting break.",MCP,2026-09-21
panel,fv_ln_famres_1,2008-09-30,2008-12-31,"Fair-value-option loan items (RC-Q / RC-C fair value) became reportable only by banks electing the fair value option from 2008Q4; share falls from 1.00 to ~0.04 = the electing banks. Conditional item, not a break.",MCP,2026-09-21
panel,fv_ln_famres_2,2008-09-30,2008-12-31,"Fair-value-option loan items (RC-Q / RC-C fair value) became reportable only by banks electing the fair value option from 2008Q4; share falls from 1.00 to ~0.04 = the electing banks. Conditional item, not a break.",MCP,2026-09-21
panel,fv_ln_famres_3,2008-09-30,2008-12-31,"Fair-value-option loan items (RC-Q / RC-C fair value) became reportable only by banks electing the fair value option from 2008Q4; share falls from 1.00 to ~0.04 = the electing banks. Conditional item, not a break.",MCP,2026-09-21
panel,fv_ln_othres_1,2008-09-30,2008-12-31,"Fair-value-option loan items (RC-Q / RC-C fair value) became reportable only by banks electing the fair value option from 2008Q4; share falls from 1.00 to ~0.04 = the electing banks. Conditional item, not a break.",MCP,2026-09-21
panel,fv_ln_othres_2,2008-09-30,2008-12-31,"Fair-value-option loan items (RC-Q / RC-C fair value) became reportable only by banks electing the fair value option from 2008Q4; share falls from 1.00 to ~0.04 = the electing banks. Conditional item, not a break.",MCP,2026-09-21
panel,fv_ln_othres_3,2008-09-30,2008-12-31,"Fair-value-option loan items (RC-Q / RC-C fair value) became reportable only by banks electing the fair value option from 2008Q4; share falls from 1.00 to ~0.04 = the electing banks. Conditional item, not a break.",MCP,2026-09-21
panel,fv_ln_othres_4,2008-09-30,2008-12-31,"Fair-value-option loan items (RC-Q / RC-C fair value) became reportable only by banks electing the fair value option from 2008Q4; share falls from 1.00 to ~0.04 = the electing banks. Conditional item, not a break.",MCP,2026-09-21
panel,fv_ln_res_alt,2008-09-30,2008-12-31,"Fair-value-option loan items (RC-Q / RC-C fair value) became reportable only by banks electing the fair value option from 2008Q4; share falls from 1.00 to ~0.04 = the electing banks. Conditional item, not a break.",MCP,2026-09-21
panel,ln_fv_ci,2008-09-30,2008-12-31,"Fair-value-option loan items (RC-Q / RC-C fair value) became reportable only by banks electing the fair value option from 2008Q4; share falls from 1.00 to ~0.04 = the electing banks. Conditional item, not a break.",MCP,2026-09-21
panel,fv_ln_cons_1,2008-09-30,2008-12-31,"Fair-value-option loan items (RC-Q / RC-C fair value) became reportable only by banks electing the fair value option from 2008Q4; share falls from 1.00 to ~0.04 = the electing banks. Conditional item, not a break.",MCP,2026-09-21
panel,fv_ln_cons_2,2008-09-30,2008-12-31,"Fair-value-option loan items (RC-Q / RC-C fair value) became reportable only by banks electing the fair value option from 2008Q4; share falls from 1.00 to ~0.04 = the electing banks. Conditional item, not a break.",MCP,2026-09-21
panel,fv_ln_cons_3,2008-09-30,2008-12-31,"Fair-value-option loan items (RC-Q / RC-C fair value) became reportable only by banks electing the fair value option from 2008Q4; share falls from 1.00 to ~0.04 = the electing banks. Conditional item, not a break.",MCP,2026-09-21
panel,ln_fv_oth,2008-09-30,2008-12-31,"Fair-value-option loan items (RC-Q / RC-C fair value) became reportable only by banks electing the fair value option from 2008Q4; share falls from 1.00 to ~0.04 = the electing banks. Conditional item, not a break.",MCP,2026-09-21
panel,na_famres_closed,2000-12-31,2001-03-31,"2001Q1 form consolidation: FFIEC 032/033/034 folded into the 041. Before 2001 the inferred 041 bucket is mostly 032/033/034 filers, whose forms did not collect these items (share ~0.12 = the true 041 filers); from 2001Q1 every 041 filer reports them. A population change in the bucket, not a reporting break.",MCP,2026-09-21
panel,na_farmland,2000-12-31,2001-03-31,"2001Q1 form consolidation: FFIEC 032/033/034 folded into the 041. Before 2001 the inferred 041 bucket is mostly 032/033/034 filers, whose forms did not collect these items (share ~0.12 = the true 041 filers); from 2001Q1 every 041 filer reports them. A population change in the bucket, not a reporting break.",MCP,2026-09-21
panel,na_heloc,2000-12-31,2001-03-31,"2001Q1 form consolidation: FFIEC 032/033/034 folded into the 041. Before 2001 the inferred 041 bucket is mostly 032/033/034 filers, whose forms did not collect these items (share ~0.12 = the true 041 filers); from 2001Q1 every 041 filer reports them. A population change in the bucket, not a reporting break.",MCP,2026-09-21
panel,na_multifam,2000-12-31,2001-03-31,"2001Q1 form consolidation: FFIEC 032/033/034 folded into the 041. Before 2001 the inferred 041 bucket is mostly 032/033/034 filers, whose forms did not collect these items (share ~0.12 = the true 041 filers); from 2001Q1 every 041 filer reports them. A population change in the bucket, not a reporting break.",MCP,2026-09-21
panel,na_agprod,2000-12-31,2001-03-31,"2001Q1 form consolidation: FFIEC 032/033/034 folded into the 041. Before 2001 the inferred 041 bucket is mostly 032/033/034 filers, whose forms did not collect these items (share ~0.12 = the true 041 filers); from 2001Q1 every 041 filer reports them. A population change in the bucket, not a reporting break.",MCP,2026-09-21
panel,na_forgovt,2000-12-31,2001-03-31,"2001Q1 form consolidation: FFIEC 032/033/034 folded into the 041. Before 2001 the inferred 041 bucket is mostly 032/033/034 filers, whose forms did not collect these items (share ~0.12 = the true 041 filers); from 2001Q1 every 041 filer reports them. A population change in the bucket, not a reporting break.",MCP,2026-09-21
panel,na_othln,2000-12-31,2001-03-31,"2001Q1 form consolidation: FFIEC 032/033/034 folded into the 041. Before 2001 the inferred 041 bucket is mostly 032/033/034 filers, whose forms did not collect these items (share ~0.12 = the true 041 filers); from 2001Q1 every 041 filer reports them. A population change in the bucket, not a reporting break.",MCP,2026-09-21
panel,afs_inv_mf_eqsec,2017-12-31,2018-03-31,"ASU 2016-01 (equity securities out of AFS): A511 / 9720 stop for adopters at 2018Q1 as JA22 begins. Definition change, published as separate series (see CAVEATS section 9). The construction interest-reserve item was retired in the 2018 revision.",MCP,2026-09-21
panel,afs_inv_mf_eqsec,2020-03-31,2020-06-30,"2020Q2: the ASU 2016-01 adoption wave for smaller reporting companies -- equity securities move from the AFS lines (A511 / 9720) to JA22; on the 031 the purchased-credit-impaired items fall to the non-CECL-adopters (PCI is a pre-CECL concept). Adoption timing, not a break.",MCP,2026-09-21
panel,ln_condev_1,2007-12-31,2008-03-31,"RC-O assessment-base items (assessable deposits, allowable exclusions) extended from large-bank-only to all filers at 2008Q1 (FDIC assessment reform). Construction split items (condev_07 etc.) begin 2008Q1 with the 2007 RC-C construction split fully phased in.",MCP,2026-09-21
panel,ln_condev_2,2007-12-31,2008-03-31,"RC-O assessment-base items (assessable deposits, allowable exclusions) extended from large-bank-only to all filers at 2008Q1 (FDIC assessment reform). Construction split items (condev_07 etc.) begin 2008Q1 with the 2007 RC-C construction split fully phased in.",MCP,2026-09-21
panel,ln_other_re_1,2007-12-31,2008-03-31,"RC-O assessment-base items (assessable deposits, allowable exclusions) extended from large-bank-only to all filers at 2008Q1 (FDIC assessment reform). Construction split items (condev_07 etc.) begin 2008Q1 with the 2007 RC-C construction split fully phased in.",MCP,2026-09-21
panel,ln_other_re_2,2007-12-31,2008-03-31,"RC-O assessment-base items (assessable deposits, allowable exclusions) extended from large-bank-only to all filers at 2008Q1 (FDIC assessment reform). Construction split items (condev_07 etc.) begin 2008Q1 with the 2007 RC-C construction split fully phased in.",MCP,2026-09-21
panel,pdl_ci_non_1,1985-03-31,1985-06-30,1985 vintage files (see 1986-03-31): burn-in year.,MCP,2026-09-21
panel,uc_cons_cc_lines,2018-06-30,2018-09-30,"2018Q3 burden-relief revision: purchased-credit-impaired items, HTM sold/transferred, negative-amortization loans and credit-card commitment lines moved from quarterly to semiannual (Q2/Q4) collection. Raw coverage 0.99/0.99/0.05/0.99 in 2018 and 0.05/0.98/0.05/0.98 in 2019. The classifier declares the new frequency after three years; these are the transition quarters.",MCP,2026-09-21
panel,uc_cons_cc_lines,2018-09-30,2018-12-31,Same as 2018-09-30: the Q4 half of the new semiannual pattern.,MCP,2026-09-21
panel,uc_oth_cc_lines,2018-06-30,2018-09-30,"2018Q3 burden-relief revision: purchased-credit-impaired items, HTM sold/transferred, negative-amortization loans and credit-card commitment lines moved from quarterly to semiannual (Q2/Q4) collection. Raw coverage 0.99/0.99/0.05/0.99 in 2018 and 0.05/0.98/0.05/0.98 in 2019. The classifier declares the new frequency after three years; these are the transition quarters.",MCP,2026-09-21
panel,uc_oth_cc_lines,2018-09-30,2018-12-31,Same as 2018-09-30: the Q4 half of the new semiannual pattern.,MCP,2026-09-21
panel,uc_loans_sec_by_restate_1,2007-12-31,2008-03-31,"RC-O assessment-base items (assessable deposits, allowable exclusions) extended from large-bank-only to all filers at 2008Q1 (FDIC assessment reform). Construction split items (condev_07 etc.) begin 2008Q1 with the 2007 RC-C construction split fully phased in.",MCP,2026-09-21
panel,uc_loans_sec_by_restate_2,2007-12-31,2008-03-31,"RC-O assessment-base items (assessable deposits, allowable exclusions) extended from large-bank-only to all filers at 2008Q1 (FDIC assessment reform). Construction split items (condev_07 etc.) begin 2008Q1 with the 2007 RC-C construction split fully phased in.",MCP,2026-09-21
panel,ac_htm_abs_1,2005-12-31,2006-03-31,2006Q1 revision: the RC-B asset-backed securities detail (abs_1..6) and the RC-O uninsured-deposits estimate became reportable only above thresholds ($1bn assets for the uninsured estimate). Share falls to ~0.08 = the large banks. Conditional from 2006Q1.,MCP,2026-09-21
panel,ac_htm_abs_1,2018-03-31,2018-06-30,2018Q2 burden-relief revision: RC-B ABS detail and the RC-K quarterly-average trading assets became reportable only above thresholds ($10m trading assets for the average). Share falls to ~0.05-0.06 = banks above the threshold.,MCP,2026-09-21
panel,ac_htm_abs_2,2005-12-31,2006-03-31,2006Q1 revision: the RC-B asset-backed securities detail (abs_1..6) and the RC-O uninsured-deposits estimate became reportable only above thresholds ($1bn assets for the uninsured estimate). Share falls to ~0.08 = the large banks. Conditional from 2006Q1.,MCP,2026-09-21
panel,ac_htm_abs_2,2018-03-31,2018-06-30,2018Q2 burden-relief revision: RC-B ABS detail and the RC-K quarterly-average trading assets became reportable only above thresholds ($10m trading assets for the average). Share falls to ~0.05-0.06 = banks above the threshold.,MCP,2026-09-21
panel,ac_htm_abs_3,2005-12-31,2006-03-31,2006Q1 revision: the RC-B asset-backed securities detail (abs_1..6) and the RC-O uninsured-deposits estimate became reportable only above thresholds ($1bn assets for the uninsured estimate). Share falls to ~0.08 = the large banks. Conditional from 2006Q1.,MCP,2026-09-21
panel,ac_htm_abs_3,2018-03-31,2018-06-30,2018Q2 burden-relief revision: RC-B ABS detail and the RC-K quarterly-average trading assets became reportable only above thresholds ($10m trading assets for the average). Share falls to ~0.05-0.06 = banks above the threshold.,MCP,2026-09-21
panel,ac_htm_abs_4,2005-12-31,2006-03-31,2006Q1 revision: the RC-B asset-backed securities detail (abs_1..6) and the RC-O uninsured-deposits estimate became reportable only above thresholds ($1bn assets for the uninsured estimate). Share falls to ~0.08 = the large banks. Conditional from 2006Q1.,MCP,2026-09-21
panel,ac_htm_abs_4,2018-03-31,2018-06-30,2018Q2 burden-relief revision: RC-B ABS detail and the RC-K quarterly-average trading assets became reportable only above thresholds ($10m trading assets for the average). Share falls to ~0.05-0.06 = banks above the threshold.,MCP,2026-09-21
panel,ac_htm_abs_5,2005-12-31,2006-03-31,2006Q1 revision: the RC-B asset-backed securities detail (abs_1..6) and the RC-O uninsured-deposits estimate became reportable only above thresholds ($1bn assets for the uninsured estimate). Share falls to ~0.08 = the large banks. Conditional from 2006Q1.,MCP,2026-09-21
panel,ac_htm_abs_5,2018-03-31,2018-06-30,2018Q2 burden-relief revision: RC-B ABS detail and the RC-K quarterly-average trading assets became reportable only above thresholds ($10m trading assets for the average). Share falls to ~0.05-0.06 = banks above the threshold.,MCP,2026-09-21
panel,ac_htm_abs_6,2005-12-31,2006-03-31,2006Q1 revision: the RC-B asset-backed securities detail (abs_1..6) and the RC-O uninsured-deposits estimate became reportable only above thresholds ($1bn assets for the uninsured estimate). Share falls to ~0.08 = the large banks. Conditional from 2006Q1.,MCP,2026-09-21
panel,ac_htm_abs_6,2018-03-31,2018-06-30,2018Q2 burden-relief revision: RC-B ABS detail and the RC-K quarterly-average trading assets became reportable only above thresholds ($10m trading assets for the average). Share falls to ~0.05-0.06 = banks above the threshold.,MCP,2026-09-21
panel,fv_htm_abs_1,2005-12-31,2006-03-31,2006Q1 revision: the RC-B asset-backed securities detail (abs_1..6) and the RC-O uninsured-deposits estimate became reportable only above thresholds ($1bn assets for the uninsured estimate). Share falls to ~0.08 = the large banks. Conditional from 2006Q1.,MCP,2026-09-21
panel,fv_htm_abs_1,2018-03-31,2018-06-30,2018Q2 burden-relief revision: RC-B ABS detail and the RC-K quarterly-average trading assets became reportable only above thresholds ($10m trading assets for the average). Share falls to ~0.05-0.06 = banks above the threshold.,MCP,2026-09-21
panel,fv_htm_abs_2,2005-12-31,2006-03-31,2006Q1 revision: the RC-B asset-backed securities detail (abs_1..6) and the RC-O uninsured-deposits estimate became reportable only above thresholds ($1bn assets for the uninsured estimate). Share falls to ~0.08 = the large banks. Conditional from 2006Q1.,MCP,2026-09-21
panel,fv_htm_abs_2,2018-03-31,2018-06-30,2018Q2 burden-relief revision: RC-B ABS detail and the RC-K quarterly-average trading assets became reportable only above thresholds ($10m trading assets for the average). Share falls to ~0.05-0.06 = banks above the threshold.,MCP,2026-09-21
panel,fv_htm_abs_3,2005-12-31,2006-03-31,2006Q1 revision: the RC-B asset-backed securities detail (abs_1..6) and the RC-O uninsured-deposits estimate became reportable only above thresholds ($1bn assets for the uninsured estimate). Share falls to ~0.08 = the large banks. Conditional from 2006Q1.,MCP,2026-09-21
panel,fv_htm_abs_3,2018-03-31,2018-06-30,2018Q2 burden-relief revision: RC-B ABS detail and the RC-K quarterly-average trading assets became reportable only above thresholds ($10m trading assets for the average). Share falls to ~0.05-0.06 = banks above the threshold.,MCP,2026-09-21
panel,fv_htm_abs_4,2005-12-31,2006-03-31,2006Q1 revision: the RC-B asset-backed securities detail (abs_1..6) and the RC-O uninsured-deposits estimate became reportable only above thresholds ($1bn assets for the uninsured estimate). Share falls to ~0.08 = the large banks. Conditional from 2006Q1.,MCP,2026-09-21
panel,fv_htm_abs_4,2018-03-31,2018-06-30,2018Q2 burden-relief revision: RC-B ABS detail and the RC-K quarterly-average trading assets became reportable only above thresholds ($10m trading assets for the average). Share falls to ~0.05-0.06 = banks above the threshold.,MCP,2026-09-21
panel,fv_htm_abs_5,2005-12-31,2006-03-31,2006Q1 revision: the RC-B asset-backed securities detail (abs_1..6) and the RC-O uninsured-deposits estimate became reportable only above thresholds ($1bn assets for the uninsured estimate). Share falls to ~0.08 = the large banks. Conditional from 2006Q1.,MCP,2026-09-21
panel,fv_htm_abs_5,2018-03-31,2018-06-30,2018Q2 burden-relief revision: RC-B ABS detail and the RC-K quarterly-average trading assets became reportable only above thresholds ($10m trading assets for the average). Share falls to ~0.05-0.06 = banks above the threshold.,MCP,2026-09-21
panel,fv_htm_abs_6,2005-12-31,2006-03-31,2006Q1 revision: the RC-B asset-backed securities detail (abs_1..6) and the RC-O uninsured-deposits estimate became reportable only above thresholds ($1bn assets for the uninsured estimate). Share falls to ~0.08 = the large banks. Conditional from 2006Q1.,MCP,2026-09-21
panel,fv_htm_abs_6,2018-03-31,2018-06-30,2018Q2 burden-relief revision: RC-B ABS detail and the RC-K quarterly-average trading assets became reportable only above thresholds ($10m trading assets for the average). Share falls to ~0.05-0.06 = banks above the threshold.,MCP,2026-09-21
panel,fv_afs_abs_1,2005-12-31,2006-03-31,2006Q1 revision: the RC-B asset-backed securities detail (abs_1..6) and the RC-O uninsured-deposits estimate became reportable only above thresholds ($1bn assets for the uninsured estimate). Share falls to ~0.08 = the large banks. Conditional from 2006Q1.,MCP,2026-09-21
panel,fv_afs_abs_1,2018-03-31,2018-06-30,2018Q2 burden-relief revision: RC-B ABS detail and the RC-K quarterly-average trading assets became reportable only above thresholds ($10m trading assets for the average). Share falls to ~0.05-0.06 = banks above the threshold.,MCP,2026-09-21
panel,fv_afs_abs_2,2005-12-31,2006-03-31,2006Q1 revision: the RC-B asset-backed securities detail (abs_1..6) and the RC-O uninsured-deposits estimate became reportable only above thresholds ($1bn assets for the uninsured estimate). Share falls to ~0.08 = the large banks. Conditional from 2006Q1.,MCP,2026-09-21
panel,fv_afs_abs_2,2018-03-31,2018-06-30,2018Q2 burden-relief revision: RC-B ABS detail and the RC-K quarterly-average trading assets became reportable only above thresholds ($10m trading assets for the average). Share falls to ~0.05-0.06 = banks above the threshold.,MCP,2026-09-21
panel,fv_afs_abs_3,2005-12-31,2006-03-31,2006Q1 revision: the RC-B asset-backed securities detail (abs_1..6) and the RC-O uninsured-deposits estimate became reportable only above thresholds ($1bn assets for the uninsured estimate). Share falls to ~0.08 = the large banks. Conditional from 2006Q1.,MCP,2026-09-21
panel,fv_afs_abs_3,2018-03-31,2018-06-30,2018Q2 burden-relief revision: RC-B ABS detail and the RC-K quarterly-average trading assets became reportable only above thresholds ($10m trading assets for the average). Share falls to ~0.05-0.06 = banks above the threshold.,MCP,2026-09-21
panel,fv_afs_abs_4,2005-12-31,2006-03-31,2006Q1 revision: the RC-B asset-backed securities detail (abs_1..6) and the RC-O uninsured-deposits estimate became reportable only above thresholds ($1bn assets for the uninsured estimate). Share falls to ~0.08 = the large banks. Conditional from 2006Q1.,MCP,2026-09-21
panel,fv_afs_abs_4,2018-03-31,2018-06-30,2018Q2 burden-relief revision: RC-B ABS detail and the RC-K quarterly-average trading assets became reportable only above thresholds ($10m trading assets for the average). Share falls to ~0.05-0.06 = banks above the threshold.,MCP,2026-09-21
panel,fv_afs_abs_5,2005-12-31,2006-03-31,2006Q1 revision: the RC-B asset-backed securities detail (abs_1..6) and the RC-O uninsured-deposits estimate became reportable only above thresholds ($1bn assets for the uninsured estimate). Share falls to ~0.08 = the large banks. Conditional from 2006Q1.,MCP,2026-09-21
panel,fv_afs_abs_5,2018-03-31,2018-06-30,2018Q2 burden-relief revision: RC-B ABS detail and the RC-K quarterly-average trading assets became reportable only above thresholds ($10m trading assets for the average). Share falls to ~0.05-0.06 = banks above the threshold.,MCP,2026-09-21
panel,fv_afs_abs_6,2005-12-31,2006-03-31,2006Q1 revision: the RC-B asset-backed securities detail (abs_1..6) and the RC-O uninsured-deposits estimate became reportable only above thresholds ($1bn assets for the uninsured estimate). Share falls to ~0.08 = the large banks. Conditional from 2006Q1.,MCP,2026-09-21
panel,fv_afs_abs_6,2018-03-31,2018-06-30,2018Q2 burden-relief revision: RC-B ABS detail and the RC-K quarterly-average trading assets became reportable only above thresholds ($10m trading assets for the average). Share falls to ~0.05-0.06 = banks above the threshold.,MCP,2026-09-21
panel,fidu_income,2000-12-31,2001-03-31,"2001Q1 form consolidation: FFIEC 032/033/034 folded into the 041. Before 2001 the inferred 041 bucket is mostly 032/033/034 filers, whose forms did not collect these items (share ~0.12 = the true 041 filers); from 2001Q1 every 041 filer reports them. A population change in the bucket, not a reporting break.",MCP,2026-09-21
panel,qavg_loans_ci,2000-12-31,2001-03-31,"2001Q1 form consolidation: FFIEC 032/033/034 folded into the 041. Before 2001 the inferred 041 bucket is mostly 032/033/034 filers, whose forms did not collect these items (share ~0.12 = the true 041 filers); from 2001Q1 every 041 filer reports them. A population change in the bucket, not a reporting break.",MCP,2026-09-21
panel,qavg_loans_ag,2000-12-31,2001-03-31,"2001Q1 form consolidation: FFIEC 032/033/034 folded into the 041. Before 2001 the inferred 041 bucket is mostly 032/033/034 filers, whose forms did not collect these items (share ~0.12 = the true 041 filers); from 2001Q1 every 041 filer reports them. A population change in the bucket, not a reporting break.",MCP,2026-09-21
panel,qavg_loans_re_agg_pre08,2000-12-31,2001-03-31,"2001Q1 form consolidation: FFIEC 032/033/034 folded into the 041. Before 2001 the inferred 041 bucket is mostly 032/033/034 filers, whose forms did not collect these items (share ~0.12 = the true 041 filers); from 2001Q1 every 041 filer reports them. A population change in the bucket, not a reporting break.",MCP,2026-09-21
panel,ytd_cecl_htm_dsec_cp_bal,2022-12-31,2023-03-31,CECL adoption by all remaining institutions at 2023Q1 (ASU 2016-13): the CECL allowance and provision items go from the early adopters (~0.03 of 051 filers) to nearly everyone.,MCP,2026-09-21
panel,cecl_ln_const_am_cost,2022-12-31,2023-03-31,CECL adoption by all remaining institutions at 2023Q1 (ASU 2016-13): the CECL allowance and provision items go from the early adopters (~0.03 of 051 filers) to nearly everyone.,MCP,2026-09-21
panel,cecl_ln_cre_am_cost,2022-12-31,2023-03-31,CECL adoption by all remaining institutions at 2023Q1 (ASU 2016-13): the CECL allowance and provision items go from the early adopters (~0.03 of 051 filers) to nearly everyone.,MCP,2026-09-21
panel,cecl_ln_rre_am_cost,2022-12-31,2023-03-31,CECL adoption by all remaining institutions at 2023Q1 (ASU 2016-13): the CECL allowance and provision items go from the early adopters (~0.03 of 051 filers) to nearly everyone.,MCP,2026-09-21
panel,cecl_ln_com_am_cost,2022-12-31,2023-03-31,CECL adoption by all remaining institutions at 2023Q1 (ASU 2016-13): the CECL allowance and provision items go from the early adopters (~0.03 of 051 filers) to nearly everyone.,MCP,2026-09-21
panel,cecl_ln_cc_am_cost,2022-12-31,2023-03-31,CECL adoption by all remaining institutions at 2023Q1 (ASU 2016-13): the CECL allowance and provision items go from the early adopters (~0.03 of 051 filers) to nearly everyone.,MCP,2026-09-21
panel,cecl_ln_oth_cons_am_cost,2022-12-31,2023-03-31,CECL adoption by all remaining institutions at 2023Q1 (ASU 2016-13): the CECL allowance and provision items go from the early adopters (~0.03 of 051 filers) to nearly everyone.,MCP,2026-09-21
panel,cecl_ln_tot_inv_am_cost,2022-12-31,2023-03-31,CECL adoption by all remaining institutions at 2023Q1 (ASU 2016-13): the CECL allowance and provision items go from the early adopters (~0.03 of 051 filers) to nearly everyone.,MCP,2026-09-21
panel,cecl_ln_const_allow_bal,2022-12-31,2023-03-31,CECL adoption by all remaining institutions at 2023Q1 (ASU 2016-13): the CECL allowance and provision items go from the early adopters (~0.03 of 051 filers) to nearly everyone.,MCP,2026-09-21
panel,cecl_ln_cre_allow_bal,2022-12-31,2023-03-31,CECL adoption by all remaining institutions at 2023Q1 (ASU 2016-13): the CECL allowance and provision items go from the early adopters (~0.03 of 051 filers) to nearly everyone.,MCP,2026-09-21
panel,cecl_ln_rre_allow_bal,2022-12-31,2023-03-31,CECL adoption by all remaining institutions at 2023Q1 (ASU 2016-13): the CECL allowance and provision items go from the early adopters (~0.03 of 051 filers) to nearly everyone.,MCP,2026-09-21
panel,cecl_ln_com_allow_bal,2022-12-31,2023-03-31,CECL adoption by all remaining institutions at 2023Q1 (ASU 2016-13): the CECL allowance and provision items go from the early adopters (~0.03 of 051 filers) to nearly everyone.,MCP,2026-09-21
panel,cecl_ln_cc_allow_bal,2022-12-31,2023-03-31,CECL adoption by all remaining institutions at 2023Q1 (ASU 2016-13): the CECL allowance and provision items go from the early adopters (~0.03 of 051 filers) to nearly everyone.,MCP,2026-09-21
panel,cecl_ln_oth_cons_allow_bal,2022-12-31,2023-03-31,CECL adoption by all remaining institutions at 2023Q1 (ASU 2016-13): the CECL allowance and provision items go from the early adopters (~0.03 of 051 filers) to nearly everyone.,MCP,2026-09-21
panel,cecl_ln_unalloctd_allow_bal,2022-12-31,2023-03-31,CECL adoption by all remaining institutions at 2023Q1 (ASU 2016-13): the CECL allowance and provision items go from the early adopters (~0.03 of 051 filers) to nearly everyone.,MCP,2026-09-21
panel,cecl_ln_tot_inv_allow_bal,2022-12-31,2023-03-31,CECL adoption by all remaining institutions at 2023Q1 (ASU 2016-13): the CECL allowance and provision items go from the early adopters (~0.03 of 051 filers) to nearly everyone.,MCP,2026-09-21
panel,ytd_int_inc_lndom_re_agg_031032,2000-12-31,2001-03-31,"2001Q1 form consolidation: FFIEC 032/033/034 folded into the 041. Before 2001 the inferred 041 bucket is mostly 032/033/034 filers, whose forms did not collect these items (share ~0.12 = the true 041 filers); from 2001Q1 every 041 filer reports them. A population change in the bucket, not a reporting break.",MCP,2026-09-21
panel,ytd_int_inc_ln_ci,2000-12-31,2001-03-31,"2001Q1 form consolidation: FFIEC 032/033/034 folded into the 041. Before 2001 the inferred 041 bucket is mostly 032/033/034 filers, whose forms did not collect these items (share ~0.12 = the true 041 filers); from 2001Q1 every 041 filer reports them. A population change in the bucket, not a reporting break.",MCP,2026-09-21
panel,ytd_fiduc_inc,2000-12-31,2001-03-31,"2001Q1 form consolidation: FFIEC 032/033/034 folded into the 041. Before 2001 the inferred 041 bucket is mostly 032/033/034 filers, whose forms did not collect these items (share ~0.12 = the true 041 filers); from 2001Q1 every 041 filer reports them. A population change in the bucket, not a reporting break.",MCP,2026-09-21
panel,ytd_tradrev_inc,2000-12-31,2001-03-31,"2001Q1 form consolidation: FFIEC 032/033/034 folded into the 041. Before 2001 the inferred 041 bucket is mostly 032/033/034 filers, whose forms did not collect these items (share ~0.12 = the true 041 filers); from 2001Q1 every 041 filer reports them. A population change in the bucket, not a reporting break.",MCP,2026-09-21
panel,for_bank_dep_trans_acc,2000-12-31,2001-03-31,"2001Q1 form consolidation: FFIEC 032/033/034 folded into the 041. Before 2001 the inferred 041 bucket is mostly 032/033/034 filers, whose forms did not collect these items (share ~0.12 = the true 041 filers); from 2001Q1 every 041 filer reports them. A population change in the bucket, not a reporting break.",MCP,2026-09-21
panel,for_bank_dep_non_trans_acc,2000-12-31,2001-03-31,"2001Q1 form consolidation: FFIEC 032/033/034 folded into the 041. Before 2001 the inferred 041 bucket is mostly 032/033/034 filers, whose forms did not collect these items (share ~0.12 = the true 041 filers); from 2001Q1 every 041 filer reports them. A population change in the bucket, not a reporting break.",MCP,2026-09-21
panel,fdic_uninsur_depos,2005-12-31,2006-03-31,2006Q1 revision: the RC-B asset-backed securities detail (abs_1..6) and the RC-O uninsured-deposits estimate became reportable only above thresholds ($1bn assets for the uninsured estimate). Share falls to ~0.08 = the large banks. Conditional from 2006Q1.,MCP,2026-09-21
panel,time_cod_gt100k_dom,1996-12-31,1997-03-31,"Large time-deposit item (time_cod_gt100k_dom) retired at 1997Q1, replaced by the 1997Q2 remaining-maturity schedule.",MCP,2026-09-21
panel,ac_afs_oth_dom,2000-12-31,2001-03-31,"2001Q1 form consolidation: FFIEC 032/033/034 folded into the 041. Before 2001 the inferred 041 bucket is mostly 032/033/034 filers, whose forms did not collect these items (share ~0.12 = the true 041 filers); from 2001Q1 every 041 filer reports them. A population change in the bucket, not a reporting break.",MCP,2026-09-21
panel,ac_afs_oth_fgn,2000-12-31,2001-03-31,"2001Q1 form consolidation: FFIEC 032/033/034 folded into the 041. Before 2001 the inferred 041 bucket is mostly 032/033/034 filers, whose forms did not collect these items (share ~0.12 = the true 041 filers); from 2001Q1 every 041 filer reports them. A population change in the bucket, not a reporting break.",MCP,2026-09-21
panel,ac_afs_mutual_funds_9720,2017-12-31,2018-03-31,"ASU 2016-01 (equity securities out of AFS): A511 / 9720 stop for adopters at 2018Q1 as JA22 begins. Definition change, published as separate series (see CAVEATS section 9). The construction interest-reserve item was retired in the 2018 revision.",MCP,2026-09-21
panel,ac_afs_mutual_funds_9720,2020-03-31,2020-06-30,"2020Q2: the ASU 2016-01 adoption wave for smaller reporting companies -- equity securities move from the AFS lines (A511 / 9720) to JA22; on the 031 the purchased-credit-impaired items fall to the non-CECL-adopters (PCI is a pre-CECL concept). Adoption timing, not a break.",MCP,2026-09-21
panel,ac_htm_sold_or_transferred_ytd,2018-06-30,2018-09-30,"2018Q3 burden-relief revision: purchased-credit-impaired items, HTM sold/transferred, negative-amortization loans and credit-card commitment lines moved from quarterly to semiannual (Q2/Q4) collection. Raw coverage 0.99/0.99/0.05/0.99 in 2018 and 0.05/0.98/0.05/0.98 in 2019. The classifier declares the new frequency after three years; these are the transition quarters.",MCP,2026-09-21
panel,ac_htm_sold_or_transferred_ytd,2018-09-30,2018-12-31,Same as 2018-09-30: the Q4 half of the new semiannual pattern.,MCP,2026-09-21
panel,debtsec_mat_repr_lte1yr,1997-03-31,1997-06-30,"Items introduced at 1997Q2: the remaining-maturity/repricing schedule (debt securities, time deposits < $100k) begins with the 1997Q2 form revision.",MCP,2026-09-21
panel,ln_forgovt,2000-12-31,2001-03-31,"2001Q1 form consolidation: FFIEC 032/033/034 folded into the 041. Before 2001 the inferred 041 bucket is mostly 032/033/034 filers, whose forms did not collect these items (share ~0.12 = the true 041 filers); from 2001Q1 every 041 filer reports them. A population change in the bucket, not a reporting break.",MCP,2026-09-21
panel,ln_condev_interest_reserve,2014-12-31,2015-03-31,Basel III revision at 2015Q1: the AOCI opt-out election (aoci_opt_out) is new; the construction interest-reserve memo item begins the same quarter.,MCP,2026-09-21
panel,ln_closedend_negative_amortization,2018-06-30,2018-09-30,"2018Q3 burden-relief revision: purchased-credit-impaired items, HTM sold/transferred, negative-amortization loans and credit-card commitment lines moved from quarterly to semiannual (Q2/Q4) collection. Raw coverage 0.99/0.99/0.05/0.99 in 2018 and 0.05/0.98/0.05/0.98 in 2019. The classifier declares the new frequency after three years; these are the transition quarters.",MCP,2026-09-21
panel,ln_closedend_negative_amortization,2018-09-30,2018-12-31,Same as 2018-09-30: the Q4 half of the new semiannual pattern.,MCP,2026-09-21
panel,n_ln_farmland_lte100k,2007-06-30,2008-06-30,RC-C Part II small business / small farm detail: the 2008Q2 revision added the yes/no screen (RCON6999 / RCON6860); a bank whose loans in these categories are all $100k or less answers yes and skips the size-bucket detail. Share falls to ~0.65 = banks with larger loans. Conditional from 2008Q2.,MCP,2026-09-21
panel,amt_ln_farmland_lte100k,2007-06-30,2008-06-30,RC-C Part II small business / small farm detail: the 2008Q2 revision added the yes/no screen (RCON6999 / RCON6860); a bank whose loans in these categories are all $100k or less answers yes and skips the size-bucket detail. Share falls to ~0.65 = banks with larger loans. Conditional from 2008Q2.,MCP,2026-09-21
panel,n_ln_farmland_100k_250k,2007-06-30,2008-06-30,RC-C Part II small business / small farm detail: the 2008Q2 revision added the yes/no screen (RCON6999 / RCON6860); a bank whose loans in these categories are all $100k or less answers yes and skips the size-bucket detail. Share falls to ~0.65 = banks with larger loans. Conditional from 2008Q2.,MCP,2026-09-21
panel,amt_ln_farmland_100k_250k,2007-06-30,2008-06-30,RC-C Part II small business / small farm detail: the 2008Q2 revision added the yes/no screen (RCON6999 / RCON6860); a bank whose loans in these categories are all $100k or less answers yes and skips the size-bucket detail. Share falls to ~0.65 = banks with larger loans. Conditional from 2008Q2.,MCP,2026-09-21
panel,n_ln_farmland_250k_500k,2007-06-30,2008-06-30,RC-C Part II small business / small farm detail: the 2008Q2 revision added the yes/no screen (RCON6999 / RCON6860); a bank whose loans in these categories are all $100k or less answers yes and skips the size-bucket detail. Share falls to ~0.65 = banks with larger loans. Conditional from 2008Q2.,MCP,2026-09-21
panel,amt_ln_farmland_250k_500k,2007-06-30,2008-06-30,RC-C Part II small business / small farm detail: the 2008Q2 revision added the yes/no screen (RCON6999 / RCON6860); a bank whose loans in these categories are all $100k or less answers yes and skips the size-bucket detail. Share falls to ~0.65 = banks with larger loans. Conditional from 2008Q2.,MCP,2026-09-21
panel,n_ln_agprod_lte100k,2007-06-30,2008-06-30,RC-C Part II small business / small farm detail: the 2008Q2 revision added the yes/no screen (RCON6999 / RCON6860); a bank whose loans in these categories are all $100k or less answers yes and skips the size-bucket detail. Share falls to ~0.65 = banks with larger loans. Conditional from 2008Q2.,MCP,2026-09-21
panel,amt_ln_agprod_lte100k,2007-06-30,2008-06-30,RC-C Part II small business / small farm detail: the 2008Q2 revision added the yes/no screen (RCON6999 / RCON6860); a bank whose loans in these categories are all $100k or less answers yes and skips the size-bucket detail. Share falls to ~0.65 = banks with larger loans. Conditional from 2008Q2.,MCP,2026-09-21
panel,n_ln_agprod_100k_250k,2007-06-30,2008-06-30,RC-C Part II small business / small farm detail: the 2008Q2 revision added the yes/no screen (RCON6999 / RCON6860); a bank whose loans in these categories are all $100k or less answers yes and skips the size-bucket detail. Share falls to ~0.65 = banks with larger loans. Conditional from 2008Q2.,MCP,2026-09-21
panel,amt_ln_agprod_100k_250k,2007-06-30,2008-06-30,RC-C Part II small business / small farm detail: the 2008Q2 revision added the yes/no screen (RCON6999 / RCON6860); a bank whose loans in these categories are all $100k or less answers yes and skips the size-bucket detail. Share falls to ~0.65 = banks with larger loans. Conditional from 2008Q2.,MCP,2026-09-21
panel,n_ln_agprod_250k_500k,2007-06-30,2008-06-30,RC-C Part II small business / small farm detail: the 2008Q2 revision added the yes/no screen (RCON6999 / RCON6860); a bank whose loans in these categories are all $100k or less answers yes and skips the size-bucket detail. Share falls to ~0.65 = banks with larger loans. Conditional from 2008Q2.,MCP,2026-09-21
panel,amt_ln_agprod_250k_500k,2007-06-30,2008-06-30,RC-C Part II small business / small farm detail: the 2008Q2 revision added the yes/no screen (RCON6999 / RCON6860); a bank whose loans in these categories are all $100k or less answers yes and skips the size-bucket detail. Share falls to ~0.65 = banks with larger loans. Conditional from 2008Q2.,MCP,2026-09-21
panel,upb_ln_ci_fv,2008-09-30,2008-12-31,"Fair-value-option loan items (RC-Q / RC-C fair value) became reportable only by banks electing the fair value option from 2008Q4; share falls from 1.00 to ~0.04 = the electing banks. Conditional item, not a break.",MCP,2026-09-21
panel,upb_ln_oth_fv,2008-09-30,2008-12-31,"Fair-value-option loan items (RC-Q / RC-C fair value) became reportable only by banks electing the fair value option from 2008Q4; share falls from 1.00 to ~0.04 = the electing banks. Conditional item, not a break.",MCP,2026-09-21
panel,trad_ust,2000-12-31,2001-03-31,"2001Q1 form consolidation: FFIEC 032/033/034 folded into the 041. Before 2001 the inferred 041 bucket is mostly 032/033/034 filers, whose forms did not collect these items (share ~0.12 = the true 041 filers); from 2001Q1 every 041 filer reports them. A population change in the bucket, not a reporting break.",MCP,2026-09-21
panel,trad_usagency,2000-12-31,2001-03-31,"2001Q1 form consolidation: FFIEC 032/033/034 folded into the 041. Before 2001 the inferred 041 bucket is mostly 032/033/034 filers, whose forms did not collect these items (share ~0.12 = the true 041 filers); from 2001Q1 every 041 filer reports them. A population change in the bucket, not a reporting break.",MCP,2026-09-21
panel,trad_states,2000-12-31,2001-03-31,"2001Q1 form consolidation: FFIEC 032/033/034 folded into the 041. Before 2001 the inferred 041 bucket is mostly 032/033/034 filers, whose forms did not collect these items (share ~0.12 = the true 041 filers); from 2001Q1 every 041 filer reports them. A population change in the bucket, not a reporting break.",MCP,2026-09-21
panel,trad_oth_dom_off,2000-12-31,2001-03-31,"2001Q1 form consolidation: FFIEC 032/033/034 folded into the 041. Before 2001 the inferred 041 bucket is mostly 032/033/034 filers, whose forms did not collect these items (share ~0.12 = the true 041 filers); from 2001Q1 every 041 filer reports them. A population change in the bucket, not a reporting break.",MCP,2026-09-21
panel,trad_revaluation_gains,2000-12-31,2001-03-31,"2001Q1 form consolidation: FFIEC 032/033/034 folded into the 041. Before 2001 the inferred 041 bucket is mostly 032/033/034 filers, whose forms did not collect these items (share ~0.12 = the true 041 filers); from 2001Q1 every 041 filer reports them. A population change in the bucket, not a reporting break.",MCP,2026-09-21
panel,trad_revaluation_losses,2000-12-31,2001-03-31,"2001Q1 form consolidation: FFIEC 032/033/034 folded into the 041. Before 2001 the inferred 041 bucket is mostly 032/033/034 filers, whose forms did not collect these items (share ~0.12 = the true 041 filers); from 2001Q1 every 041 filer reports them. A population change in the bucket, not a reporting break.",MCP,2026-09-21
panel,trad_liab_short_positions,2000-12-31,2001-03-31,"2001Q1 form consolidation: FFIEC 032/033/034 folded into the 041. Before 2001 the inferred 041 bucket is mostly 032/033/034 filers, whose forms did not collect these items (share ~0.12 = the true 041 filers); from 2001Q1 every 041 filer reports them. A population change in the bucket, not a reporting break.",MCP,2026-09-21
panel,dep_forgovt_trans,2000-12-31,2001-03-31,"2001Q1 form consolidation: FFIEC 032/033/034 folded into the 041. Before 2001 the inferred 041 bucket is mostly 032/033/034 filers, whose forms did not collect these items (share ~0.12 = the true 041 filers); from 2001Q1 every 041 filer reports them. A population change in the bucket, not a reporting break.",MCP,2026-09-21
panel,dep_forgovt_nontrans,2000-12-31,2001-03-31,"2001Q1 form consolidation: FFIEC 032/033/034 folded into the 041. Before 2001 the inferred 041 bucket is mostly 032/033/034 filers, whose forms did not collect these items (share ~0.12 = the true 041 filers); from 2001Q1 every 041 filer reports them. A population change in the bucket, not a reporting break.",MCP,2026-09-21
panel,time_dep_lt100k_mat_lte1yr_9716,1997-03-31,1997-06-30,"Items introduced at 1997Q2: the remaining-maturity/repricing schedule (debt securities, time deposits < $100k) begins with the 1997Q2 form revision.",MCP,2026-09-21
panel,qavg_trading_assets,2018-03-31,2018-06-30,2018Q2 burden-relief revision: RC-B ABS detail and the RC-K quarterly-average trading assets became reportable only above thresholds ($10m trading assets for the average). Share falls to ~0.05-0.06 = banks above the threshold.,MCP,2026-09-21
panel,pd90_agprod,2000-12-31,2001-03-31,"2001Q1 form consolidation: FFIEC 032/033/034 folded into the 041. Before 2001 the inferred 041 bucket is mostly 032/033/034 filers, whose forms did not collect these items (share ~0.12 = the true 041 filers); from 2001Q1 every 041 filer reports them. A population change in the bucket, not a reporting break.",MCP,2026-09-21
panel,pd90_forgovt,2000-12-31,2001-03-31,"2001Q1 form consolidation: FFIEC 032/033/034 folded into the 041. Before 2001 the inferred 041 bucket is mostly 032/033/034 filers, whose forms did not collect these items (share ~0.12 = the true 041 filers); from 2001Q1 every 041 filer reports them. A population change in the bucket, not a reporting break.",MCP,2026-09-21
panel,pd90_othln,2000-12-31,2001-03-31,"2001Q1 form consolidation: FFIEC 032/033/034 folded into the 041. Before 2001 the inferred 041 bucket is mostly 032/033/034 filers, whose forms did not collect these items (share ~0.12 = the true 041 filers); from 2001Q1 every 041 filer reports them. A population change in the bucket, not a reporting break.",MCP,2026-09-21
panel,pd90_finance_cre,2000-12-31,2001-03-31,"2001Q1 form consolidation: FFIEC 032/033/034 folded into the 041. Before 2001 the inferred 041 bucket is mostly 032/033/034 filers, whose forms did not collect these items (share ~0.12 = the true 041 filers); from 2001Q1 every 041 filer reports them. A population change in the bucket, not a reporting break.",MCP,2026-09-21
panel,na_finance_cre,2000-12-31,2001-03-31,"2001Q1 form consolidation: FFIEC 032/033/034 folded into the 041. Before 2001 the inferred 041 bucket is mostly 032/033/034 filers, whose forms did not collect these items (share ~0.12 = the true 041 filers); from 2001Q1 every 041 filer reports them. A population change in the bucket, not a reporting break.",MCP,2026-09-21
panel,pd30_hfs_fv,2008-03-31,2008-06-30,"Held-for-sale and fair-value RC-N memoranda (na_hfs_*, pd30/pd90_hfs_*) and the 1-4 family HFS items were introduced or extended to all filers at 2008Q2.",MCP,2026-09-21
panel,pd90_hfs_fv,2008-03-31,2008-06-30,"Held-for-sale and fair-value RC-N memoranda (na_hfs_*, pd30/pd90_hfs_*) and the 1-4 family HFS items were introduced or extended to all filers at 2008Q2.",MCP,2026-09-21
panel,na_hfs_fv,2008-03-31,2008-06-30,"Held-for-sale and fair-value RC-N memoranda (na_hfs_*, pd30/pd90_hfs_*) and the 1-4 family HFS items were introduced or extended to all filers at 2008Q2.",MCP,2026-09-21
panel,pd30_hfs_upb,2008-03-31,2008-06-30,"Held-for-sale and fair-value RC-N memoranda (na_hfs_*, pd30/pd90_hfs_*) and the 1-4 family HFS items were introduced or extended to all filers at 2008Q2.",MCP,2026-09-21
panel,pd90_hfs_upb,2008-03-31,2008-06-30,"Held-for-sale and fair-value RC-N memoranda (na_hfs_*, pd30/pd90_hfs_*) and the 1-4 family HFS items were introduced or extended to all filers at 2008Q2.",MCP,2026-09-21
panel,na_hfs_upb,2008-03-31,2008-06-30,"Held-for-sale and fair-value RC-N memoranda (na_hfs_*, pd30/pd90_hfs_*) and the 1-4 family HFS items were introduced or extended to all filers at 2008Q2.",MCP,2026-09-21
panel,pci_balance_pd30,2018-06-30,2018-09-30,"2018Q3 burden-relief revision: purchased-credit-impaired items, HTM sold/transferred, negative-amortization loans and credit-card commitment lines moved from quarterly to semiannual (Q2/Q4) collection. Raw coverage 0.99/0.99/0.05/0.99 in 2018 and 0.05/0.98/0.05/0.98 in 2019. The classifier declares the new frequency after three years; these are the transition quarters.",MCP,2026-09-21
panel,pci_balance_pd30,2018-09-30,2018-12-31,Same as 2018-09-30: the Q4 half of the new semiannual pattern.,MCP,2026-09-21
panel,pci_balance_pd30,2022-12-31,2023-06-30,Purchased-credit-impaired items are a pre-CECL concept; after CECL became universal at 2023Q1 they are reported by a ~4% residual and retired. Not a break.,MCP,2026-09-21
panel,pci_balance_pd90,2018-06-30,2018-09-30,"2018Q3 burden-relief revision: purchased-credit-impaired items, HTM sold/transferred, negative-amortization loans and credit-card commitment lines moved from quarterly to semiannual (Q2/Q4) collection. Raw coverage 0.99/0.99/0.05/0.99 in 2018 and 0.05/0.98/0.05/0.98 in 2019. The classifier declares the new frequency after three years; these are the transition quarters.",MCP,2026-09-21
panel,pci_balance_pd90,2018-09-30,2018-12-31,Same as 2018-09-30: the Q4 half of the new semiannual pattern.,MCP,2026-09-21
panel,pci_balance_pd90,2022-12-31,2023-06-30,Purchased-credit-impaired items are a pre-CECL concept; after CECL became universal at 2023Q1 they are reported by a ~4% residual and retired. Not a break.,MCP,2026-09-21
panel,pci_balance_na,2018-06-30,2018-09-30,"2018Q3 burden-relief revision: purchased-credit-impaired items, HTM sold/transferred, negative-amortization loans and credit-card commitment lines moved from quarterly to semiannual (Q2/Q4) collection. Raw coverage 0.99/0.99/0.05/0.99 in 2018 and 0.05/0.98/0.05/0.98 in 2019. The classifier declares the new frequency after three years; these are the transition quarters.",MCP,2026-09-21
panel,pci_balance_na,2018-09-30,2018-12-31,Same as 2018-09-30: the Q4 half of the new semiannual pattern.,MCP,2026-09-21
panel,pci_balance_na,2022-12-31,2023-06-30,Purchased-credit-impaired items are a pre-CECL concept; after CECL became universal at 2023Q1 they are reported by a ~4% residual and retired. Not a break.,MCP,2026-09-21
panel,pci_carrying_pd30,2018-06-30,2018-09-30,"2018Q3 burden-relief revision: purchased-credit-impaired items, HTM sold/transferred, negative-amortization loans and credit-card commitment lines moved from quarterly to semiannual (Q2/Q4) collection. Raw coverage 0.99/0.99/0.05/0.99 in 2018 and 0.05/0.98/0.05/0.98 in 2019. The classifier declares the new frequency after three years; these are the transition quarters.",MCP,2026-09-21
panel,pci_carrying_pd30,2018-09-30,2018-12-31,Same as 2018-09-30: the Q4 half of the new semiannual pattern.,MCP,2026-09-21
panel,pci_carrying_pd30,2022-12-31,2023-06-30,Purchased-credit-impaired items are a pre-CECL concept; after CECL became universal at 2023Q1 they are reported by a ~4% residual and retired. Not a break.,MCP,2026-09-21
panel,pci_carrying_pd90,2018-06-30,2018-09-30,"2018Q3 burden-relief revision: purchased-credit-impaired items, HTM sold/transferred, negative-amortization loans and credit-card commitment lines moved from quarterly to semiannual (Q2/Q4) collection. Raw coverage 0.99/0.99/0.05/0.99 in 2018 and 0.05/0.98/0.05/0.98 in 2019. The classifier declares the new frequency after three years; these are the transition quarters.",MCP,2026-09-21
panel,pci_carrying_pd90,2018-09-30,2018-12-31,Same as 2018-09-30: the Q4 half of the new semiannual pattern.,MCP,2026-09-21
panel,pci_carrying_pd90,2022-12-31,2023-06-30,Purchased-credit-impaired items are a pre-CECL concept; after CECL became universal at 2023Q1 they are reported by a ~4% residual and retired. Not a break.,MCP,2026-09-21
panel,pci_carrying_na,2018-06-30,2018-09-30,"2018Q3 burden-relief revision: purchased-credit-impaired items, HTM sold/transferred, negative-amortization loans and credit-card commitment lines moved from quarterly to semiannual (Q2/Q4) collection. Raw coverage 0.99/0.99/0.05/0.99 in 2018 and 0.05/0.98/0.05/0.98 in 2019. The classifier declares the new frequency after three years; these are the transition quarters.",MCP,2026-09-21
panel,pci_carrying_na,2018-09-30,2018-12-31,Same as 2018-09-30: the Q4 half of the new semiannual pattern.,MCP,2026-09-21
panel,pci_carrying_na,2022-12-31,2023-06-30,Purchased-credit-impaired items are a pre-CECL concept; after CECL became universal at 2023Q1 they are reported by a ~4% residual and retired. Not a break.,MCP,2026-09-21
panel,pd90_farmland,2000-12-31,2001-03-31,"2001Q1 form consolidation: FFIEC 032/033/034 folded into the 041. Before 2001 the inferred 041 bucket is mostly 032/033/034 filers, whose forms did not collect these items (share ~0.12 = the true 041 filers); from 2001Q1 every 041 filer reports them. A population change in the bucket, not a reporting break.",MCP,2026-09-21
panel,pd90_multifam,2000-12-31,2001-03-31,"2001Q1 form consolidation: FFIEC 032/033/034 folded into the 041. Before 2001 the inferred 041 bucket is mostly 032/033/034 filers, whose forms did not collect these items (share ~0.12 = the true 041 filers); from 2001Q1 every 041 filer reports them. A population change in the bucket, not a reporting break.",MCP,2026-09-21
panel,pd90_heloc,2000-12-31,2001-03-31,"2001Q1 form consolidation: FFIEC 032/033/034 folded into the 041. Before 2001 the inferred 041 bucket is mostly 032/033/034 filers, whose forms did not collect these items (share ~0.12 = the true 041 filers); from 2001Q1 every 041 filer reports them. A population change in the bucket, not a reporting break.",MCP,2026-09-21
panel,assessable_dep_liabilities,2007-12-31,2008-03-31,"RC-O assessment-base items (assessable deposits, allowable exclusions) extended from large-bank-only to all filers at 2008Q1 (FDIC assessment reform). Construction split items (condev_07 etc.) begin 2008Q1 with the 2007 RC-C construction split fully phased in.",MCP,2026-09-21
panel,assessable_allowable_exclusions,2007-12-31,2008-03-31,"RC-O assessment-base items (assessable deposits, allowable exclusions) extended from large-bank-only to all filers at 2008Q1 (FDIC assessment reform). Construction split items (condev_07 etc.) begin 2008Q1 with the 2007 RC-C construction split fully phased in.",MCP,2026-09-21
panel,rwa_before_excess_allowance,2019-12-31,2020-03-31,"2020Q1: the community bank leverage ratio (CBLR) election lets qualifying banks stop reporting risk-weighted assets and the risk-based capital ratios (share falls to 0.79 of 041 and 0.62 of 051 filers = non-electors); the large banks adopting CECL at 2020Q1 begin the CECL HTM securities allowance item. Both are elections, not breaks.",MCP,2026-09-21
panel,ytd_co_farmland,2000-12-31,2001-03-31,"2001Q1 form consolidation: FFIEC 032/033/034 folded into the 041. Before 2001 the inferred 041 bucket is mostly 032/033/034 filers, whose forms did not collect these items (share ~0.12 = the true 041 filers); from 2001Q1 every 041 filer reports them. A population change in the bucket, not a reporting break.",MCP,2026-09-21
panel,ytd_rec_farmland,2000-12-31,2001-03-31,"2001Q1 form consolidation: FFIEC 032/033/034 folded into the 041. Before 2001 the inferred 041 bucket is mostly 032/033/034 filers, whose forms did not collect these items (share ~0.12 = the true 041 filers); from 2001Q1 every 041 filer reports them. A population change in the bucket, not a reporting break.",MCP,2026-09-21
panel,ytd_co_multifam,2000-12-31,2001-03-31,"2001Q1 form consolidation: FFIEC 032/033/034 folded into the 041. Before 2001 the inferred 041 bucket is mostly 032/033/034 filers, whose forms did not collect these items (share ~0.12 = the true 041 filers); from 2001Q1 every 041 filer reports them. A population change in the bucket, not a reporting break.",MCP,2026-09-21
panel,ytd_rec_multifam,2000-12-31,2001-03-31,"2001Q1 form consolidation: FFIEC 032/033/034 folded into the 041. Before 2001 the inferred 041 bucket is mostly 032/033/034 filers, whose forms did not collect these items (share ~0.12 = the true 041 filers); from 2001Q1 every 041 filer reports them. A population change in the bucket, not a reporting break.",MCP,2026-09-21
panel,ytd_co_depinst,2000-12-31,2001-03-31,"2001Q1 form consolidation: FFIEC 032/033/034 folded into the 041. Before 2001 the inferred 041 bucket is mostly 032/033/034 filers, whose forms did not collect these items (share ~0.12 = the true 041 filers); from 2001Q1 every 041 filer reports them. A population change in the bucket, not a reporting break.",MCP,2026-09-21
panel,ytd_rec_depinst,2000-12-31,2001-03-31,"2001Q1 form consolidation: FFIEC 032/033/034 folded into the 041. Before 2001 the inferred 041 bucket is mostly 032/033/034 filers, whose forms did not collect these items (share ~0.12 = the true 041 filers); from 2001Q1 every 041 filer reports them. A population change in the bucket, not a reporting break.",MCP,2026-09-21
panel,ytd_rec_ci,2000-12-31,2001-03-31,"2001Q1 form consolidation: FFIEC 032/033/034 folded into the 041. Before 2001 the inferred 041 bucket is mostly 032/033/034 filers, whose forms did not collect these items (share ~0.12 = the true 041 filers); from 2001Q1 every 041 filer reports them. A population change in the bucket, not a reporting break.",MCP,2026-09-21
panel,ytd_rec_forgovt,2000-12-31,2001-03-31,"2001Q1 form consolidation: FFIEC 032/033/034 folded into the 041. Before 2001 the inferred 041 bucket is mostly 032/033/034 filers, whose forms did not collect these items (share ~0.12 = the true 041 filers); from 2001Q1 every 041 filer reports them. A population change in the bucket, not a reporting break.",MCP,2026-09-21
panel,ytd_rec_othln,2000-12-31,2001-03-31,"2001Q1 form consolidation: FFIEC 032/033/034 folded into the 041. Before 2001 the inferred 041 bucket is mostly 032/033/034 filers, whose forms did not collect these items (share ~0.12 = the true 041 filers); from 2001Q1 every 041 filer reports them. A population change in the bucket, not a reporting break.",MCP,2026-09-21
panel,ytd_co_ci,2000-12-31,2001-03-31,"2001Q1 form consolidation: FFIEC 032/033/034 folded into the 041. Before 2001 the inferred 041 bucket is mostly 032/033/034 filers, whose forms did not collect these items (share ~0.12 = the true 041 filers); from 2001Q1 every 041 filer reports them. A population change in the bucket, not a reporting break.",MCP,2026-09-21
panel,ytd_co_forgovt,2000-12-31,2001-03-31,"2001Q1 form consolidation: FFIEC 032/033/034 folded into the 041. Before 2001 the inferred 041 bucket is mostly 032/033/034 filers, whose forms did not collect these items (share ~0.12 = the true 041 filers); from 2001Q1 every 041 filer reports them. A population change in the bucket, not a reporting break.",MCP,2026-09-21
panel,ytd_co_othln,2000-12-31,2001-03-31,"2001Q1 form consolidation: FFIEC 032/033/034 folded into the 041. Before 2001 the inferred 041 bucket is mostly 032/033/034 filers, whose forms did not collect these items (share ~0.12 = the true 041 filers); from 2001Q1 every 041 filer reports them. A population change in the bucket, not a reporting break.",MCP,2026-09-21
panel,ytd_co_agprod,2000-12-31,2001-03-31,"2001Q1 form consolidation: FFIEC 032/033/034 folded into the 041. Before 2001 the inferred 041 bucket is mostly 032/033/034 filers, whose forms did not collect these items (share ~0.12 = the true 041 filers); from 2001Q1 every 041 filer reports them. A population change in the bucket, not a reporting break.",MCP,2026-09-21
panel,ytd_rec_agprod,2000-12-31,2001-03-31,"2001Q1 form consolidation: FFIEC 032/033/034 folded into the 041. Before 2001 the inferred 041 bucket is mostly 032/033/034 filers, whose forms did not collect these items (share ~0.12 = the true 041 filers); from 2001Q1 every 041 filer reports them. A population change in the bucket, not a reporting break.",MCP,2026-09-21
panel,ytd_co_finance_cre,2000-12-31,2001-03-31,"2001Q1 form consolidation: FFIEC 032/033/034 folded into the 041. Before 2001 the inferred 041 bucket is mostly 032/033/034 filers, whose forms did not collect these items (share ~0.12 = the true 041 filers); from 2001Q1 every 041 filer reports them. A population change in the bucket, not a reporting break.",MCP,2026-09-21
panel,ytd_rec_finance_cre,2000-12-31,2001-03-31,"2001Q1 form consolidation: FFIEC 032/033/034 folded into the 041. Before 2001 the inferred 041 bucket is mostly 032/033/034 filers, whose forms did not collect these items (share ~0.12 = the true 041 filers); from 2001Q1 every 041 filer reports them. A population change in the bucket, not a reporting break.",MCP,2026-09-21
panel,ytd_co_heloc,2000-12-31,2001-03-31,"2001Q1 form consolidation: FFIEC 032/033/034 folded into the 041. Before 2001 the inferred 041 bucket is mostly 032/033/034 filers, whose forms did not collect these items (share ~0.12 = the true 041 filers); from 2001Q1 every 041 filer reports them. A population change in the bucket, not a reporting break.",MCP,2026-09-21
panel,ytd_rec_heloc,2000-12-31,2001-03-31,"2001Q1 form consolidation: FFIEC 032/033/034 folded into the 041. Before 2001 the inferred 041 bucket is mostly 032/033/034 filers, whose forms did not collect these items (share ~0.12 = the true 041 filers); from 2001Q1 every 041 filer reports them. A population change in the bucket, not a reporting break.",MCP,2026-09-21
panel,ytd_co_constr_res14,2007-12-31,2008-03-31,"RC-O assessment-base items (assessable deposits, allowable exclusions) extended from large-bank-only to all filers at 2008Q1 (FDIC assessment reform). Construction split items (condev_07 etc.) begin 2008Q1 with the 2007 RC-C construction split fully phased in.",MCP,2026-09-21
panel,ytd_rec_constr_res14,2007-12-31,2008-03-31,"RC-O assessment-base items (assessable deposits, allowable exclusions) extended from large-bank-only to all filers at 2008Q1 (FDIC assessment reform). Construction split items (condev_07 etc.) begin 2008Q1 with the 2007 RC-C construction split fully phased in.",MCP,2026-09-21
panel,ytd_co_constr_oth,2007-12-31,2008-03-31,"RC-O assessment-base items (assessable deposits, allowable exclusions) extended from large-bank-only to all filers at 2008Q1 (FDIC assessment reform). Construction split items (condev_07 etc.) begin 2008Q1 with the 2007 RC-C construction split fully phased in.",MCP,2026-09-21
panel,ytd_rec_constr_oth,2007-12-31,2008-03-31,"RC-O assessment-base items (assessable deposits, allowable exclusions) extended from large-bank-only to all filers at 2008Q1 (FDIC assessment reform). Construction split items (condev_07 etc.) begin 2008Q1 with the 2007 RC-C construction split fully phased in.",MCP,2026-09-21
panel,ytd_co_nfnres_owner,2007-12-31,2008-03-31,"RC-O assessment-base items (assessable deposits, allowable exclusions) extended from large-bank-only to all filers at 2008Q1 (FDIC assessment reform). Construction split items (condev_07 etc.) begin 2008Q1 with the 2007 RC-C construction split fully phased in.",MCP,2026-09-21
panel,ytd_rec_nfnres_owner,2007-12-31,2008-03-31,"RC-O assessment-base items (assessable deposits, allowable exclusions) extended from large-bank-only to all filers at 2008Q1 (FDIC assessment reform). Construction split items (condev_07 etc.) begin 2008Q1 with the 2007 RC-C construction split fully phased in.",MCP,2026-09-21
panel,ytd_co_nfnres_oth,2007-12-31,2008-03-31,"RC-O assessment-base items (assessable deposits, allowable exclusions) extended from large-bank-only to all filers at 2008Q1 (FDIC assessment reform). Construction split items (condev_07 etc.) begin 2008Q1 with the 2007 RC-C construction split fully phased in.",MCP,2026-09-21
panel,ytd_rec_nfnres_oth,2007-12-31,2008-03-31,"RC-O assessment-base items (assessable deposits, allowable exclusions) extended from large-bank-only to all filers at 2008Q1 (FDIC assessment reform). Construction split items (condev_07 etc.) begin 2008Q1 with the 2007 RC-C construction split fully phased in.",MCP,2026-09-21
panel,acl_oth_fin_assets,2022-12-31,2023-03-31,CECL adoption by all remaining institutions at 2023Q1 (ASU 2016-13): the CECL allowance and provision items go from the early adopters (~0.03 of 051 filers) to nearly everyone.,MCP,2026-09-21
panel,ytd_provision_htm,2022-12-31,2023-03-31,CECL adoption by all remaining institutions at 2023Q1 (ASU 2016-13): the CECL allowance and provision items go from the early adopters (~0.03 of 051 filers) to nearly everyone.,MCP,2026-09-21
panel,ytd_provision_afs,2022-12-31,2023-03-31,CECL adoption by all remaining institutions at 2023Q1 (ASU 2016-13): the CECL allowance and provision items go from the early adopters (~0.03 of 051 filers) to nearly everyone.,MCP,2026-09-21
panel,ytd_provision_oth_fin,2022-12-31,2023-03-31,CECL adoption by all remaining institutions at 2023Q1 (ASU 2016-13): the CECL allowance and provision items go from the early adopters (~0.03 of 051 filers) to nearly everyone.,MCP,2026-09-21
panel,ytd_provision_obs,2022-12-31,2023-03-31,CECL adoption by all remaining institutions at 2023Q1 (ASU 2016-13): the CECL allowance and provision items go from the early adopters (~0.03 of 051 filers) to nearly everyone.,MCP,2026-09-21
panel,na_cc_incl_revolving_pre01,1985-03-31,1985-06-30,1985 vintage files (see 1986-03-31): burn-in year.,MCP,2026-09-21
panel,ac_htm_abs_pre06,2005-12-31,2006-03-31,2006Q1 revision: the RC-B asset-backed securities detail (abs_1..6) and the RC-O uninsured-deposits estimate became reportable only above thresholds ($1bn assets for the uninsured estimate). Share falls to ~0.08 = the large banks. Conditional from 2006Q1.,MCP,2026-09-21
panel,ac_htm_abs_pre06,2018-03-31,2018-06-30,2018Q2 burden-relief revision: RC-B ABS detail and the RC-K quarterly-average trading assets became reportable only above thresholds ($10m trading assets for the average). Share falls to ~0.05-0.06 = banks above the threshold.,MCP,2026-09-21
panel,fv_htm_abs_pre06,2005-12-31,2006-03-31,2006Q1 revision: the RC-B asset-backed securities detail (abs_1..6) and the RC-O uninsured-deposits estimate became reportable only above thresholds ($1bn assets for the uninsured estimate). Share falls to ~0.08 = the large banks. Conditional from 2006Q1.,MCP,2026-09-21
panel,fv_htm_abs_pre06,2018-03-31,2018-06-30,2018Q2 burden-relief revision: RC-B ABS detail and the RC-K quarterly-average trading assets became reportable only above thresholds ($10m trading assets for the average). Share falls to ~0.05-0.06 = banks above the threshold.,MCP,2026-09-21
panel,fv_afs_abs_pre06,2005-12-31,2006-03-31,2006Q1 revision: the RC-B asset-backed securities detail (abs_1..6) and the RC-O uninsured-deposits estimate became reportable only above thresholds ($1bn assets for the uninsured estimate). Share falls to ~0.08 = the large banks. Conditional from 2006Q1.,MCP,2026-09-21
panel,fv_afs_abs_pre06,2018-03-31,2018-06-30,2018Q2 burden-relief revision: RC-B ABS detail and the RC-K quarterly-average trading assets became reportable only above thresholds ($10m trading assets for the average). Share falls to ~0.05-0.06 = banks above the threshold.,MCP,2026-09-21
panel,fv_ln_famres_pre18,2008-09-30,2008-12-31,"Fair-value-option loan items (RC-Q / RC-C fair value) became reportable only by banks electing the fair value option from 2008Q4; share falls from 1.00 to ~0.04 = the electing banks. Conditional item, not a break.",MCP,2026-09-21
panel,fv_ln_famres,2008-09-30,2008-12-31,"Fair-value-option loan items (RC-Q / RC-C fair value) became reportable only by banks electing the fair value option from 2008Q4; share falls from 1.00 to ~0.04 = the electing banks. Conditional item, not a break.",MCP,2026-09-21
panel,fv_ln_othres_pre18,2008-09-30,2008-12-31,"Fair-value-option loan items (RC-Q / RC-C fair value) became reportable only by banks electing the fair value option from 2008Q4; share falls from 1.00 to ~0.04 = the electing banks. Conditional item, not a break.",MCP,2026-09-21
panel,fv_ln_othres,2008-09-30,2008-12-31,"Fair-value-option loan items (RC-Q / RC-C fair value) became reportable only by banks electing the fair value option from 2008Q4; share falls from 1.00 to ~0.04 = the electing banks. Conditional item, not a break.",MCP,2026-09-21
panel,fv_ln_res,2008-09-30,2008-12-31,"Fair-value-option loan items (RC-Q / RC-C fair value) became reportable only by banks electing the fair value option from 2008Q4; share falls from 1.00 to ~0.04 = the electing banks. Conditional item, not a break.",MCP,2026-09-21
panel,fv_ln_cons_pre18,2008-09-30,2008-12-31,"Fair-value-option loan items (RC-Q / RC-C fair value) became reportable only by banks electing the fair value option from 2008Q4; share falls from 1.00 to ~0.04 = the electing banks. Conditional item, not a break.",MCP,2026-09-21
panel,fv_ln_cons,2008-09-30,2008-12-31,"Fair-value-option loan items (RC-Q / RC-C fair value) became reportable only by banks electing the fair value option from 2008Q4; share falls from 1.00 to ~0.04 = the electing banks. Conditional item, not a break.",MCP,2026-09-21
panel,ln_condev_07,2007-12-31,2008-03-31,"RC-O assessment-base items (assessable deposits, allowable exclusions) extended from large-bank-only to all filers at 2008Q1 (FDIC assessment reform). Construction split items (condev_07 etc.) begin 2008Q1 with the 2007 RC-C construction split fully phased in.",MCP,2026-09-21
panel,ln_other_re_08,2007-12-31,2008-03-31,"RC-O assessment-base items (assessable deposits, allowable exclusions) extended from large-bank-only to all filers at 2008Q1 (FDIC assessment reform). Construction split items (condev_07 etc.) begin 2008Q1 with the 2007 RC-C construction split fully phased in.",MCP,2026-09-21
panel,na_ci,2000-12-31,2001-03-31,"2001Q1 form consolidation: FFIEC 032/033/034 folded into the 041. Before 2001 the inferred 041 bucket is mostly 032/033/034 filers, whose forms did not collect these items (share ~0.12 = the true 041 filers); from 2001Q1 every 041 filer reports them. A population change in the bucket, not a reporting break.",MCP,2026-09-21
panel,uc_loans_sec_by_restate_07,2007-12-31,2008-03-31,"RC-O assessment-base items (assessable deposits, allowable exclusions) extended from large-bank-only to all filers at 2008Q1 (FDIC assessment reform). Construction split items (condev_07 etc.) begin 2008Q1 with the 2007 RC-C construction split fully phased in.",MCP,2026-09-21
panel,ln_resconst,2007-12-31,2008-03-31,"RC-O assessment-base items (assessable deposits, allowable exclusions) extended from large-bank-only to all filers at 2008Q1 (FDIC assessment reform). Construction split items (condev_07 etc.) begin 2008Q1 with the 2007 RC-C construction split fully phased in.",MCP,2026-09-21
panel,ln_crelandconst,2007-12-31,2008-03-31,"RC-O assessment-base items (assessable deposits, allowable exclusions) extended from large-bank-only to all filers at 2008Q1 (FDIC assessment reform). Construction split items (condev_07 etc.) begin 2008Q1 with the 2007 RC-C construction split fully phased in.",MCP,2026-09-21
panel,ln_ownoccnfnr,2007-12-31,2008-03-31,"RC-O assessment-base items (assessable deposits, allowable exclusions) extended from large-bank-only to all filers at 2008Q1 (FDIC assessment reform). Construction split items (condev_07 etc.) begin 2008Q1 with the 2007 RC-C construction split fully phased in.",MCP,2026-09-21
panel,ln_othernfnr,2007-12-31,2008-03-31,"RC-O assessment-base items (assessable deposits, allowable exclusions) extended from large-bank-only to all filers at 2008Q1 (FDIC assessment reform). Construction split items (condev_07 etc.) begin 2008Q1 with the 2007 RC-C construction split fully phased in.",MCP,2026-09-21
panel,amt_ln_smallfarm_tot,2007-06-30,2008-06-30,RC-C Part II small business / small farm detail: the 2008Q2 revision added the yes/no screen (RCON6999 / RCON6860); a bank whose loans in these categories are all $100k or less answers yes and skips the size-bucket detail. Share falls to ~0.65 = banks with larger loans. Conditional from 2008Q2.,MCP,2026-09-21
panel,ln_oth,2000-12-31,2001-03-31,"2001Q1 form consolidation: FFIEC 032/033/034 folded into the 041. Before 2001 the inferred 041 bucket is mostly 032/033/034 filers, whose forms did not collect these items (share ~0.12 = the true 041 filers); from 2001Q1 every 041 filer reports them. A population change in the bucket, not a reporting break.",MCP,2026-09-21
panel,trad_revaluation_net,2000-12-31,2001-03-31,"2001Q1 form consolidation: FFIEC 032/033/034 folded into the 041. Before 2001 the inferred 041 bucket is mostly 032/033/034 filers, whose forms did not collect these items (share ~0.12 = the true 041 filers); from 2001Q1 every 041 filer reports them. A population change in the bucket, not a reporting break.",MCP,2026-09-21
panel,na_consumer_tot,2000-12-31,2001-03-31,"2001Q1 form consolidation: FFIEC 032/033/034 folded into the 041. Before 2001 the inferred 041 bucket is mostly 032/033/034 filers, whose forms did not collect these items (share ~0.12 = the true 041 filers); from 2001Q1 every 041 filer reports them. A population change in the bucket, not a reporting break.",MCP,2026-09-21
panel,pd90_constr,2000-12-31,2001-03-31,"2001Q1 form consolidation: FFIEC 032/033/034 folded into the 041. Before 2001 the inferred 041 bucket is mostly 032/033/034 filers, whose forms did not collect these items (share ~0.12 = the true 041 filers); from 2001Q1 every 041 filer reports them. A population change in the bucket, not a reporting break.",MCP,2026-09-21
panel,pd90_nfnres,2000-12-31,2001-03-31,"2001Q1 form consolidation: FFIEC 032/033/034 folded into the 041. Before 2001 the inferred 041 bucket is mostly 032/033/034 filers, whose forms did not collect these items (share ~0.12 = the true 041 filers); from 2001Q1 every 041 filer reports them. A population change in the bucket, not a reporting break.",MCP,2026-09-21
panel,pd90_ci,2000-12-31,2001-03-31,"2001Q1 form consolidation: FFIEC 032/033/034 folded into the 041. Before 2001 the inferred 041 bucket is mostly 032/033/034 filers, whose forms did not collect these items (share ~0.12 = the true 041 filers); from 2001Q1 every 041 filer reports them. A population change in the bucket, not a reporting break.",MCP,2026-09-21
panel,pd90_depinst,2000-12-31,2001-03-31,"2001Q1 form consolidation: FFIEC 032/033/034 folded into the 041. Before 2001 the inferred 041 bucket is mostly 032/033/034 filers, whose forms did not collect these items (share ~0.12 = the true 041 filers); from 2001Q1 every 041 filer reports them. A population change in the bucket, not a reporting break.",MCP,2026-09-21
panel,na_depinst,2000-12-31,2001-03-31,"2001Q1 form consolidation: FFIEC 032/033/034 folded into the 041. Before 2001 the inferred 041 bucket is mostly 032/033/034 filers, whose forms did not collect these items (share ~0.12 = the true 041 filers); from 2001Q1 every 041 filer reports them. A population change in the bucket, not a reporting break.",MCP,2026-09-21
panel,na_lease,1985-03-31,1985-06-30,1985 vintage files (see 1986-03-31): burn-in year.,MCP,2026-09-21
panel,tier2_capital,2019-12-31,2020-03-31,"2020Q1: the community bank leverage ratio (CBLR) election lets qualifying banks stop reporting risk-weighted assets and the risk-based capital ratios (share falls to 0.79 of 041 and 0.62 of 051 filers = non-electors); the large banks adopting CECL at 2020Q1 begin the CECL HTM securities allowance item. Both are elections, not breaks.",MCP,2026-09-21
panel,rwa,2019-12-31,2020-03-31,"2020Q1: the community bank leverage ratio (CBLR) election lets qualifying banks stop reporting risk-weighted assets and the risk-based capital ratios (share falls to 0.79 of 041 and 0.62 of 051 filers = non-electors); the large banks adopting CECL at 2020Q1 begin the CECL HTM securities allowance item. Both are elections, not breaks.",MCP,2026-09-21
panel,total_capital,2019-12-31,2020-03-31,"2020Q1: the community bank leverage ratio (CBLR) election lets qualifying banks stop reporting risk-weighted assets and the risk-based capital ratios (share falls to 0.79 of 041 and 0.62 of 051 filers = non-electors); the large banks adopting CECL at 2020Q1 begin the CECL HTM securities allowance item. Both are elections, not breaks.",MCP,2026-09-21
panel,tier1_rbc_ratio,2019-12-31,2020-03-31,"2020Q1: the community bank leverage ratio (CBLR) election lets qualifying banks stop reporting risk-weighted assets and the risk-based capital ratios (share falls to 0.79 of 041 and 0.62 of 051 filers = non-electors); the large banks adopting CECL at 2020Q1 begin the CECL HTM securities allowance item. Both are elections, not breaks.",MCP,2026-09-21
panel,total_rbc_ratio,2019-12-31,2020-03-31,"2020Q1: the community bank leverage ratio (CBLR) election lets qualifying banks stop reporting risk-weighted assets and the risk-based capital ratios (share falls to 0.79 of 041 and 0.62 of 051 filers = non-electors); the large banks adopting CECL at 2020Q1 begin the CECL HTM securities allowance item. Both are elections, not breaks.",MCP,2026-09-21
panel,cet1_ratio,2019-12-31,2020-03-31,"2020Q1: the community bank leverage ratio (CBLR) election lets qualifying banks stop reporting risk-weighted assets and the risk-based capital ratios (share falls to 0.79 of 041 and 0.62 of 051 filers = non-electors); the large banks adopting CECL at 2020Q1 begin the CECL HTM securities allowance item. Both are elections, not breaks.",MCP,2026-09-21
panel,ytd_co_consumer_oth,2000-12-31,2001-03-31,"2001Q1 form consolidation: FFIEC 032/033/034 folded into the 041. Before 2001 the inferred 041 bucket is mostly 032/033/034 filers, whose forms did not collect these items (share ~0.12 = the true 041 filers); from 2001Q1 every 041 filer reports them. A population change in the bucket, not a reporting break.",MCP,2026-09-21
panel,ytd_co_consumer_tot,2000-12-31,2001-03-31,"2001Q1 form consolidation: FFIEC 032/033/034 folded into the 041. Before 2001 the inferred 041 bucket is mostly 032/033/034 filers, whose forms did not collect these items (share ~0.12 = the true 041 filers); from 2001Q1 every 041 filer reports them. A population change in the bucket, not a reporting break.",MCP,2026-09-21
panel,ytd_rec_consumer_oth,2000-12-31,2001-03-31,"2001Q1 form consolidation: FFIEC 032/033/034 folded into the 041. Before 2001 the inferred 041 bucket is mostly 032/033/034 filers, whose forms did not collect these items (share ~0.12 = the true 041 filers); from 2001Q1 every 041 filer reports them. A population change in the bucket, not a reporting break.",MCP,2026-09-21
panel,ytd_rec_consumer_tot,2000-12-31,2001-03-31,"2001Q1 form consolidation: FFIEC 032/033/034 folded into the 041. Before 2001 the inferred 041 bucket is mostly 032/033/034 filers, whose forms did not collect these items (share ~0.12 = the true 041 filers); from 2001Q1 every 041 filer reports them. A population change in the bucket, not a reporting break.",MCP,2026-09-21
panel,equitysec_20,2020-03-31,2020-06-30,"2020Q2: the ASU 2016-01 adoption wave for smaller reporting companies -- equity securities move from the AFS lines (A511 / 9720) to JA22; on the 031 the purchased-credit-impaired items fall to the non-CECL-adopters (PCI is a pre-CECL concept). Adoption timing, not a break.",MCP,2026-09-21
panel,equitysec_20,2020-09-30,2020-12-31,ASU 2016-01 adoption completed for the smallest (051) filers at 2020Q4: equitysec_20 reaches full coverage.,MCP,2026-09-21
panel,deriv_pos_fv,2018-06-30,2018-12-31,Same as 2018-09-30: the Q4 half of the new semiannual pattern.,MCP,2026-09-21
panel,na_re_f663,2019-06-30,2019-09-30,"051 filers report the RC-N loan-modification items semiannually (Q2/Q4). The frequency classifier needs three years of the pattern before declaring it; 2019Q3/Q4 are the last quarters before it does. Semiannual collection, not a break. IRA accounts (ira_acc_tot) likewise semiannual on the 051.",MCP,2026-09-21
panel,na_re_f663,2019-09-30,2019-12-31,Same as 2019-09-30: the Q4 half of the 051 semiannual pattern for the modification items.,MCP,2026-09-21
panel,afs_inv_mf_eqsec,2020-03-31,2020-06-30,"2020Q2: the ASU 2016-01 adoption wave for smaller reporting companies -- equity securities move from the AFS lines (A511 / 9720) to JA22; on the 031 the purchased-credit-impaired items fall to the non-CECL-adopters (PCI is a pre-CECL concept). Adoption timing, not a break.",MCP,2026-09-21
panel,ytd_cecl_htm_dsec_cp_bal,2022-12-31,2023-03-31,CECL adoption by all remaining institutions at 2023Q1 (ASU 2016-13): the CECL allowance and provision items go from the early adopters (~0.03 of 051 filers) to nearly everyone.,MCP,2026-09-21
panel,ira_acc_tot,2019-06-30,2019-09-30,"051 filers report the RC-N loan-modification items semiannually (Q2/Q4). The frequency classifier needs three years of the pattern before declaring it; 2019Q3/Q4 are the last quarters before it does. Semiannual collection, not a break. IRA accounts (ira_acc_tot) likewise semiannual on the 051.",MCP,2026-09-21
panel,ira_acc_tot,2019-09-30,2019-12-31,Same as 2019-09-30: the Q4 half of the 051 semiannual pattern for the modification items.,MCP,2026-09-21
panel,ac_afs_mutual_funds_9720,2020-03-31,2020-06-30,"2020Q2: the ASU 2016-01 adoption wave for smaller reporting companies -- equity securities move from the AFS lines (A511 / 9720) to JA22; on the 031 the purchased-credit-impaired items fall to the non-CECL-adopters (PCI is a pre-CECL concept). Adoption timing, not a break.",MCP,2026-09-21
panel,ac_htm_sold_or_transferred_ytd,2018-06-30,2018-09-30,"2018Q3 burden-relief revision: purchased-credit-impaired items, HTM sold/transferred, negative-amortization loans and credit-card commitment lines moved from quarterly to semiannual (Q2/Q4) collection. Raw coverage 0.99/0.99/0.05/0.99 in 2018 and 0.05/0.98/0.05/0.98 in 2019. The classifier declares the new frequency after three years; these are the transition quarters.",MCP,2026-09-21
panel,ac_htm_sold_or_transferred_ytd,2018-09-30,2018-12-31,Same as 2018-09-30: the Q4 half of the new semiannual pattern.,MCP,2026-09-21
panel,ln_closedend_negative_amortization,2018-06-30,2018-09-30,"2018Q3 burden-relief revision: purchased-credit-impaired items, HTM sold/transferred, negative-amortization loans and credit-card commitment lines moved from quarterly to semiannual (Q2/Q4) collection. Raw coverage 0.99/0.99/0.05/0.99 in 2018 and 0.05/0.98/0.05/0.98 in 2019. The classifier declares the new frequency after three years; these are the transition quarters.",MCP,2026-09-21
panel,ln_closedend_negative_amortization,2018-09-30,2018-12-31,Same as 2018-09-30: the Q4 half of the new semiannual pattern.,MCP,2026-09-21
panel,offers_consumer_dep_products,2019-06-30,2019-09-30,"051 filers report the RC-N loan-modification items semiannually (Q2/Q4). The frequency classifier needs three years of the pattern before declaring it; 2019Q3/Q4 are the last quarters before it does. Semiannual collection, not a break. IRA accounts (ira_acc_tot) likewise semiannual on the 051.",MCP,2026-09-21
panel,offers_consumer_dep_products,2019-09-30,2019-12-31,Same as 2019-09-30: the Q4 half of the 051 semiannual pattern for the modification items.,MCP,2026-09-21
panel,pd30_othln_modified,2019-06-30,2019-09-30,"051 filers report the RC-N loan-modification items semiannually (Q2/Q4). The frequency classifier needs three years of the pattern before declaring it; 2019Q3/Q4 are the last quarters before it does. Semiannual collection, not a break. IRA accounts (ira_acc_tot) likewise semiannual on the 051.",MCP,2026-09-21
panel,pd30_othln_modified,2019-09-30,2019-12-31,Same as 2019-09-30: the Q4 half of the 051 semiannual pattern for the modification items.,MCP,2026-09-21
panel,pd90_othln_modified,2019-06-30,2019-09-30,"051 filers report the RC-N loan-modification items semiannually (Q2/Q4). The frequency classifier needs three years of the pattern before declaring it; 2019Q3/Q4 are the last quarters before it does. Semiannual collection, not a break. IRA accounts (ira_acc_tot) likewise semiannual on the 051.",MCP,2026-09-21
panel,pd90_othln_modified,2019-09-30,2019-12-31,Same as 2019-09-30: the Q4 half of the 051 semiannual pattern for the modification items.,MCP,2026-09-21
panel,na_othln_modified,2019-06-30,2019-09-30,"051 filers report the RC-N loan-modification items semiannually (Q2/Q4). The frequency classifier needs three years of the pattern before declaring it; 2019Q3/Q4 are the last quarters before it does. Semiannual collection, not a break. IRA accounts (ira_acc_tot) likewise semiannual on the 051.",MCP,2026-09-21
panel,na_othln_modified,2019-09-30,2019-12-31,Same as 2019-09-30: the Q4 half of the 051 semiannual pattern for the modification items.,MCP,2026-09-21
panel,pd30_agprod_modified,2019-06-30,2019-09-30,"051 filers report the RC-N loan-modification items semiannually (Q2/Q4). The frequency classifier needs three years of the pattern before declaring it; 2019Q3/Q4 are the last quarters before it does. Semiannual collection, not a break. IRA accounts (ira_acc_tot) likewise semiannual on the 051.",MCP,2026-09-21
panel,pd30_agprod_modified,2019-09-30,2019-12-31,Same as 2019-09-30: the Q4 half of the 051 semiannual pattern for the modification items.,MCP,2026-09-21
panel,pd90_agprod_modified,2019-06-30,2019-09-30,"051 filers report the RC-N loan-modification items semiannually (Q2/Q4). The frequency classifier needs three years of the pattern before declaring it; 2019Q3/Q4 are the last quarters before it does. Semiannual collection, not a break. IRA accounts (ira_acc_tot) likewise semiannual on the 051.",MCP,2026-09-21
panel,pd90_agprod_modified,2019-09-30,2019-12-31,Same as 2019-09-30: the Q4 half of the 051 semiannual pattern for the modification items.,MCP,2026-09-21
panel,na_agprod_modified,2019-06-30,2019-09-30,"051 filers report the RC-N loan-modification items semiannually (Q2/Q4). The frequency classifier needs three years of the pattern before declaring it; 2019Q3/Q4 are the last quarters before it does. Semiannual collection, not a break. IRA accounts (ira_acc_tot) likewise semiannual on the 051.",MCP,2026-09-21
panel,na_agprod_modified,2019-09-30,2019-12-31,Same as 2019-09-30: the Q4 half of the 051 semiannual pattern for the modification items.,MCP,2026-09-21
panel,pd30_indiv_modified,2019-06-30,2019-09-30,"051 filers report the RC-N loan-modification items semiannually (Q2/Q4). The frequency classifier needs three years of the pattern before declaring it; 2019Q3/Q4 are the last quarters before it does. Semiannual collection, not a break. IRA accounts (ira_acc_tot) likewise semiannual on the 051.",MCP,2026-09-21
panel,pd30_indiv_modified,2019-09-30,2019-12-31,Same as 2019-09-30: the Q4 half of the 051 semiannual pattern for the modification items.,MCP,2026-09-21
panel,pd90_indiv_modified,2019-06-30,2019-09-30,"051 filers report the RC-N loan-modification items semiannually (Q2/Q4). The frequency classifier needs three years of the pattern before declaring it; 2019Q3/Q4 are the last quarters before it does. Semiannual collection, not a break. IRA accounts (ira_acc_tot) likewise semiannual on the 051.",MCP,2026-09-21
panel,pd90_indiv_modified,2019-09-30,2019-12-31,Same as 2019-09-30: the Q4 half of the 051 semiannual pattern for the modification items.,MCP,2026-09-21
panel,na_indiv_modified,2019-06-30,2019-09-30,"051 filers report the RC-N loan-modification items semiannually (Q2/Q4). The frequency classifier needs three years of the pattern before declaring it; 2019Q3/Q4 are the last quarters before it does. Semiannual collection, not a break. IRA accounts (ira_acc_tot) likewise semiannual on the 051.",MCP,2026-09-21
panel,na_indiv_modified,2019-09-30,2019-12-31,Same as 2019-09-30: the Q4 half of the 051 semiannual pattern for the modification items.,MCP,2026-09-21
panel,pd30_auto_modified,2019-06-30,2019-09-30,"051 filers report the RC-N loan-modification items semiannually (Q2/Q4). The frequency classifier needs three years of the pattern before declaring it; 2019Q3/Q4 are the last quarters before it does. Semiannual collection, not a break. IRA accounts (ira_acc_tot) likewise semiannual on the 051.",MCP,2026-09-21
panel,pd30_auto_modified,2019-09-30,2019-12-31,Same as 2019-09-30: the Q4 half of the 051 semiannual pattern for the modification items.,MCP,2026-09-21
panel,pd90_auto_modified,2019-06-30,2019-09-30,"051 filers report the RC-N loan-modification items semiannually (Q2/Q4). The frequency classifier needs three years of the pattern before declaring it; 2019Q3/Q4 are the last quarters before it does. Semiannual collection, not a break. IRA accounts (ira_acc_tot) likewise semiannual on the 051.",MCP,2026-09-21
panel,pd90_auto_modified,2019-09-30,2019-12-31,Same as 2019-09-30: the Q4 half of the 051 semiannual pattern for the modification items.,MCP,2026-09-21
panel,na_auto_modified,2019-06-30,2019-09-30,"051 filers report the RC-N loan-modification items semiannually (Q2/Q4). The frequency classifier needs three years of the pattern before declaring it; 2019Q3/Q4 are the last quarters before it does. Semiannual collection, not a break. IRA accounts (ira_acc_tot) likewise semiannual on the 051.",MCP,2026-09-21
panel,na_auto_modified,2019-09-30,2019-12-31,Same as 2019-09-30: the Q4 half of the 051 semiannual pattern for the modification items.,MCP,2026-09-21
panel,pd30_cc_modified,2019-06-30,2019-09-30,"051 filers report the RC-N loan-modification items semiannually (Q2/Q4). The frequency classifier needs three years of the pattern before declaring it; 2019Q3/Q4 are the last quarters before it does. Semiannual collection, not a break. IRA accounts (ira_acc_tot) likewise semiannual on the 051.",MCP,2026-09-21
panel,pd30_cc_modified,2019-09-30,2019-12-31,Same as 2019-09-30: the Q4 half of the 051 semiannual pattern for the modification items.,MCP,2026-09-21
panel,pd90_cc_modified,2019-06-30,2019-09-30,"051 filers report the RC-N loan-modification items semiannually (Q2/Q4). The frequency classifier needs three years of the pattern before declaring it; 2019Q3/Q4 are the last quarters before it does. Semiannual collection, not a break. IRA accounts (ira_acc_tot) likewise semiannual on the 051.",MCP,2026-09-21
panel,pd90_cc_modified,2019-09-30,2019-12-31,Same as 2019-09-30: the Q4 half of the 051 semiannual pattern for the modification items.,MCP,2026-09-21
panel,na_cc_modified,2019-06-30,2019-09-30,"051 filers report the RC-N loan-modification items semiannually (Q2/Q4). The frequency classifier needs three years of the pattern before declaring it; 2019Q3/Q4 are the last quarters before it does. Semiannual collection, not a break. IRA accounts (ira_acc_tot) likewise semiannual on the 051.",MCP,2026-09-21
panel,na_cc_modified,2019-09-30,2019-12-31,Same as 2019-09-30: the Q4 half of the 051 semiannual pattern for the modification items.,MCP,2026-09-21
panel,pci_balance_pd30,2018-06-30,2018-09-30,"2018Q3 burden-relief revision: purchased-credit-impaired items, HTM sold/transferred, negative-amortization loans and credit-card commitment lines moved from quarterly to semiannual (Q2/Q4) collection. Raw coverage 0.99/0.99/0.05/0.99 in 2018 and 0.05/0.98/0.05/0.98 in 2019. The classifier declares the new frequency after three years; these are the transition quarters.",MCP,2026-09-21
panel,pci_balance_pd30,2018-09-30,2018-12-31,Same as 2018-09-30: the Q4 half of the new semiannual pattern.,MCP,2026-09-21
panel,pci_balance_pd30,2022-12-31,2023-06-30,Purchased-credit-impaired items are a pre-CECL concept; after CECL became universal at 2023Q1 they are reported by a ~4% residual and retired. Not a break.,MCP,2026-09-21
panel,pci_balance_pd90,2018-06-30,2018-09-30,"2018Q3 burden-relief revision: purchased-credit-impaired items, HTM sold/transferred, negative-amortization loans and credit-card commitment lines moved from quarterly to semiannual (Q2/Q4) collection. Raw coverage 0.99/0.99/0.05/0.99 in 2018 and 0.05/0.98/0.05/0.98 in 2019. The classifier declares the new frequency after three years; these are the transition quarters.",MCP,2026-09-21
panel,pci_balance_pd90,2018-09-30,2018-12-31,Same as 2018-09-30: the Q4 half of the new semiannual pattern.,MCP,2026-09-21
panel,pci_balance_pd90,2022-12-31,2023-06-30,Purchased-credit-impaired items are a pre-CECL concept; after CECL became universal at 2023Q1 they are reported by a ~4% residual and retired. Not a break.,MCP,2026-09-21
panel,pci_balance_na,2018-06-30,2018-09-30,"2018Q3 burden-relief revision: purchased-credit-impaired items, HTM sold/transferred, negative-amortization loans and credit-card commitment lines moved from quarterly to semiannual (Q2/Q4) collection. Raw coverage 0.99/0.99/0.05/0.99 in 2018 and 0.05/0.98/0.05/0.98 in 2019. The classifier declares the new frequency after three years; these are the transition quarters.",MCP,2026-09-21
panel,pci_balance_na,2018-09-30,2018-12-31,Same as 2018-09-30: the Q4 half of the new semiannual pattern.,MCP,2026-09-21
panel,pci_balance_na,2022-12-31,2023-06-30,Purchased-credit-impaired items are a pre-CECL concept; after CECL became universal at 2023Q1 they are reported by a ~4% residual and retired. Not a break.,MCP,2026-09-21
panel,pci_carrying_pd30,2018-06-30,2018-09-30,"2018Q3 burden-relief revision: purchased-credit-impaired items, HTM sold/transferred, negative-amortization loans and credit-card commitment lines moved from quarterly to semiannual (Q2/Q4) collection. Raw coverage 0.99/0.99/0.05/0.99 in 2018 and 0.05/0.98/0.05/0.98 in 2019. The classifier declares the new frequency after three years; these are the transition quarters.",MCP,2026-09-21
panel,pci_carrying_pd30,2018-09-30,2018-12-31,Same as 2018-09-30: the Q4 half of the new semiannual pattern.,MCP,2026-09-21
panel,pci_carrying_pd30,2022-12-31,2023-06-30,Purchased-credit-impaired items are a pre-CECL concept; after CECL became universal at 2023Q1 they are reported by a ~4% residual and retired. Not a break.,MCP,2026-09-21
panel,pci_carrying_pd90,2018-06-30,2018-09-30,"2018Q3 burden-relief revision: purchased-credit-impaired items, HTM sold/transferred, negative-amortization loans and credit-card commitment lines moved from quarterly to semiannual (Q2/Q4) collection. Raw coverage 0.99/0.99/0.05/0.99 in 2018 and 0.05/0.98/0.05/0.98 in 2019. The classifier declares the new frequency after three years; these are the transition quarters.",MCP,2026-09-21
panel,pci_carrying_pd90,2018-09-30,2018-12-31,Same as 2018-09-30: the Q4 half of the new semiannual pattern.,MCP,2026-09-21
panel,pci_carrying_pd90,2022-12-31,2023-06-30,Purchased-credit-impaired items are a pre-CECL concept; after CECL became universal at 2023Q1 they are reported by a ~4% residual and retired. Not a break.,MCP,2026-09-21
panel,pci_carrying_na,2018-06-30,2018-09-30,"2018Q3 burden-relief revision: purchased-credit-impaired items, HTM sold/transferred, negative-amortization loans and credit-card commitment lines moved from quarterly to semiannual (Q2/Q4) collection. Raw coverage 0.99/0.99/0.05/0.99 in 2018 and 0.05/0.98/0.05/0.98 in 2019. The classifier declares the new frequency after three years; these are the transition quarters.",MCP,2026-09-21
panel,pci_carrying_na,2018-09-30,2018-12-31,Same as 2018-09-30: the Q4 half of the new semiannual pattern.,MCP,2026-09-21
panel,pci_carrying_na,2022-12-31,2023-06-30,Purchased-credit-impaired items are a pre-CECL concept; after CECL became universal at 2023Q1 they are reported by a ~4% residual and retired. Not a break.,MCP,2026-09-21
panel,pd30_constr_res14_modified,2019-06-30,2019-09-30,"051 filers report the RC-N loan-modification items semiannually (Q2/Q4). The frequency classifier needs three years of the pattern before declaring it; 2019Q3/Q4 are the last quarters before it does. Semiannual collection, not a break. IRA accounts (ira_acc_tot) likewise semiannual on the 051.",MCP,2026-09-21
panel,pd30_constr_res14_modified,2019-09-30,2019-12-31,Same as 2019-09-30: the Q4 half of the 051 semiannual pattern for the modification items.,MCP,2026-09-21
panel,pd90_constr_res14_modified,2019-06-30,2019-09-30,"051 filers report the RC-N loan-modification items semiannually (Q2/Q4). The frequency classifier needs three years of the pattern before declaring it; 2019Q3/Q4 are the last quarters before it does. Semiannual collection, not a break. IRA accounts (ira_acc_tot) likewise semiannual on the 051.",MCP,2026-09-21
panel,pd90_constr_res14_modified,2019-09-30,2019-12-31,Same as 2019-09-30: the Q4 half of the 051 semiannual pattern for the modification items.,MCP,2026-09-21
panel,na_constr_res14_modified,2019-06-30,2019-09-30,"051 filers report the RC-N loan-modification items semiannually (Q2/Q4). The frequency classifier needs three years of the pattern before declaring it; 2019Q3/Q4 are the last quarters before it does. Semiannual collection, not a break. IRA accounts (ira_acc_tot) likewise semiannual on the 051.",MCP,2026-09-21
panel,na_constr_res14_modified,2019-09-30,2019-12-31,Same as 2019-09-30: the Q4 half of the 051 semiannual pattern for the modification items.,MCP,2026-09-21
panel,pd30_constr_oth_modified,2019-06-30,2019-09-30,"051 filers report the RC-N loan-modification items semiannually (Q2/Q4). The frequency classifier needs three years of the pattern before declaring it; 2019Q3/Q4 are the last quarters before it does. Semiannual collection, not a break. IRA accounts (ira_acc_tot) likewise semiannual on the 051.",MCP,2026-09-21
panel,pd30_constr_oth_modified,2019-09-30,2019-12-31,Same as 2019-09-30: the Q4 half of the 051 semiannual pattern for the modification items.,MCP,2026-09-21
panel,pd90_constr_oth_modified,2019-06-30,2019-09-30,"051 filers report the RC-N loan-modification items semiannually (Q2/Q4). The frequency classifier needs three years of the pattern before declaring it; 2019Q3/Q4 are the last quarters before it does. Semiannual collection, not a break. IRA accounts (ira_acc_tot) likewise semiannual on the 051.",MCP,2026-09-21
panel,pd90_constr_oth_modified,2019-09-30,2019-12-31,Same as 2019-09-30: the Q4 half of the 051 semiannual pattern for the modification items.,MCP,2026-09-21
panel,na_constr_oth_modified,2019-06-30,2019-09-30,"051 filers report the RC-N loan-modification items semiannually (Q2/Q4). The frequency classifier needs three years of the pattern before declaring it; 2019Q3/Q4 are the last quarters before it does. Semiannual collection, not a break. IRA accounts (ira_acc_tot) likewise semiannual on the 051.",MCP,2026-09-21
panel,na_constr_oth_modified,2019-09-30,2019-12-31,Same as 2019-09-30: the Q4 half of the 051 semiannual pattern for the modification items.,MCP,2026-09-21
panel,pd30_multifam_modified,2019-06-30,2019-09-30,"051 filers report the RC-N loan-modification items semiannually (Q2/Q4). The frequency classifier needs three years of the pattern before declaring it; 2019Q3/Q4 are the last quarters before it does. Semiannual collection, not a break. IRA accounts (ira_acc_tot) likewise semiannual on the 051.",MCP,2026-09-21
panel,pd30_multifam_modified,2019-09-30,2019-12-31,Same as 2019-09-30: the Q4 half of the 051 semiannual pattern for the modification items.,MCP,2026-09-21
panel,pd90_multifam_modified,2019-06-30,2019-09-30,"051 filers report the RC-N loan-modification items semiannually (Q2/Q4). The frequency classifier needs three years of the pattern before declaring it; 2019Q3/Q4 are the last quarters before it does. Semiannual collection, not a break. IRA accounts (ira_acc_tot) likewise semiannual on the 051.",MCP,2026-09-21
panel,pd90_multifam_modified,2019-09-30,2019-12-31,Same as 2019-09-30: the Q4 half of the 051 semiannual pattern for the modification items.,MCP,2026-09-21
panel,na_multifam_modified,2019-06-30,2019-09-30,"051 filers report the RC-N loan-modification items semiannually (Q2/Q4). The frequency classifier needs three years of the pattern before declaring it; 2019Q3/Q4 are the last quarters before it does. Semiannual collection, not a break. IRA accounts (ira_acc_tot) likewise semiannual on the 051.",MCP,2026-09-21
panel,na_multifam_modified,2019-09-30,2019-12-31,Same as 2019-09-30: the Q4 half of the 051 semiannual pattern for the modification items.,MCP,2026-09-21
panel,pd30_farmland_modified,2019-06-30,2019-09-30,"051 filers report the RC-N loan-modification items semiannually (Q2/Q4). The frequency classifier needs three years of the pattern before declaring it; 2019Q3/Q4 are the last quarters before it does. Semiannual collection, not a break. IRA accounts (ira_acc_tot) likewise semiannual on the 051.",MCP,2026-09-21
panel,pd30_farmland_modified,2019-09-30,2019-12-31,Same as 2019-09-30: the Q4 half of the 051 semiannual pattern for the modification items.,MCP,2026-09-21
panel,pd90_farmland_modified,2019-06-30,2019-09-30,"051 filers report the RC-N loan-modification items semiannually (Q2/Q4). The frequency classifier needs three years of the pattern before declaring it; 2019Q3/Q4 are the last quarters before it does. Semiannual collection, not a break. IRA accounts (ira_acc_tot) likewise semiannual on the 051.",MCP,2026-09-21
panel,pd90_farmland_modified,2019-09-30,2019-12-31,Same as 2019-09-30: the Q4 half of the 051 semiannual pattern for the modification items.,MCP,2026-09-21
panel,na_farmland_modified,2019-06-30,2019-09-30,"051 filers report the RC-N loan-modification items semiannually (Q2/Q4). The frequency classifier needs three years of the pattern before declaring it; 2019Q3/Q4 are the last quarters before it does. Semiannual collection, not a break. IRA accounts (ira_acc_tot) likewise semiannual on the 051.",MCP,2026-09-21
panel,na_farmland_modified,2019-09-30,2019-12-31,Same as 2019-09-30: the Q4 half of the 051 semiannual pattern for the modification items.,MCP,2026-09-21
panel,pd30_ci_modified,2019-06-30,2019-09-30,"051 filers report the RC-N loan-modification items semiannually (Q2/Q4). The frequency classifier needs three years of the pattern before declaring it; 2019Q3/Q4 are the last quarters before it does. Semiannual collection, not a break. IRA accounts (ira_acc_tot) likewise semiannual on the 051.",MCP,2026-09-21
panel,pd30_ci_modified,2019-09-30,2019-12-31,Same as 2019-09-30: the Q4 half of the 051 semiannual pattern for the modification items.,MCP,2026-09-21
panel,pd90_ci_modified,2019-06-30,2019-09-30,"051 filers report the RC-N loan-modification items semiannually (Q2/Q4). The frequency classifier needs three years of the pattern before declaring it; 2019Q3/Q4 are the last quarters before it does. Semiannual collection, not a break. IRA accounts (ira_acc_tot) likewise semiannual on the 051.",MCP,2026-09-21
panel,pd90_ci_modified,2019-09-30,2019-12-31,Same as 2019-09-30: the Q4 half of the 051 semiannual pattern for the modification items.,MCP,2026-09-21
panel,na_ci_modified,2019-06-30,2019-09-30,"051 filers report the RC-N loan-modification items semiannually (Q2/Q4). The frequency classifier needs three years of the pattern before declaring it; 2019Q3/Q4 are the last quarters before it does. Semiannual collection, not a break. IRA accounts (ira_acc_tot) likewise semiannual on the 051.",MCP,2026-09-21
panel,na_ci_modified,2019-09-30,2019-12-31,Same as 2019-09-30: the Q4 half of the 051 semiannual pattern for the modification items.,MCP,2026-09-21
panel,rwa_before_excess_allowance,2019-12-31,2020-03-31,"2020Q1: the community bank leverage ratio (CBLR) election lets qualifying banks stop reporting risk-weighted assets and the risk-based capital ratios (share falls to 0.79 of 041 and 0.62 of 051 filers = non-electors); the large banks adopting CECL at 2020Q1 begin the CECL HTM securities allowance item. Both are elections, not breaks.",MCP,2026-09-21
panel,acl_oth_fin_assets,2022-12-31,2023-03-31,CECL adoption by all remaining institutions at 2023Q1 (ASU 2016-13): the CECL allowance and provision items go from the early adopters (~0.03 of 051 filers) to nearly everyone.,MCP,2026-09-21
panel,ytd_provision_htm,2022-12-31,2023-03-31,CECL adoption by all remaining institutions at 2023Q1 (ASU 2016-13): the CECL allowance and provision items go from the early adopters (~0.03 of 051 filers) to nearly everyone.,MCP,2026-09-21
panel,ytd_provision_afs,2022-12-31,2023-03-31,CECL adoption by all remaining institutions at 2023Q1 (ASU 2016-13): the CECL allowance and provision items go from the early adopters (~0.03 of 051 filers) to nearly everyone.,MCP,2026-09-21
panel,ytd_provision_oth_fin,2022-12-31,2023-03-31,CECL adoption by all remaining institutions at 2023Q1 (ASU 2016-13): the CECL allowance and provision items go from the early adopters (~0.03 of 051 filers) to nearly everyone.,MCP,2026-09-21
panel,ytd_provision_obs,2022-12-31,2023-03-31,CECL adoption by all remaining institutions at 2023Q1 (ASU 2016-13): the CECL allowance and provision items go from the early adopters (~0.03 of 051 filers) to nearly everyone.,MCP,2026-09-21
panel,pd30_nfnres_modified,2019-06-30,2019-09-30,"051 filers report the RC-N loan-modification items semiannually (Q2/Q4). The frequency classifier needs three years of the pattern before declaring it; 2019Q3/Q4 are the last quarters before it does. Semiannual collection, not a break. IRA accounts (ira_acc_tot) likewise semiannual on the 051.",MCP,2026-09-21
panel,pd30_nfnres_modified,2019-09-30,2019-12-31,Same as 2019-09-30: the Q4 half of the 051 semiannual pattern for the modification items.,MCP,2026-09-21
panel,pd90_nfnres_modified,2019-06-30,2019-09-30,"051 filers report the RC-N loan-modification items semiannually (Q2/Q4). The frequency classifier needs three years of the pattern before declaring it; 2019Q3/Q4 are the last quarters before it does. Semiannual collection, not a break. IRA accounts (ira_acc_tot) likewise semiannual on the 051.",MCP,2026-09-21
panel,pd90_nfnres_modified,2019-09-30,2019-12-31,Same as 2019-09-30: the Q4 half of the 051 semiannual pattern for the modification items.,MCP,2026-09-21
panel,na_nfnres_modified,2019-06-30,2019-09-30,"051 filers report the RC-N loan-modification items semiannually (Q2/Q4). The frequency classifier needs three years of the pattern before declaring it; 2019Q3/Q4 are the last quarters before it does. Semiannual collection, not a break. IRA accounts (ira_acc_tot) likewise semiannual on the 051.",MCP,2026-09-21
panel,na_nfnres_modified,2019-09-30,2019-12-31,Same as 2019-09-30: the Q4 half of the 051 semiannual pattern for the modification items.,MCP,2026-09-21
panel,tier2_capital,2019-12-31,2020-03-31,"2020Q1: the community bank leverage ratio (CBLR) election lets qualifying banks stop reporting risk-weighted assets and the risk-based capital ratios (share falls to 0.79 of 041 and 0.62 of 051 filers = non-electors); the large banks adopting CECL at 2020Q1 begin the CECL HTM securities allowance item. Both are elections, not breaks.",MCP,2026-09-21
panel,rwa,2019-12-31,2020-03-31,"2020Q1: the community bank leverage ratio (CBLR) election lets qualifying banks stop reporting risk-weighted assets and the risk-based capital ratios (share falls to 0.79 of 041 and 0.62 of 051 filers = non-electors); the large banks adopting CECL at 2020Q1 begin the CECL HTM securities allowance item. Both are elections, not breaks.",MCP,2026-09-21
panel,total_capital,2019-12-31,2020-03-31,"2020Q1: the community bank leverage ratio (CBLR) election lets qualifying banks stop reporting risk-weighted assets and the risk-based capital ratios (share falls to 0.79 of 041 and 0.62 of 051 filers = non-electors); the large banks adopting CECL at 2020Q1 begin the CECL HTM securities allowance item. Both are elections, not breaks.",MCP,2026-09-21
panel,tier1_rbc_ratio,2019-12-31,2020-03-31,"2020Q1: the community bank leverage ratio (CBLR) election lets qualifying banks stop reporting risk-weighted assets and the risk-based capital ratios (share falls to 0.79 of 041 and 0.62 of 051 filers = non-electors); the large banks adopting CECL at 2020Q1 begin the CECL HTM securities allowance item. Both are elections, not breaks.",MCP,2026-09-21
panel,total_rbc_ratio,2019-12-31,2020-03-31,"2020Q1: the community bank leverage ratio (CBLR) election lets qualifying banks stop reporting risk-weighted assets and the risk-based capital ratios (share falls to 0.79 of 041 and 0.62 of 051 filers = non-electors); the large banks adopting CECL at 2020Q1 begin the CECL HTM securities allowance item. Both are elections, not breaks.",MCP,2026-09-21
panel,cet1_ratio,2019-12-31,2020-03-31,"2020Q1: the community bank leverage ratio (CBLR) election lets qualifying banks stop reporting risk-weighted assets and the risk-based capital ratios (share falls to 0.79 of 041 and 0.62 of 051 filers = non-electors); the large banks adopting CECL at 2020Q1 begin the CECL HTM securities allowance item. Both are elections, not breaks.",MCP,2026-09-21
panel,t1_cet1_before_adj,2014-12-31,2015-03-31,"Basel III phase-in: advanced approaches institutions adopted the revised capital rule on 2014-01-01, everyone else on 2015-01-01. The common equity tier 1 items therefore exist for ~19pct of 031 filers through 2014Q4 (the early adopters) and for every filer from 2015Q1. Regulatory timing, not a break.",MCP,2026-09-21
panel,cet1_common_stock_surplus,2014-12-31,2015-03-31,"Basel III phase-in: advanced approaches institutions adopted the revised capital rule on 2014-01-01, everyone else on 2015-01-01. The common equity tier 1 items therefore exist for ~19pct of 031 filers through 2014Q4 (the early adopters) and for every filer from 2015Q1. Regulatory timing, not a break.",MCP,2026-09-21
panel,cet1_minority_interest,2014-12-31,2015-03-31,"Basel III phase-in: advanced approaches institutions adopted the revised capital rule on 2014-01-01, everyone else on 2015-01-01. The common equity tier 1 items therefore exist for ~19pct of 031 filers through 2014Q4 (the early adopters) and for every filer from 2015Q1. Regulatory timing, not a break.",MCP,2026-09-21
panel,tier1_minority_interest_not_cet1,2014-12-31,2015-03-31,"Basel III phase-in: advanced approaches institutions adopted the revised capital rule on 2014-01-01, everyone else on 2015-01-01. The common equity tier 1 items therefore exist for ~19pct of 031 filers through 2014Q4 (the early adopters) and for every filer from 2015Q1. Regulatory timing, not a break.",MCP,2026-09-21
panel,cet1,2014-12-31,2015-03-31,"Basel III phase-in: advanced approaches institutions adopted the revised capital rule on 2014-01-01, everyone else on 2015-01-01. The common equity tier 1 items therefore exist for ~19pct of 031 filers through 2014Q4 (the early adopters) and for every filer from 2015Q1. Regulatory timing, not a break.",MCP,2026-09-21
panel,cet1_adjustments_deductions,2014-12-31,2015-03-31,"Basel III phase-in: advanced approaches institutions adopted the revised capital rule on 2014-01-01, everyone else on 2015-01-01. The common equity tier 1 items therefore exist for ~19pct of 031 filers through 2014Q4 (the early adopters) and for every filer from 2015Q1. Regulatory timing, not a break.",MCP,2026-09-21
panel,cet1_ratio,2014-12-31,2015-03-31,"Basel III phase-in: advanced approaches institutions adopted the revised capital rule on 2014-01-01, everyone else on 2015-01-01. The common equity tier 1 items therefore exist for ~19pct of 031 filers through 2014Q4 (the early adopters) and for every filer from 2015Q1. Regulatory timing, not a break.",MCP,2026-09-21
