variable_name,variable_type,published,schedule,flow_type,unit,sign,mdrm_code,form_scope,era_start,era_end,description,formula,inputs,source_config,n_obs,coverage,first_quarter,last_quarter,pct_zero,total
non_ibb,base,True,HC,stock,thousands_usd,any,BHCK0081,all,,,NONINTEREST-BEARING BALANCES AND CURRENCY AND COIN,,,assets.csv,188913.0,1.0,1986Q3,2026Q2,0.0001,39784658275.0
fv,base,True,HC,stock,thousands_usd,any,BHCK1754,all,,,HELD-TO-MATURITY SECURITIES; TOTAL,,,assets.csv,143253.0,0.7583,1994Q1,2026Q2,0.3964,88566604539.0
intang_total,base,True,HC,stock,thousands_usd,any,BHCK2143,all,,,INTANGIBLE ASSETS,,,assets.csv,12430.0,0.0658,2018Q2,2026Q2,0.04,17456327327.0
intang_goodwill,base,True,HC,stock,thousands_usd,any,BHCK3163,all,,,GOODWILL,,,assets.csv,188236.0,0.9964,1986Q3,2026Q2,0.3661,41260527317.0
intang_other,base,True,HC,stock,thousands_usd,any,BHCK0426,all,,,OTHER IDENTIFIABLE INTANGIBLE ASSETS,,,assets.csv,88537.0,0.4687,2001Q1,2018Q1,0.3607,7140281988.0
htm_sec_net_cred_loss,base,True,HC,stock,thousands_usd,any,BHCKJJ34,all,,,Held to maturity securities (ASU 2016-13 adoption),,,assets.csv,11041.0,0.0584,2019Q1,2026Q2,0.3953,58801606359.0
afssec,base,True,HC,stock,thousands_usd,any,BHCK1773,all,,,Available-for-sale debt securities (from Schedule RC-B; column D),,,assets.csv,143647.0,0.7604,1994Q1,2026Q2,0.0136,283578717605.0
equitysec_20,base,True,HC,stock,thousands_usd,any,BHCKJA22,all,,,Equity securities with readily determinable fair values not held for trading,,,assets.csv,11437.0,0.0605,2018Q1,2026Q2,0.353,1364615010.0
ffsold,base,True,HC,stock,thousands_usd,any,BHDMB987,all,,,,,,assets.csv,93718.0,0.4961,2002Q1,2026Q2,0.4463,2400193726.0
repo_purch,base,True,HC,stock,thousands_usd,any,BHCKB989,all,,,SECURITIES PURCHASED UNDER AGREEMENTS TO RESELL,,,assets.csv,93545.0,0.4952,2002Q1,2026Q2,0.9229,168570612607.0
ll_hfs,base,True,HC,stock,thousands_usd,any,BHCK5369,all,,,LOANS AND LEASES HELD FOR SALE,,,assets.csv,161677.0,0.8558,1991Q1,2026Q2,0.4717,23559446570.0
ll_net_unearned_01,base,True,HC,stock,thousands_usd,any,BHCKB528,all,,,LOANS AND LEASES; NET OF UNEARNED INCOME - TOTALS,,,assets.csv,101229.0,0.5358,2001Q1,2026Q2,0.0005,829186539332.0
ll_res,base,True,HC,stock,thousands_usd,any,BHCK3123,all,,,ALLOWANCE FOR LOAN AND LEASE LOSSES,,,assets.csv,188913.0,1.0,1986Q3,2026Q2,0.0015,19053581048.0
ll_net_allow_01,base,True,HC,stock,thousands_usd,any,BHCKB529,all,,,LOANS AND LEASES; NET OF UNEARNED INCOME AND ALLOWANCE,,,assets.csv,101229.0,0.5358,2001Q1,2026Q2,0.0005,813685445503.0
trad_ass,base,True,HC,stock,thousands_usd,any,BHCK3545,all,,,TRADING ASSETS; TOTAL,,,assets.csv,142876.0,0.7563,1994Q1,2026Q2,0.8707,203750446085.0
oreo,base,True,HC,stock,thousands_usd,any,BHCK2150,all,,,OTHER REAL ESTATE OWNED,,,assets.csv,123606.0,0.6543,1986Q3,2026Q2,0.1945,1746020687.0
accrued_int,base,True,HC-F,stock,thousands_usd,any,BHCKB556,all,,,ACCRUED INTEREST RECEIVABLE,,,assets.csv,101227.0,0.5358,2001Q1,2026Q2,0.0008,6613047863.0
t1_netdef_taxassets,base,True,HC-F,stock,thousands_usd,any,BHCK2148,all,,,NET DEFERRED TAX ASSETS,,,assets.csv,101002.0,0.5346,2001Q1,2026Q2,0.2904,9699222390.0
io_strip_18,base,True,HC-F,stock,thousands_usd,any,BHCKHT80,all,,,Other Assets; Interest-only strips receivable (not in the form of a security),,,assets.csv,12436.0,0.0658,2018Q2,2026Q2,0.9724,1552348.0
htm_fv_tot_sec,base,True,HC-B,stock,thousands_usd,any,BHCK1771,all,,,TOTAL FAIR VALUE OF HELD-TO-MATURITY SECURITIES,,,assets.csv,100988.0,0.5346,2001Q1,2026Q2,0.4613,77856548072.0
afs_am_tot_sec,base,True,HC-B,stock,thousands_usd,any,BHCK1772,all,,,TOTAL AMORTIZED COST OF AVAILABLE-FOR-SALE SECURITIES,,,assets.csv,101220.0,0.5358,2001Q1,2026Q2,0.0162,260770645231.0
htm_ust,base,True,HC-B,stock,thousands_usd,any,BHCK0211,all,,,AMORTIZED COST OF HELD-TO-MATURITY U.S. TREASURY SECURITIES,,,assets.csv,142788.0,0.7558,1994Q1,2026Q2,0.8433,15371154373.0
ac_htm_agency_exmbs_18,base,True,HC-B,stock,thousands_usd,any,BHCKHT50,all,,,US government agency obligations (exclude mortgage-backed securities); Held-to-maturity; Amortized Cost,,,assets.csv,12436.0,0.0658,2018Q2,2026Q2,0.8085,582386149.0
ac_htm_states_01,base,True,HC-B,stock,thousands_usd,any,BHCK8496,all,,,AMORTIZED COST OF HELD-TO-MATURITY SECURITIES ISSUED BY STATES AND POLITICAL SUBDIVISIONS IN THE U.S.,,,assets.csv,100938.0,0.5343,2001Q1,2026Q2,0.6061,4620446398.0
fv_htm_ust,base,True,HC-B,stock,thousands_usd,any,BHCK0213,all,,,FAIR VALUE OF HELD-TO-MATURITY U.S. TREASURY SECURITIES,,,assets.csv,142789.0,0.7558,1994Q1,2026Q2,0.8434,14617963997.0
fv_htm_agency_exmbs_18,base,True,HC-B,stock,thousands_usd,any,BHCKHT51,all,,,US government agency obligations (exclude mortgage-backed securities); Held-to-maturity; Fair Value,,,assets.csv,12436.0,0.0658,2018Q2,2026Q2,0.8085,542192869.0
fv_htm_sec_sts,base,True,HC-B,stock,thousands_usd,any,BHCK8497,all,,,FAIR VALUE OF HELD-TO-MATURITY SECURITIES ISSUED BY STATES AND POLITICAL SUBDIVISIONS IN THE U.S.,,,assets.csv,100938.0,0.5343,2001Q1,2026Q2,0.6062,4518654365.0
fv_afs_ust,base,True,HC-B,stock,thousands_usd,any,BHCK1287,all,,,FAIR VALUE OF AVAILABLE-FOR-SALE U.S. TREASURY SECURITIES,,,assets.csv,143186.0,0.7579,1994Q1,2026Q2,0.4925,44056215256.0
fv_afs_agency_exmbs_18,base,True,HC-B,stock,thousands_usd,any,BHCKHT53,all,,,US government agency obligations (exclude mortgage-backed securities); Available for sale; Fair Value,,,assets.csv,12436.0,0.0658,2018Q2,2026Q2,0.22,2065559548.0
fv_afs_states_01,base,True,HC-B,stock,thousands_usd,any,BHCK8499,all,,,FAIR VALUE OF AVAILABLE-FOR-SALE SECURITIES ISSUED BY STATES AND POLITICAL SUBDIVISIONS IN THE U.S.,,,assets.csv,101106.0,0.5352,2001Q1,2026Q2,0.2135,15671682112.0
ac_htm_gnma_09,base,True,HC-B,stock,thousands_usd,any,BHCKG300,all,,,MORTGAGE-BACKED SECURITIES (MBS): RESIDENTIAL PASS-THROUGH SECURITIES: GUARANTEED BY GNMA: HELD-TO-MATURITY AMORTIZED COST,,,assets.csv,42317.0,0.224,2009Q2,2026Q2,0.7772,8476041958.0
ac_htm_fnma_09,base,True,HC-B,stock,thousands_usd,any,BHCKG304,all,,,MORTGAGE-BACKED SECURITIES (MBS): RESIDENTIAL PASS-THROUGH SECURITIES: ISSUED BY FNMA AND FHLMC: HELD-TO-MATURITY AMORTIZED COST,,,assets.csv,42315.0,0.224,2009Q2,2026Q2,0.693,31946636254.0
ac_htm_ombs_09,base,True,HC-B,stock,thousands_usd,any,BHCKG308,all,,,MORTGAGE-BACKED SECURITIES (MBS): RESIDENTIAL PASS-THROUGH SECURITIES: OTHER PASS-THROUGH SECURITIES: HELD-TO-MATURITY AMORTIZED COST,,,assets.csv,42313.0,0.224,2009Q2,2026Q2,0.9877,28157801.0
fv_htm_gnma_09,base,True,HC-B,stock,thousands_usd,any,BHCKG301,all,,,MORTGAGE-BACKED SECURITIES (MBS): RESIDENTIAL PASS-THROUGH SECURITIES: GUARANTEED BY GNMA: HELD-TO-MATURITY FAIR VALUE,,,assets.csv,42317.0,0.224,2009Q2,2026Q2,0.7772,8167386618.0
fv_htm_fnma_09,base,True,HC-B,stock,thousands_usd,any,BHCKG305,all,,,MORTGAGE-BACKED SECURITIES (MBS): RESIDENTIAL PASS-THROUGH SECURITIES: ISSUED BY FNMA AND FHLMC: HELD-TO-MATURITY FAIR VALUE,,,assets.csv,42315.0,0.224,2009Q2,2026Q2,0.693,29276108353.0
fv_htm_ombs_09,base,True,HC-B,stock,thousands_usd,any,BHCKG309,all,,,MORTGAGE-BACKED SECURITIES (MBS): RESIDENTIAL PASS-THROUGH SECURITIES: OTHER PASS-THROUGH SECURITIES: HELD-TO-MATURITY FAIR VALUE,,,assets.csv,42314.0,0.224,2009Q2,2026Q2,0.9877,28503990.0
fv_afs_gnma_09,base,True,HC-B,stock,thousands_usd,any,BHCKG303,all,,,MORTGAGE-BACKED SECURITIES (MBS): RESIDENTIAL PASS-THROUGH SECURITIES: GUARANTEED BY GNMA: AVAILABLE-FOR-SALE FAIR VALUE,,,assets.csv,42331.0,0.2241,2009Q2,2026Q2,0.1902,13837534734.0
fv_afs_fnma_09,base,True,HC-B,stock,thousands_usd,any,BHCKG307,all,,,MORTGAGE-BACKED SECURITIES (MBS): RESIDENTIAL PASS-THROUGH SECURITIES: ISSUED BY FNMA AND FHLMC: AVAILABLE-FOR-SALE FAIR VALUE,,,assets.csv,42332.0,0.2241,2009Q2,2026Q2,0.0893,39647061401.0
fv_afs_ombs_09,base,True,HC-B,stock,thousands_usd,any,BHCKG311,all,,,MORTGAGE-BACKED SECURITIES (MBS): RESIDENTIAL PASS-THROUGH SECURITIES: OTHER PASS-THROUGH SECURITIES: AVAILABLE-FOR-SALE FAIR VALUE,,,assets.csv,42315.0,0.224,2009Q2,2026Q2,0.9602,430906874.0
ac_htm_ombs_1_09,base,True,HC-B,stock,thousands_usd,any,BHCKG312,all,,,MORTGAGE-BACKED SECURITIES (MBS): OTHER RESIDENTIAL MBS (INCLUDE CMOS; REMICS; AND STRIPPED MBS): ISSUED OR GUARANTEED BY FNMA; FHLMC; OR GNMA - HELD-TO-MATURITY AMORTIZED COST,,,assets.csv,46066.0,0.2438,2009Q2,2026Q2,0.8005,6751560777.0
ac_htm_ombs_1_pre09,base,True,HC,stock,thousands_usd,any,BHCK1714,all,,,AMORTIZED COST OF OTHER HELD-TO-MATURITY MORTGAGE-BACKED SECURITIES (INCLUDE CMOS; REMICS; AND STRIPPED MBS) ISSUED OR GUARANTEED BY FNMA; FHLMC; OR GNMA,,,assets.csv,65144.0,0.3448,1994Q1,2009Q1,0.8534,1594818073.0
ac_htm_ombs_2_09,base,True,HC-B,stock,thousands_usd,any,BHCKG316,all,,,MORTGAGE-BACKED SECURITIES (MBS): OTHER RESIDENTIAL MBS (INCLUDE CMOS; REMICS; AND STRIPPED MBS): COLLATERALIZED BY MBS ISSUED OR GUARANTEED BY FNMA; FHLMC; OR GNMA - HELD-TO-MATURITY AMORTIZED COST,,,assets.csv,46066.0,0.2438,2009Q2,2026Q2,0.995,7134870.0
ac_htm_ombs_2_pre09,base,True,HC,stock,thousands_usd,any,BHCK1718,all,,,AMORTIZED COST OF OTHER HELD-TO-MATURITY MORTGAGE-BACKED SECURITIES (INCLUDE CMOS; REMICS AND STRIPPED MBS) COLLATERALIZED BY MBS ISSUED OR GUARANTEED BY FNMA; FHLMC; OR GNMA,,,assets.csv,64970.0,0.3439,1994Q1,2009Q1,0.9664,36908071.0
ac_htm_ombs_3_09,base,True,HC-B,stock,thousands_usd,any,BHCKG320,all,,,MORTGAGE-BACKED SECURITIES (MBS): OTHER RESIDENTIAL MBS (INCLUDE CMOS; REMICS; AND STRIPPED MBS): ALL OTHER RESIDENTIAL MBS - HELD-TO-MATURITY AMORTIZED COST,,,assets.csv,46066.0,0.2438,2009Q2,2026Q2,0.9414,767686738.0
ac_htm_ombs_3_pre09,base,True,HC,stock,thousands_usd,any,BHCK1733,all,,,AMORTIZED COST OF ALL OTHER HELD-TO-MATURITY MORTGAGE-BACKED SECURITIES (INCLUDE CMOS; REMICS; AND STRIPPED MBS),,,assets.csv,64943.0,0.3438,1994Q1,2009Q1,0.9313,664402682.0
fv_htm_ombs_1_09,base,True,HC-B,stock,thousands_usd,any,BHCKG313,all,,,MORTGAGE-BACKED SECURITIES (MBS): OTHER RESIDENTIAL MBS (INCLUDE CMOS; REMICS; AND STRIPPED MBS): ISSUED OR GUARANTEED BY FNMA; FHLMC; OR GNMA - HELD-TO-MATURITY FAIR VALUE,,,assets.csv,46066.0,0.2438,2009Q2,2026Q2,0.8004,6338085861.0
fv_htm_ombs_1_pre09,base,True,HC,stock,thousands_usd,any,BHCK1715,all,,,FAIR VALUE OF OTHER HELD-TO-MATURITY MORTGAGE-BACKED SECURITIES (INCLUDE CMOS; REMICS; AND STRIPPED MBS) ISSUED OR GUARANTEED BY FNMA; FHLMC; OR GNMA,,,assets.csv,65145.0,0.3448,1994Q1,2009Q1,0.8533,1656780575.0
fv_htm_ombs_2_09,base,True,HC-B,stock,thousands_usd,any,BHCKG317,all,,,MORTGAGE-BACKED SECURITIES (MBS): OTHER RESIDENTIAL MBS (INCLUDE CMOS; REMICS; AND STRIPPED MBS): COLLATERALIZED BY MBS ISSUED OR GUARANTEED BY FNMA; FHLMC; OR GNMA - HELD-TO-MATURITY FAIR VALUE,,,assets.csv,46066.0,0.2438,2009Q2,2026Q2,0.995,7179083.0
fv_htm_ombs_2_pre09,base,True,HC,stock,thousands_usd,any,BHCK1719,all,,,FAIR VALUE OF OTHER HELD-TO-MATURITY MORTGAGE-BACKED SECURITIES (INCLUDE CMOS; REMICS AND STRIPPED MBS) COLLATERALIZED BY MBS ISSUED OR GUARANTEED BY FNMA; FHLMC; OR GNMA,,,assets.csv,64972.0,0.3439,1994Q1,2009Q1,0.9664,36639727.0
fv_htm_ombs_3_09,base,True,HC-B,stock,thousands_usd,any,BHCKG321,all,,,MORTGAGE-BACKED SECURITIES (MBS): OTHER RESIDENTIAL MBS (INCLUDE CMOS; REMICS; AND STRIPPED MBS): ALL OTHER RESIDENTIAL MBS - HELD-TO-MATURITY FAIR VALUE,,,assets.csv,46066.0,0.2438,2009Q2,2026Q2,0.9407,751968749.0
fv_htm_ombs_3_pre09,base,True,HC,stock,thousands_usd,any,BHCK1734,all,,,FAIR VALUE OF ALL OTHER HELD-TO-MATURITY MORTGAGE-BACKED SECURITIES (INCLUDE CMOS; REMICS; AND STRIPPED MBS),,,assets.csv,64947.0,0.3438,1994Q1,2009Q1,0.9313,643761936.0
fv_afs_ombs_1_09,base,True,HC-B,stock,thousands_usd,any,BHCKG315,all,,,MORTGAGE-BACKED SECURITIES (MBS): OTHER RESIDENTIAL MBS (INCLUDE CMOS; REMICS; AND STRIPPED MBS): ISSUED OR GUARANTEED BY FNMA; FHLMC; OR GNMA - AVAILABLE-FOR-SALE FAIR VALUE,,,assets.csv,46066.0,0.2438,2009Q2,2026Q2,0.2271,21790058944.0
fv_afs_ombs_1_pre09,base,True,HC,stock,thousands_usd,any,BHCK1717,all,,,FAIR VALUE OF OTHER AVAILABLE-FOR-SALE MORTGAGE-BACKED SECURITIES (INCLUDE CMOS; REMICS; AND STRIPPED MBS) ISSUED OR GUARANTEED BY FNMA; FHLMC; OR GNMA,,,assets.csv,65517.0,0.3468,1994Q1,2009Q1,0.374,8472506489.0
fv_afs_ombs_2_09,base,True,HC-B,stock,thousands_usd,any,BHCKG319,all,,,MORTGAGE-BACKED SECURITIES (MBS): OTHER RESIDENTIAL MBS (INCLUDE CMOS; REMICS; AND STRIPPED MBS): COLLATERALIZED BY MBS ISSUED OR GUARANTEED BY FNMA; FHLMC; OR GNMA - AVAILABLE-FOR-SALE FAIR VALUE,,,assets.csv,46066.0,0.2438,2009Q2,2026Q2,0.946,101687879.0
fv_afs_ombs_2_pre09,base,True,HC,stock,thousands_usd,any,BHCK1732,all,,,FAIR VALUE OF OTHER AVAILABLE-FOR-SALE MORTGAGE-BACKED SECURITIES (INCLUDE CMOS; REMICS AND STRIPPED MBS) COLLATERALIZED BY MBS ISSUED OR GUARANTEED BY FNMA; FHLMC; OR GNMA,,,assets.csv,65102.0,0.3446,1994Q1,2009Q1,0.8605,341689678.0
fv_afs_ombs_3_09,base,True,HC-B,stock,thousands_usd,any,BHCKG323,all,,,MORTGAGE-BACKED SECURITIES (MBS): OTHER RESIDENTIAL MBS (INCLUDE CMOS; REMICS; AND STRIPPED MBS): ALL OTHER RESIDENTIAL MBS - AVAILABLE-FOR-SALE FAIR VALUE,,,assets.csv,46066.0,0.2438,2009Q2,2026Q2,0.7201,5296710307.0
fv_afs_ombs_3_pre09,base,True,HC,stock,thousands_usd,any,BHCK1736,all,,,FAIR VALUE OF ALL OTHER AVAILABLE-FOR-SALE MORTGAGE BACKED SECURITIES (MBA) (INCLUDE CMOS; REMICS; AND STRIPPED MBS),,,assets.csv,65074.0,0.3445,1994Q1,2009Q1,0.7313,5909753342.0
ac_htm_cmbs_pt_ag,base,True,HC-B,stock,thousands_usd,any,BHCKK142,all,,,MORTGAGE-BACKED SECURITIES (MBS):COMMERCIAL MBS: COMMERCIAL MORTGAGE PASS-THROUGH SECURITIES: ISSUED OR GUARANTEED BY FNMA;FHLMC OR GNMA: HELD-TO-MATURITY AMORTIZED COST,,,assets.csv,38886.0,0.2058,2011Q1,2026Q2,0.8873,2157510752.0
ac_htm_cmbs_pt_oth,base,True,HC-B,stock,thousands_usd,any,BHCKK146,all,,,MORTGAGE-BACKED SECURITIES (MBS):COMMERCIAL MBS: COMMERCIAL MORTGAGE PASS-THROUGH SECURITIES:OTHER PASS THROUGH SECURITIES : HELD-TO-MATURITY AMORTIZED COST,,,assets.csv,38886.0,0.2058,2011Q1,2026Q2,0.9956,125117095.0
ac_htm_cmbs_pt_src,base,True,HC,stock,thousands_usd,any,BHCKG324,all,,,MORTGAGE-BACKED SECURITIES (MBS): COMMERCIAL MORTGAGE-BACKED SECURITIES (MBS): COMMERCIAL PASS-THROUGH SECURITIES - HELD-TO-MATURITY AMORTIZED COST,,,assets.csv,7180.0,0.038,2009Q2,2010Q4,0.9815,22181149.0
ac_htm_cmbs_npt_ag,base,True,HC-B,stock,thousands_usd,any,BHCKK150,all,,,MORTGAGE-BACKED SECURITIES (MBS):COMMERCIAL MBS: OTHER COMMERCIAL MBS :ISSUED OR GUARANTEED BY FNMA;FHLMC OR GNMA: HELD-TO-MATURITY AMORTIZED COST,,,assets.csv,38886.0,0.2058,2011Q1,2026Q2,0.9111,2813730235.0
ac_htm_cmbs_npt_oth,base,True,HC-B,stock,thousands_usd,any,BHCKK154,all,,,MORTGAGE-BACKED SECURITIES (MBS):COMMERCIAL MBS: OTHER COMMERCIAL MBS :ALL OTHER COMMERCIAL MBS : HELD-TO-MATURITY AMORTIZED COST,,,assets.csv,38886.0,0.2058,2011Q1,2026Q2,0.9822,590386825.0
ac_htm_cmbs_npt_src,base,True,HC,stock,thousands_usd,any,BHCKG328,all,,,MORTGAGE-BACKED SECURITIES (MBS): COMMERCIAL MORTGAGE-BACKED SECURITIES (MBS): OTHER COMMERCIAL MBS - HELD-TO-MATURITY AMORTIZED COST,,,assets.csv,7180.0,0.038,2009Q2,2010Q4,0.9896,33047215.0
fv_htm_cmbs_pt_ag,base,True,HC-B,stock,thousands_usd,any,BHCKK143,all,,,MORTGAGE-BACKED SECURITIES (MBS):COMMERCIAL MBS: COMMERCIAL MORTGAGE PASS-THROUGH SECURITIES:ISSUED OR GUARANTEED BY FNMA;FHLMC OR GNMA: HELD-TO-MATURITY FAIR VALUE,,,assets.csv,38886.0,0.2058,2011Q1,2026Q2,0.8873,2092902762.0
fv_htm_cmbs_pt_oth,base,True,HC-B,stock,thousands_usd,any,BHCKK147,all,,,MORTGAGE-BACKED SECURITIES (MBS):COMMERCIAL MBS: COMMERCIAL MORTGAGE PASS-THROUGH SECURITIES:OTHER PASS THROUGH SECURITIES : HELD-TO-MATURITY FAIR VALUE,,,assets.csv,38886.0,0.2058,2011Q1,2026Q2,0.9956,123509028.0
fv_htm_cmbs_pt_src,base,True,HC,stock,thousands_usd,any,BHCKG325,all,,,MORTGAGE-BACKED SECURITIES (MBS): COMMERCIAL MORTGAGE-BACKED SECURITIES (MBS): COMMERCIAL PASS-THROUGH SECURITIES - HELD-TO-MATURITY FAIR VALUE,,,assets.csv,7180.0,0.038,2009Q2,2010Q4,0.9815,22887601.0
fv_htm_cmbs_npt_ag,base,True,HC-B,stock,thousands_usd,any,BHCKK151,all,,,MORTGAGE-BACKED SECURITIES (MBS):COMMERCIAL MBS: OTHER COMMERCIAL MBS :ISSUED OR GUARANTEED BY FNMA;FHLMC OR GNMA: HELD-TO-MATURITY FAIR VALUE,,,assets.csv,38886.0,0.2058,2011Q1,2026Q2,0.9111,2697045977.0
fv_htm_cmbs_npt_oth,base,True,HC-B,stock,thousands_usd,any,BHCKK155,all,,,MORTGAGE-BACKED SECURITIES (MBS):COMMERCIAL MBS: OTHER COMMERCIAL MBS :ALL OTHER COMMERCIAL MBS: HELD-TO-MATURITY FAIR VALUE,,,assets.csv,38886.0,0.2058,2011Q1,2026Q2,0.9822,577353729.0
fv_htm_cmbs_npt_src,base,True,HC,stock,thousands_usd,any,BHCKG329,all,,,MORTGAGE-BACKED SECURITIES (MBS): COMMERCIAL MORTGAGE-BACKED SECURITIES (MBS): OTHER COMMERCIAL MBS - HELD-TO-MATURITY FAIR VALUE,,,assets.csv,7180.0,0.038,2009Q2,2010Q4,0.9896,32913044.0
fv_afs_cmbs_pt_ag,base,True,HC-B,stock,thousands_usd,any,BHCKK145,all,,,MORTGAGE-BACKED SECURITIES (MBS):COMMERCIAL MBS: COMMERCIAL MORTGAGE PASS-THROUGH SECURITIES:ISSUED OR GUARANTEED BY FNMA;FHLMC OR GNMA: AVAILABLE-FOR-SALE FAIR VALUE,,,assets.csv,38886.0,0.2058,2011Q1,2026Q2,0.6242,4810189205.0
fv_afs_cmbs_pt_oth,base,True,HC-B,stock,thousands_usd,any,BHCKK149,all,,,MORTGAGE-BACKED SECURITIES (MBS):COMMERCIAL MBS: COMMERCIAL MORTGAGE PASS-THROUGH SECURITIES:OTHER PASS THROUGH SECURITIES : AVAILABLE-FOR-SALE FAIR VALUE,,,assets.csv,38886.0,0.2058,2011Q1,2026Q2,0.9856,167024244.0
fv_afs_cmbs_pt_src,base,True,HC,stock,thousands_usd,any,BHCKG327,all,,,MORTGAGE-BACKED SECURITIES (MBS): COMMERCIAL MORTGAGE-BACKED SECURITIES (MBS): COMMERCIAL PASS-THROUGH SECURITIES - AVAILABLE-FOR-SALE FAIR VALUE,,,assets.csv,7180.0,0.038,2009Q2,2010Q4,0.888,83784486.0
fv_afs_cmbs_npt_ag,base,True,HC-B,stock,thousands_usd,any,BHCKK153,all,,,MORTGAGE-BACKED SECURITIES (MBS):COMMERCIAL MBS: OTHER COMMERCIAL MBS :ISSUED OR GUARANTEED BY FNMA;FHLMC OR GNMA: AVAILABLE-FOR-SALE FAIR VALUE,,,assets.csv,38886.0,0.2058,2011Q1,2026Q2,0.6753,4847337968.0
fv_afs_cmbs_npt_oth,base,True,HC-B,stock,thousands_usd,any,BHCKK157,all,,,MORTGAGE-BACKED SECURITIES (MBS):COMMERCIAL MBS: OTHER COMMERCIAL MBS :ALL OTHER COMMERCIAL MBS: AVAILABLE-FOR-SALE FAIR VALUE,,,assets.csv,38886.0,0.2058,2011Q1,2026Q2,0.8941,3046710574.0
fv_afs_cmbs_npt_src,base,True,HC,stock,thousands_usd,any,BHCKG331,all,,,MORTGAGE-BACKED SECURITIES (MBS): COMMERCIAL MORTGAGE-BACKED SECURITIES (MBS): OTHER COMMERCIAL MBS - AVAILABLE-FOR-SALE FAIR VALUE,,,assets.csv,7180.0,0.038,2009Q2,2010Q4,0.9409,336159114.0
htm_odom_dsec,base,True,HC-B,stock,thousands_usd,any,BHCK1737,all,,,AMORTIZED COST OF OTHER HELD-TO-MATURITY DOMESTIC DEBT SECURITIES,,,assets.csv,100730.0,0.5332,2001Q1,2026Q2,0.8738,425367007.0
htm_ofgn_dsec,base,True,HC-B,stock,thousands_usd,any,BHCK1742,all,,,AMORTIZED COST OF HELD-TO-MATURITY OTHER FOREIGN DEBT SECURITIES,,,assets.csv,100592.0,0.5325,2001Q1,2026Q2,0.9537,1149390015.0
htm_fv_odom_dsec,base,True,HC-B,stock,thousands_usd,any,BHCK1738,all,,,FAIR VALUE OF OTHER HELD-TO-MATURITY DOMESTIC DEBT SECURITIES,,,assets.csv,100730.0,0.5332,2001Q1,2026Q2,0.8736,417510158.0
htm_fv_ofgn_dsec,base,True,HC-B,stock,thousands_usd,any,BHCK1743,all,,,FAIR VALUE OF HELD-TO-MATURITY OTHER FOREIGN DEBT SECURITIES,,,assets.csv,100598.0,0.5325,2001Q1,2026Q2,0.9537,1136534200.0
afs_odom_dsec,base,True,HC-B,stock,thousands_usd,any,BHCK1741,all,,,FAIR VALUE OF OTHER AVAILABLE-FOR-SALE DOMESTIC DEBT SECURITIES,,,assets.csv,100937.0,0.5343,2001Q1,2026Q2,0.4855,12973180796.0
afs_ofgn_dsec,base,True,HC-B,stock,thousands_usd,any,BHCK1746,all,,,FAIR VALUE OF AVAILABLE-FOR-SALE OTHER FOREIGN DEBT SECURITIES,,,assets.csv,100627.0,0.5327,2001Q1,2026Q2,0.8967,27639231412.0
fv_ln_famres_1,base,True,HC-C,stock,thousands_usd,any,BHDMF580,all,,,,,,assets.csv,22164.0,0.1173,2008Q1,2018Q1,0.9796,84696551.0
fv_ln_famres_2,base,True,HC-C,stock,thousands_usd,any,BHDMF581,all,,,,,,assets.csv,22225.0,0.1176,2008Q1,2018Q1,0.842,3122867578.0
fv_ln_famres_3,base,True,HC-C,stock,thousands_usd,any,BHDMF582,all,,,,,,assets.csv,22163.0,0.1173,2008Q1,2018Q1,0.9639,9115246.0
fv_ln_famres_18,base,True,HC-Q,stock,thousands_usd,any,BHCKHT87,all,,,Loans measured at fair value; Loans secured by real estate; Secured by 1-4 family residential properties; Domestic Offices,,,assets.csv,6174.0,0.0327,2018Q2,2026Q2,0.4887,2199102392.0
fv_ln_othres_1,base,True,HC-C,stock,thousands_usd,any,BHDMF578,all,,,,,,assets.csv,22165.0,0.1173,2008Q1,2018Q1,0.9762,19293262.0
fv_ln_othres_2,base,True,HC-C,stock,thousands_usd,any,BHDMF579,all,,,,,,assets.csv,22166.0,0.1173,2008Q1,2018Q1,0.9914,7832365.0
fv_ln_othres_3,base,True,HC-C,stock,thousands_usd,any,BHDMF583,all,,,,,,assets.csv,22161.0,0.1173,2008Q1,2018Q1,0.9754,44377865.0
fv_ln_othres_4,base,True,HC-C,stock,thousands_usd,any,BHDMF584,all,,,,,,assets.csv,22168.0,0.1173,2008Q1,2018Q1,0.9541,301638779.0
fv_ln_othres_18,base,True,HC-Q,stock,thousands_usd,any,BHCKHT88,all,,,Loans measured at fair value; Loans secured by real estate; All other loans secured by real estate; Domestic Offices,,,assets.csv,6156.0,0.0326,2018Q2,2026Q2,0.8634,460664303.0
fv_ln_res_alt,base,True,HC-C,stock,thousands_usd,any,BHCKF608,all,,,LOANS SECURED BY REAL ESTATE (MEASURED AT FAIR VALUE),,,assets.csv,22230.0,0.1177,2008Q1,2018Q1,0.8201,3666026653.0
ln_fv_ci,base,True,HC-C,stock,thousands_usd,any,BHCKF585,all,,,COMMERCIAL AND INDUSTRIAL LOANS MEASURED AT FAIR VALUE (DOMESTIC ONLY),,,assets.csv,28331.0,0.15,2008Q1,2026Q2,0.9461,1385015011.0
fv_ln_cons_1,base,True,HC-C,stock,thousands_usd,any,BHCKF586,all,,,LOANS TO INDIVIDUALS FOR HOUSEHOLD; FAMILY; AND OTHER PERSONAL EXPENDITURES - CREDIT CARDS (MEASURED AT FAIR VALUE),,,assets.csv,22161.0,0.1173,2008Q1,2018Q1,0.9987,27761615.0
fv_ln_cons_2,base,True,HC-C,stock,thousands_usd,any,BHCKF587,all,,,LOANS TO INDIVIDUALS FOR HOUSEHOLD; FAMILY; AND OTHER PERSONAL EXPENDITURES - OTHER REVOLVING CREDIT PLANS (MEASURED AT FAIR VALUE),,,assets.csv,22160.0,0.1173,2008Q1,2018Q1,0.9984,64047.0
fv_ln_cons_3,base,True,HC,stock,thousands_usd,any,BHCKF588,all,,,LOANS TO INDIVIDUALS FOR HOUSEHOLD; FAMILY; AND OTHER PERSONAL EXPENDITURES - OTHER CONSUMER LOANS (INCLUDES SINGLE PAYMENT; INSTALLMENT; AND ALL STUDENT LOANS) (MEASURED AT FAIR VALUE),,,assets.csv,7209.0,0.0382,2008Q1,2010Q4,0.9835,15576415.0
fv_ln_cons_18,base,True,HC-Q,stock,thousands_usd,any,BHCKHT89,all,,,Loans measured at fair value; Loans to individuals for household; family; and other personal expenditures (consumer loans includes purchased paper); Consolidated Bank,,,assets.csv,6154.0,0.0326,2018Q2,2026Q2,0.9433,543946590.0
ln_fv_oth,base,True,HC-C,stock,thousands_usd,any,BHCKF589,all,,,OTHER LOANS MEASURED AT FAIR VALUE,,,assets.csv,28323.0,0.1499,2008Q1,2026Q2,0.9696,1694910264.0
fixed_ass,base,True,HC,stock,thousands_usd,any,BHCK2145,all,,,PREMISES AND FIXED ASSETS (INCLUDING CAPITALIZED LEASES),,,assets.csv,188912.0,1.0,1986Q3,2026Q2,0.0004,19607213584.0
unconsub_inv,base,True,HC,stock,thousands_usd,any,BHCK2130,all,,,INVESTMENTS AND UNCONSOLIDATED SUBSIDIARIES AND ASSOCIATED COMPANIES,,,assets.csv,187351.0,0.9917,1986Q3,2026Q2,0.6819,7142173902.0
reven_inv,base,True,HC,stock,thousands_usd,any,BHCK3656,all,,,DIRECT AND INDIRECT INVESTMENTS IN REAL ESTATE VENTURES,,,assets.csv,164695.0,0.8718,1990Q3,2026Q2,0.9169,3915499761.0
oth_assets_2160,base,True,HC,stock,thousands_usd,any,BHCK2160,all,,,OTHER ASSETS,,,assets.csv,188896.0,0.9999,1986Q3,2026Q2,0.0,136254592170.0
accept_cust,base,True,HC,stock,thousands_usd,any,BHCK2155,all,,,CUSTOMERS' LIABILITY TO THIS BANK ON ACCEPTANCES OUTSTANDING,,,assets.csv,128454.0,0.68,1986Q3,2005Q4,0.888,1512153152.0
assets,base,True,HC,stock,thousands_usd,any,BHCK2170,all,,,TOTAL ASSETS,,,assets.csv,188913.0,1.0,1986Q3,2026Q2,0.0,2178904732912.0
srv_ass_mrt,base,True,HC-M,stock,thousands_usd,any,BHCK3164,all,,,MORTGAGE SERVICING ASSETS,,,assets.csv,187429.0,0.9921,1986Q3,2026Q2,0.724,5434148647.0
srv_ass_mrt_fv,base,True,HC-M,stock,thousands_usd,any,BHCK6438,all,,,FAIR MARKET VALUE OF MORTGAGE SERVICING ASSETS,,,assets.csv,144061.0,0.7626,1993Q1,2026Q2,0.6758,5417039842.0
eq_inv_wo_fv,base,True,HC-F,stock,thousands_usd,any,BHCK1752,all,,,HISTORICAL COST OF ALL OTHER AVAILABLE-FOR-SALE EQUITY SECURITIES,,,assets.csv,111954.0,0.5926,1994Q1,2026Q2,0.0262,9505791618.0
aoci_opt_out,base,True,HC-R,stock,thousands_usd,any,BHCAP838,all,,,,,,assets.csv,20791.0,0.1101,2014Q1,2026Q2,0.0365,20032.0
dsec_oth_ass_non,base,True,HC-N,stock,thousands_usd,any,BHCK3507,all,,,DEBT SECURITIES AND OTHER ASSETS - NONACCRUAL,,,assets.csv,165004.0,0.8734,1990Q3,2026Q2,0.9487,282400845.0
na_tot_1403,base,True,HC-N,stock,thousands_usd,any,BHCK1403,all,,,TOTAL LOANS AND LEASE FINANCE RECEIVABLES: NONACCRUAL,,,assets.csv,35677.0,0.1889,1986Q3,2026Q2,0.0315,3260599822.0
na_farmland,base,True,HC,stock,thousands_usd,any,BHCK3495,all,,,LOANS SECURED BY REAL ESTATE (IN DOMESTIC OFFICES): SECURED BY FARMLAND - NONACCRUAL,,,assets.csv,165149.0,0.8742,1990Q3,2026Q2,0.7246,77870252.0
na_heloc,base,True,HC,stock,thousands_usd,any,BHCK5400,all,,,LOANS SECURED BY 1-4 FAMILY RESIDENTIAL PROPERTIES: REVOLVING; OPEN-END LOANS SECURED BY 1-4 FAMILY RESIDENTIAL PROPERTIES AND EXTENDED UNDER LINES OF CREDIT - NONACCRUAL,,,assets.csv,161967.0,0.8574,1991Q1,2026Q2,0.6185,619094966.0
na_multifam,base,True,HC,stock,thousands_usd,any,BHCK3501,all,,,LOANS SECURED BY REAL ESTATE (IN DOMESTIC OFFICES): SECURED BY MULTIFAMILY (5 OR MORE) RESIDENTIAL PROPERTIES - NONACCRUAL,,,assets.csv,165067.0,0.8738,1990Q3,2026Q2,0.769,225832832.0
na_dep_5379,base,True,HC-N,stock,thousands_usd,any,BHCK5379,all,,,LOANS TO DEPOSITORY INSTITUTIONS AND ACCEPTANCES OF OTHER BANKS: TO U.S. BANKS AND OTHER U.S. DEPOSITORY INSTITUTIONS - NONACCRUAL,,,assets.csv,161812.0,0.8565,1991Q1,2026Q2,0.9958,1835520.0
na_dep_5382,base,True,HC-N,stock,thousands_usd,any,BHCK5382,all,,,LOANS TO DEPOSITORY INSTITUTIONS AND ACCEPTANCES OF OTHER BANKS: TO FOREIGN BANKS - NONACCRUAL,,,assets.csv,161652.0,0.8557,1991Q1,2026Q2,0.9933,18401414.0
na_agprod,base,True,HC-N,stock,thousands_usd,any,BHCK1583,all,,,LOANS TO FINANCE AGRICULTURAL PRODUCTION AND OTHER LOANS TO FARMERS - NONACCRUAL,,,assets.csv,187407.0,0.992,1986Q3,2026Q2,0.783,81274597.0
na_auto,base,True,HC-N,stock,thousands_usd,any,BHCKK215,all,,,LOANS TO INDIVIDUALS FOR HOUSEHOLD; FAMILY AND OTHER PERSONAL EXPENDITURES: AUTOMOBILE LOANS - NONACCRUAL,,,assets.csv,38886.0,0.2058,2011Q1,2026Q2,0.5509,200150331.0
na_indiv,base,True,HC-N,stock,thousands_usd,any,BHCKK218,all,,,LOANS TO INDIVIDUALS FOR HOUSEHOLD; FAMILY AND OTHER PERSONAL EXPENDITURES: OTHER - NONACCRUAL,,,assets.csv,38886.0,0.2058,2011Q1,2026Q2,0.3886,65481368.0
na_forgovt,base,True,HC-N,stock,thousands_usd,any,BHCK5391,all,,,LOANS TO FOREIGN GOVERNMENTS AND OFFICIAL INSTITUTIONS - NONACCRUAL,,,assets.csv,161659.0,0.8557,1991Q1,2026Q2,0.994,52968247.0
na_othln,base,True,HC-N,stock,thousands_usd,any,BHCK5461,all,,,ALL OTHER LOANS - NONACCRUAL,,,assets.csv,161958.0,0.8573,1991Q1,2026Q2,0.8417,286381389.0
na_lease_f168,base,True,HC-N,stock,thousands_usd,any,BHCKF168,all,,,LEASES TO INDIVIDUALS FOR HOUSEHOLD; FAMILY; AND OTHER PERSONAL EXPENDITURES; NONACCRUAL,,,assets.csv,51145.0,0.2707,2007Q1,2026Q2,0.9895,1255658.0
na_lease_f171,base,True,HC-N,stock,thousands_usd,any,BHCKF171,all,,,ALL OTHER LEASES; NONACCRUAL,,,assets.csv,51145.0,0.2707,2007Q1,2026Q2,0.8878,48745207.0
afs_inv_mf_eqsec,base,True,HC-B,stock,thousands_usd,any,BHCKA511,all,,,FAIR VALUE OF AVAILABLE-FOR-SALE INVESTMENTS IN MUTUAL FUNDS AND OTHER EQUITY SECURITIES WITH READILY DETERMINABLE FAIR VALUES,,,assets.csv,95658.0,0.5064,1997Q1,2020Q3,0.4729,3327500521.0
life_ins_ass_pre11,base,True,HC,stock,thousands_usd,any,BHCKC009,all,,,CASH SURRENDER VALUE OF LIFE INSURANCE,,,assets.csv,46901.0,0.2483,2003Q1,2010Q4,0.4016,3223846580.0
life_ins_ass_gen,base,True,HC-F,stock,thousands_usd,any,BHCKK201,all,,,LIFE INSURANCE ASSETS: GENERAL ACCOUNT LIFE INSURANCE ASSETS,,,assets.csv,38886.0,0.2058,2011Q1,2026Q2,0.1801,4346937546.0
life_ins_ass_sep,base,True,HC-F,stock,thousands_usd,any,BHCKK202,all,,,LIFE INSURANCE ASSETS: SEPARATE ACCOUNT LIFE INSURANCE ASSETS,,,assets.csv,38886.0,0.2058,2011Q1,2026Q2,0.6782,7861675627.0
life_ins_ass_hyb,base,True,HC-F,stock,thousands_usd,any,BHCKK270,all,,,LIFE INSURANCE ASSETS: HYBRID ACCOUNT LIFE INSURANCE ASSETS,,,assets.csv,38886.0,0.2058,2011Q1,2026Q2,0.5645,917987307.0
ffrepo_ass_1350,base,True,HC,stock,thousands_usd,any,BHCK1350,all,,,FEDERAL FUNDS SOLD AND SECURITIES PURCHASED UNDER AGREEMENTS TO RESELL IN DOMESTIC OFFICES OF THE BANK AND OF ITS EDGE AND AGREEMENT SUBSIDIARIES; AND IN IBFS,,,assets.csv,42673.0,0.2259,1986Q3,2001Q4,0.1769,9315685753.0
ll_tot,base,True,HC-C,stock,thousands_usd,any,BHCK2122,all,,,TOTAL LOANS AND LEASES; NET OF UNEARNED INCOME,,,assets.csv,188912.0,1.0,1986Q3,2026Q2,0.0002,1011831529499.0
ln_cc,base,True,HC-C,stock,thousands_usd,any,BHCKB538,all,,,LOANS TO INDIVIDUALS FOR HOUSEHOLD; FAMILY; AND OTHER PERSONAL EXPENDITURES (I.E.; CONSUMER LOANS)(INCLUDES PURCHASED PAPER): CREDIT CARDS,,,assets.csv,101040.0,0.5348,2001Q1,2026Q2,0.597,70084134018.0
ln_cc_incl_revolving_pre01,base,True,HC,stock,thousands_usd,any,BHCK2008,all,,,CREDIT CARDS AND RELATED PLANS,,,assets.csv,61726.0,0.3267,1991Q1,2000Q4,0.1568,8459045496.0
ln_revolving_oth,base,True,HC-C,stock,thousands_usd,any,BHCKB539,all,,,LOANS TO INDIVIDUALS FOR HOUSEHOLD; FAMILY; AND OTHER PERSONAL EXPENDITURES (I.E.; CONSUMER LOANS)(INCLUDES PURCHASED PAPER): OTHER REVOLVING CREDIT PLANS,,,assets.csv,101100.0,0.5352,2001Q1,2026Q2,0.2106,7745032997.0
ln_auto,base,True,HC-C,stock,thousands_usd,any,BHCKK137,all,,,AUTOMOBILE LOANS TO INDIVIDUALS FOR HOUSEHOLD; FAMILY; AND OTHER PERSONAL EXPENDITURES (I.E.; CONSUMER LOANS)(INCLUDES PURCHASED PAPER),,,assets.csv,38886.0,0.2058,2011Q1,2026Q2,0.1316,28701892684.0
ln_consumer_oth_ex_auto,base,True,HC-C,stock,thousands_usd,any,BHCKK207,all,,,OTHER CONSUMER LOANS TO INDIVIDUALS FOR HOUSEHOLD; FAMILY; AND OTHER PERSONAL EXPENDITURES (INCLUDES SINGLE PAYMENT; INSTALLMENT; AND ALL STUDENT LOANS),,,assets.csv,38886.0,0.2058,2011Q1,2026Q2,0.0333,18249170124.0
ln_consumer_oth_pre11,base,False,HC,stock,thousands_usd,any,BHCK2011,all,,,OTHER LOANS,,,assets.csv,,,,,,
ln_agr,base,True,HC-C,stock,thousands_usd,any,BHCK1590,all,,,LOANS TO FINANCE AGRICULTURAL PRODUCTION AND OTHER LOANS TO FARMERS,,,assets.csv,188458.0,0.9976,1986Q3,2026Q2,0.292,6076963483.0
ln_ci_tot,base,True,HC,stock,thousands_usd,any,BHCK1766,all,,,COMMERCIAL AND INDUSTRIAL LOANS,,,assets.csv,188908.0,1.0,1986Q3,2026Q2,0.0058,221408726085.0
ln_re_1410,base,True,HC-C,stock,thousands_usd,any,BHCK1410,all,,,LOANS SECURED BY REAL ESTATE,,,assets.csv,188911.0,1.0,1986Q3,2026Q2,0.0033,460695283479.0
ln_condev_1_consol,base,True,HC-C,stock,thousands_usd,any,BHCKF158,all,,,LOANS SECURED BY 1-4 FAMILY RESIDENTIAL CONSTRUCTION,,,assets.csv,54911.0,0.2907,2007Q1,2026Q2,0.0769,4463261030.0
ln_condev_2_consol,base,True,HC-C,stock,thousands_usd,any,BHCKF159,all,,,LOANS SECURED BY OTHER CONSTRUCTION LOANS AND ALL LAND DEVELOPMENT AND OTHER LAND LOANS,,,assets.csv,54911.0,0.2907,2007Q1,2026Q2,0.028,18328174443.0
ln_farm_consol,base,True,HC-C,stock,thousands_usd,any,BHCK1420,all,,,REAL ESTATE LOANS SECURED BY FARMLAND,,,assets.csv,166066.0,0.8791,1990Q3,2026Q2,0.1992,4950206891.0
ln_famres_heloc_consol,base,True,HC-C,stock,thousands_usd,any,BHCK1797,all,,,REVOLVING; OPEN-END LOANS SECURED BY 1-4 FAMILY RESIDENTIAL PROPERTIES AND EXTENDED UNDER LINES OF CREDIT,,,assets.csv,166115.0,0.8793,1990Q3,2026Q2,0.1291,46066574449.0
ln_famres_first_consol,base,True,HC-C,stock,thousands_usd,any,BHCK5367,all,,,ALL OTHER LOANS SECURED BY 1-4 FAMILY RESIDENTIAL PROPERTIES: SECURED BY FIRST LIENS,,,assets.csv,163096.0,0.8633,1991Q1,2026Q2,0.0081,196443168843.0
ln_famres_jr_consol,base,True,HC-C,stock,thousands_usd,any,BHCK5368,all,,,ALL OTHER LOANS SECURED BY 1-4 FAMILY RESIDENTIAL PROPERTIES: SECURED BY JUNIOR LIENS,,,assets.csv,163073.0,0.8632,1991Q1,2026Q2,0.0404,13823081849.0
ln_multi_consol,base,True,HC-C,stock,thousands_usd,any,BHCK1460,all,,,REAL ESTATE LOANS SECURED BY MULTI-FAMILY (5 OR MORE) RESIDENTIAL PROPERTIES,,,assets.csv,166169.0,0.8796,1990Q3,2026Q2,0.0747,29305798094.0
ln_other_re_1_consol,base,True,HC-C,stock,thousands_usd,any,BHCKF160,all,,,LOANS SECURED BY OWNER OCCUPIED NONFARM NONRESIDENTIAL PROPERTIES,,,assets.csv,54911.0,0.2907,2007Q1,2026Q2,0.0313,30592483748.0
ln_other_re_2_consol,base,True,HC-C,stock,thousands_usd,any,BHCKF161,all,,,LOANS SECURED BY OTHER NONFARM NONRESIDENTIAL PROPERTIES.,,,assets.csv,54910.0,0.2907,2007Q1,2026Q2,0.0206,51361595551.0
ln_condev_pre07,base,True,HC,stock,thousands_usd,any,BHDM1415,all,,,,,,assets.csv,115247.0,0.6101,1990Q3,2007Q4,0.0336,13816624627.0
ln_farm,base,True,HC-C,stock,thousands_usd,any,BHDM1420,all,,,,,,assets.csv,166066.0,0.8791,1990Q3,2026Q2,0.1993,4950134576.0
ln_famres_heloc,base,True,HC-C,stock,thousands_usd,any,BHDM1797,all,,,,,,assets.csv,166115.0,0.8793,1990Q3,2026Q2,0.1291,46066295783.0
ln_famres_other_alt,base,True,HC,stock,thousands_usd,any,BHDM1798,all,,,,,,assets.csv,3196.0,0.0169,1990Q3,1990Q4,0.0125,774822940.0
ln_famres_first,base,True,HC-C,stock,thousands_usd,any,BHDM5367,all,,,,,,assets.csv,163096.0,0.8633,1991Q1,2026Q2,0.0081,196443165580.0
ln_famres_jr,base,True,HC-C,stock,thousands_usd,any,BHDM5368,all,,,,,,assets.csv,163073.0,0.8632,1991Q1,2026Q2,0.0404,13823081711.0
ln_multi,base,True,HC-C,stock,thousands_usd,any,BHDM1460,all,,,,,,assets.csv,166169.0,0.8796,1990Q3,2026Q2,0.0748,29305703861.0
ln_other_re_pre08,base,True,HC,stock,thousands_usd,any,BHDM1480,all,,,,,,assets.csv,115285.0,0.6103,1990Q3,2007Q4,0.0084,34556410501.0
ln_dep_1,base,True,HC,stock,thousands_usd,any,BHCK1489,all,,,LOANS TO DEPOSITORY INSTITUTIONS (SEE NOTE BELOW),,,assets.csv,55660.0,0.2946,1986Q3,1995Q4,0.6421,1597767190.0
ln_dep_2,base,True,HC,stock,thousands_usd,any,BHCK1755,all,,,ACCEPTANCES OF OTHER BANKS,,,assets.csv,31238.0,0.1654,1996Q1,2000Q4,0.9471,35532754.0
ln_dep_01,base,False,HC-C,stock,thousands_usd,any,BHCK1288,all,,,LOANS TO DEPOSITORY INSTITUTIONS,,,assets.csv,,,,,,
na_ci_1608,base,True,HC,stock,thousands_usd,any,BHCK1608,all,,,COMMERCIAL AND INDUSTRIAL LOANS - NONACCRUAL,,,assets.csv,188556.0,0.9981,1986Q3,2026Q2,0.162,2978175268.0
na_cc_5385,base,False,HC,stock,thousands_usd,any,BHCK5385,all,,,LOANS TO INDIVIDUALS FOR HOUSEHOLD; FAMILY; AND OTHER PERSONAL EXPENDITURES: CREDIT CARDS AND RELATED PLANS - NONACCRUAL,,,assets.csv,,,,,,
na_cc,base,True,HC-N,stock,thousands_usd,any,BHCKB577,all,,,LOANS TO INDIVIDUALS FOR HOUSEHOLD; FAMILY; AND OTHER PERSONAL EXPENDITURES: CREDIT CARDS - NONACCRUAL,,,assets.csv,100693.0,0.533,2001Q1,2026Q2,0.9438,137964982.0
uc_loans_fam,base,True,HC-L,stock,thousands_usd,any,BHCK3814,all,,,UNUSED COMMITMENTS - REVOLVING; OPEN-END LINES SECURED BY 1-4 FAMILY RESIDENTIAL PROPERTIES,,,assets.csv,166053.0,0.879,1990Q3,2026Q2,0.1383,49603083517.0
uc_cc_lines,base,True,HC-L,stock,thousands_usd,any,BHCK3815,all,,,UNUSED COMMITMENTS - CREDIT CARD LINES,,,assets.csv,122750.0,0.6498,1990Q3,2009Q4,0.4648,169186884818.0
uc_cons_cc_lines,base,True,HC-L,stock,thousands_usd,any,BHCKJ455,all,,,CREDIT CARD LINES: UNUSED CONSUMER CREDIT CARD LINES,,,assets.csv,35257.0,0.1866,2010Q1,2026Q2,0.6732,158593823308.0
uc_oth_cc_lines,base,True,HC-L,stock,thousands_usd,any,BHCKJ456,all,,,CREDIT CARD LINES: OTHER UNUSED CREDIT CARD LINES,,,assets.csv,35256.0,0.1866,2010Q1,2026Q2,0.6786,13187458296.0
uc_loans_sec_by_restate_pre07,base,True,HC,stock,thousands_usd,any,BHCK3816,all,,,COMMERCIAL REAL ESTATE; CONSTRUCTION; AND LAND DEVELOPMENT: COMMITMENTS TO FUND LOANS SECURED BY REAL ESTATE,,,assets.csv,162941.0,0.8625,1991Q1,2026Q2,0.0671,27969387506.0
uc_loans_sec_by_restate_1,base,True,HC-L,stock,thousands_usd,any,BHCKF164,all,,,1-4 FAMILY RESIDENTIAL CONSTRUCTION LOAN COMMITMENTS,,,assets.csv,54911.0,0.2907,2007Q1,2026Q2,0.1114,3055809793.0
uc_loans_sec_by_restate_2,base,True,HC-L,stock,thousands_usd,any,BHCKF165,all,,,COMMERCIAL REAL ESTATE; OTHER CONSTRUCTION LOAN AND LAND DEVELOPMENT LOAN COMMITMENTS,,,assets.csv,54911.0,0.2907,2007Q1,2026Q2,0.0397,15982884125.0
uc_loans_nsec_by_restate,base,True,HC-L,stock,thousands_usd,any,BHCK6550,all,,,COMMERCIAL REAL ESTATE; CONSTRUCTION; AND LAND DEVELOPMENT: COMMITMENTS TO FUND LOANS NOT SECURED BY REAL ESTATE,,,assets.csv,165424.0,0.8757,1990Q3,2026Q2,0.7302,7742095780.0
sec_underw,base,True,HC-L,stock,thousands_usd,any,BHCK3817,all,,,UNUSED COMMITMENTS - SECURITIES UNDERWRITING,,,assets.csv,161333.0,0.854,1990Q3,2026Q2,0.9864,326497644.0
uc_other_pre10,base,True,HC,stock,thousands_usd,any,BHCK3818,all,,,UNUSED COMMITMENTS - OTHER,,,assets.csv,123201.0,0.6522,1990Q3,2009Q4,0.0286,138996628727.0
uc_other_1,base,True,HC-L,stock,thousands_usd,any,BHCKJ457,all,,,OTHER UNUSED COMMITMENTS: COMMERCIAL AND INDUSTRIAL LOANS,,,assets.csv,43004.0,0.2276,2010Q1,2026Q2,0.0422,131324228479.0
uc_other_2_src,base,True,HC-L,stock,thousands_usd,any,BHCKJ458,all,,,OTHER UNUSED COMMITMENTS: LOANS TO FINANCIAL INSTITUTIONS,,,assets.csv,42231.0,0.2235,2010Q1,2025Q4,0.756,28183383668.0
uc_other_3,base,True,HC-L,stock,thousands_usd,any,BHCKJ459,all,,,OTHER UNUSED COMMITMENTS: ALL OTHER UNUSED COMMITMENTS,,,assets.csv,43004.0,0.2276,2010Q1,2026Q2,0.0453,67960314697.0
uc_ln_dep_fi,base,True,HC-L,stock,thousands_usd,any,BHCKPV10,all,,,,,,assets.csv,771.0,0.0041,2026Q1,2026Q2,0.8625,26451979.0
uc_ln_non_dep_fi,base,True,HC-L,stock,thousands_usd,any,BHCKPV11,all,,,,,,assets.csv,771.0,0.0041,2026Q1,2026Q2,0.5149,2141705821.0
accrued_int_loans_pre01,base,True,HC,stock,thousands_usd,any,BHCK5397,all,,,INCOME EARNED BUT NOT COLLECTED,,,assets.csv,55411.0,0.2933,1992Q1,2000Q4,0.013,1490237736.0
io_strip_1_9718,base,True,HC-F,stock,thousands_usd,any,BHCKA519,all,,,INTEREST-ONLY STRIPS RECEIVABLE (NOT IN THE FORM OF A SECURITY) ON MORTGAGE LOANS,,,assets.csv,113439.0,0.6005,1997Q1,2018Q1,0.9844,118781604.0
io_strip_2_9718,base,True,HC-F,stock,thousands_usd,any,BHCKA520,all,,,INTEREST-ONLY STRIPS RECEIVABLE (NOT IN THE FORM OF A SECURITY) ON OTHER FINANCIAL ASSETS,,,assets.csv,113453.0,0.6006,1997Q1,2018Q1,0.9694,154412182.0
ac_htm_agency_1,base,True,HC-B,stock,thousands_usd,any,BHCK1289,all,,,AMORTIZED COST OF HELD-TO-MATURITY U.S. GOVERNMENT AGENCY AND CORPORATION OBLIGATIONS ISSUED BY U.S. GOVERNMENT AGENCIES (EXCLUDING MORTGAGE-BACKED SECURITIES),,,assets.csv,98632.0,0.5221,1994Q1,2018Q1,0.9493,245649709.0
ac_htm_agency_2,base,True,HC-B,stock,thousands_usd,any,BHCK1294,all,,,AMORTIZED COST OF HELD-TO-MATURITY U.S. GOVERNMENT AGENCY AND CORPORATION OBLIGATIONS ISSUED BY U.S. GOVERNMENT- SPONSORED AGENCIES (EXCLUDING MORTGAGE-BACKED SECURITIES),,,assets.csv,98946.0,0.5238,1994Q1,2018Q1,0.8052,1905977912.0
fv_htm_agency_1,base,True,HC-B,stock,thousands_usd,any,BHCK1290,all,,,FAIR VALUE OF HELD-TO-MATURITY U.S. GOVERNMENT AGENCY AND CORPORATION OBLIGATIONS ISSUED BY U.S. GOVERNMENT AGENCIES (EXCLUDING MORTGAGE-BACKED SECURITIES),,,assets.csv,98628.0,0.5221,1994Q1,2018Q1,0.9494,247357958.0
fv_htm_agency_2,base,True,HC-B,stock,thousands_usd,any,BHCK1295,all,,,FAIR VALUE OF HELD-TO-MATURITY U.S. GOVERNMENT AGENCY AND CORPORATION OBLIGATIONS ISSUED BY U.S. GOVERNMENT- SPONSORED AGENCIES (EXCLUDING MORTGAGE-BACKED SECURITIES),,,assets.csv,98947.0,0.5238,1994Q1,2018Q1,0.8051,1892557573.0
fv_afs_agency_1,base,True,HC-B,stock,thousands_usd,any,BHCK1293,all,,,FAIR VALUE OF AVAILABLE-FOR-SALE U.S. GOVERNMENT AGENCY AND CORPORATION OBLIGATIONS ISSUED BY U.S. GOVERNMENT AGENCIES (EXCLUDING MORTGAGE-BACKED SECURITIES),,,assets.csv,98766.0,0.5228,1994Q1,2018Q1,0.7395,936951372.0
fv_afs_agency_2,base,True,HC-B,stock,thousands_usd,any,BHCK1298,all,,,FAIR VALUE OF AVAILABLE-FOR-SALE U.S. GOVERNMENT AGENCY AND CORPORATION OBLIGATIONS ISSUED BY U.S. GOVERNMENT- SPONSORED AGENCIES (EXCLUDING MORTGAGE-BACKED SECURITIES),,,assets.csv,99444.0,0.5264,1994Q1,2018Q1,0.1655,13226047504.0
ac_htm_gnma_9409,base,True,HC,stock,thousands_usd,any,BHCK1698,all,,,AMORTIZED COST OF HELD-TO-MATURITY MORTGAGE PASS-THROUGH SECURITIES GUARANTEED BY GNMA,,,assets.csv,65243.0,0.3454,1994Q1,2009Q1,0.7963,744451460.0
ac_htm_fnma_9409,base,True,HC,stock,thousands_usd,any,BHCK1703,all,,,AMORTIZED COST OF HELD-TO-MATURITY MORTGAGE PASS-THROUGH SECURITIES ISSUED BY FNMA AND FHLMC,,,assets.csv,65323.0,0.3458,1994Q1,2009Q1,0.727,1244149967.0
fv_htm_gnma_9409,base,True,HC,stock,thousands_usd,any,BHCK1699,all,,,FAIR VALUE OF HELD-TO-MATURITY MORTGAGE PASS-THROUGH SECURITIES GUARANTEED BY GNMA,,,assets.csv,65240.0,0.3453,1994Q1,2009Q1,0.7962,748053460.0
fv_htm_fnma_9409,base,True,HC,stock,thousands_usd,any,BHCK1705,all,,,FAIR VALUE OF HELD-TO-MATURITY MORTGAGE PASS-THROUGH SECURITIES ISSUED BY FNMA AND FHLMC,,,assets.csv,65324.0,0.3458,1994Q1,2009Q1,0.7269,1335238219.0
ac_htm_ombs_pre09,base,True,HC,stock,thousands_usd,any,BHCK1709,all,,,AMORTIZED COST OF OTHER HELD-TO-MATURITY PASS-THROUGH SECURITIES,,,assets.csv,64961.0,0.3439,1994Q1,2009Q1,0.9749,43165890.0
fv_htm_ombs_pre09,base,True,HC,stock,thousands_usd,any,BHCK1710,all,,,FAIR VALUE OF OTHER HELD-TO-MATURITY PASS-THROUGH SECURITIES,,,assets.csv,64961.0,0.3439,1994Q1,2009Q1,0.9749,42796723.0
fv_afs_gnma_9409,base,True,HC,stock,thousands_usd,any,BHCK1702,all,,,FAIR VALUE OF AVAILABLE-FOR-SALE MORTGAGE PASS-THROUGH SECURITIES GUARANTEED BY GNMA,,,assets.csv,65520.0,0.3468,1994Q1,2009Q1,0.3413,4631936138.0
fv_afs_fnma_9409,base,True,HC,stock,thousands_usd,any,BHCK1707,all,,,FAIR VALUE OF AVAILABLE-FOR-SALE MORTGAGE PASS-THROUGH SECURITIES ISSUED BY FNMA AND FHLMC,,,assets.csv,65673.0,0.3476,1994Q1,2009Q1,0.1741,24886032603.0
fv_afs_ombs_pre09,base,True,HC,stock,thousands_usd,any,BHCK1713,all,,,FAIR VALUE OF OTHER AVAILABLE-FOR-SALE PASS-THROUGH SECURITIES,,,assets.csv,64982.0,0.344,1994Q1,2009Q1,0.936,789640286.0
ac_htm_abs_1,base,True,HC-B,stock,thousands_usd,any,BHCKB838,all,,,AMORTIZED COST OF HELD-TO-MATURITY ASSET-BACKED SECURITIES: CREDIT CARD RECEIVABLES,,,assets.csv,82257.0,0.4354,2001Q1,2026Q2,0.9971,309725242.0
ac_htm_abs_2,base,True,HC-B,stock,thousands_usd,any,BHCKB842,all,,,AMORTIZED COST OF HELD-TO-MATURITY ASSET-BACKED SECURITIES: HOME EQUITY LINES,,,assets.csv,82261.0,0.4354,2001Q1,2026Q2,0.9936,33370656.0
ac_htm_abs_3,base,True,HC-B,stock,thousands_usd,any,BHCKB846,all,,,AMORTIZED COST OF HELD-TO-MATURITY ASSET-BACKED SECURITIES: AUTO LOANS,,,assets.csv,82253.0,0.4354,2001Q1,2026Q2,0.9943,161327902.0
ac_htm_abs_4,base,True,HC-B,stock,thousands_usd,any,BHCKB850,all,,,AMORTIZED COST OF HELD-TO-MATURITY ASSET-BACKED SECURITIES: OTHER CONSUMER LOANS,,,assets.csv,82271.0,0.4355,2001Q1,2026Q2,0.9933,574578563.0
ac_htm_abs_5,base,True,HC-B,stock,thousands_usd,any,BHCKB854,all,,,AMORTIZED COST OF HELD-TO-MATURITY ASSET-BACKED SECURITIES: COMMERCIAL AND INDUSTRIAL LOANS,,,assets.csv,82332.0,0.4358,2001Q1,2026Q2,0.9978,46440661.0
ac_htm_abs_6,base,True,HC-B,stock,thousands_usd,any,BHCKB858,all,,,AMORTIZED COST OF HELD-TO-MATURITY ASSET-BACKED SECURITIES: OTHER,,,assets.csv,82339.0,0.4359,2001Q1,2026Q2,0.9925,221583668.0
ac_htm_abs_06,base,True,HC-B,stock,thousands_usd,any,BHCKC026,all,,,TOTAL (ASSET-BACKED SECURITIES) AMORTIZED COST - HELD TO MATURITY,,,assets.csv,58899.0,0.3118,2006Q1,2026Q2,0.9757,1344415975.0
fv_htm_abs_1,base,True,HC-B,stock,thousands_usd,any,BHCKB839,all,,,FAIR VALUE OF HELD-TO-MATURITY ASSET-BACKED SECURITIES: CREDIT CARD RECEIVABLES,,,assets.csv,82255.0,0.4354,2001Q1,2026Q2,0.9971,305423874.0
fv_htm_abs_2,base,True,HC-B,stock,thousands_usd,any,BHCKB843,all,,,FAIR VALUE OF HELD-TO-MATURITY ASSET-BACKED SECURITIES: HOME EQUITY LINES,,,assets.csv,82261.0,0.4354,2001Q1,2026Q2,0.9936,31794842.0
fv_htm_abs_3,base,True,HC-B,stock,thousands_usd,any,BHCKB847,all,,,FAIR VALUE OF HELD-TO-MATURITY ASSET-BACKED SECURITIES: AUTO LOANS,,,assets.csv,82252.0,0.4354,2001Q1,2026Q2,0.9943,160885911.0
fv_htm_abs_4,base,True,HC-B,stock,thousands_usd,any,BHCKB851,all,,,FAIR VALUE OF HELD-TO-MATURITY ASSET-BACKED SECURITIES: OTHER CONSUMER LOANS,,,assets.csv,82270.0,0.4355,2001Q1,2026Q2,0.9933,570448331.0
fv_htm_abs_5,base,True,HC-B,stock,thousands_usd,any,BHCKB855,all,,,FAIR VALUE OF HELD-TO-MATURITY ASSET-BACKED SECURITIES: COMMERCIAL AND INDUSTRIAL LOANS,,,assets.csv,82331.0,0.4358,2001Q1,2026Q2,0.9978,46345758.0
fv_htm_abs_6,base,True,HC-B,stock,thousands_usd,any,BHCKB859,all,,,FAIR VALUE OF HELD-TO-MATURITY ASSET-BACKED SECURITIES: OTHER,,,assets.csv,82337.0,0.4358,2001Q1,2026Q2,0.9924,221697163.0
fv_htm_abs_06,base,True,HC-B,stock,thousands_usd,any,BHCKC988,all,,,ASSET-BACKED SECURITIES: HELD-TO-MATURITY-FAIR VALUE,,,assets.csv,58899.0,0.3118,2006Q1,2026Q2,0.9757,1333831308.0
fv_afs_abs_1,base,True,HC-B,stock,thousands_usd,any,BHCKB841,all,,,FAIR VALUE OF AVAILABLE-FOR-SALE ASSET-BACKED SECURITIES: CREDIT CARD RECEIVABLES,,,assets.csv,82265.0,0.4355,2001Q1,2026Q2,0.9689,2746110608.0
fv_afs_abs_2,base,True,HC-B,stock,thousands_usd,any,BHCKB845,all,,,FAIR VALUE OF AVAILABLE-FOR-SALE ASSET-BACKED SECURITIES: HOME EQUITY LINES,,,assets.csv,82281.0,0.4355,2001Q1,2026Q2,0.9565,1053683768.0
fv_afs_abs_3,base,True,HC-B,stock,thousands_usd,any,BHCKB849,all,,,FAIR VALUE OF AVAILABLE-FOR-SALE ASSET-BACKED SECURITIES: AUTO LOANS,,,assets.csv,82267.0,0.4355,2001Q1,2026Q2,0.9617,1812259855.0
fv_afs_abs_4,base,True,HC-B,stock,thousands_usd,any,BHCKB853,all,,,FAIR VALUE OF AVAILABLE-FOR-SALE ASSET-BACKED SECURITIES: OTHER CONSUMER LOANS,,,assets.csv,82290.0,0.4356,2001Q1,2026Q2,0.935,2891831628.0
fv_afs_abs_5,base,True,HC-B,stock,thousands_usd,any,BHCKB857,all,,,FAIR VALUE OF AVAILABLE-FOR-SALE ASSET-BACKED SECURITIES: COMMERCIAL AND INDUSTRIAL LOANS,,,assets.csv,82341.0,0.4359,2001Q1,2026Q2,0.9718,880395819.0
fv_afs_abs_6,base,True,HC-B,stock,thousands_usd,any,BHCKB861,all,,,FAIR VALUE OF AVAILABLE-FOR-SALE ASSET-BACKED SECURITIES: OTHER,,,assets.csv,82393.0,0.4361,2001Q1,2026Q2,0.9352,1681082272.0
fv_afs_abs_06,base,True,HC-B,stock,thousands_usd,any,BHCKC027,all,,,TOTAL (ASSET-BACKED SECURITIES) FAIR VALUE - AVAILABLE-FOR-SALE,,,assets.csv,58899.0,0.3118,2006Q1,2026Q2,0.8288,9227159133.0
ac_htm_sfp_1,base,True,HC-B,stock,thousands_usd,any,BHCKG336,all,,,ASSET-BACKED SECURITIES AND STRUCTURED FINANCIAL PRODUCTS: STRUCTURED FINANCIAL PRODUCTS: CASH - HELD-TO-MATURITY AMORTIZED COST,,,assets.csv,33630.0,0.178,2009Q2,2018Q1,0.9724,230677040.0
ac_htm_sfp_2,base,True,HC-B,stock,thousands_usd,any,BHCKG340,all,,,ASSET-BACKED SECURITIES AND STRUCTURED FINANCIAL PRODUCTS: STRUCTURED FINANCIAL PRODUCTS: SYNTHETIC - HELD-TO-MATURITY AMORTIZED COST,,,assets.csv,33630.0,0.178,2009Q2,2018Q1,0.9994,671550.0
ac_htm_sfp_3,base,True,HC-B,stock,thousands_usd,any,BHCKG344,all,,,ASSET-BACKED SECURITIES AND STRUCTURED FINANCIAL PRODUCTS: STRUCTURED FINANCIAL PRODUCTS: HYBRID - HELD-TO-MATURITY AMORTIZED COST,,,assets.csv,33630.0,0.178,2009Q2,2018Q1,1.0,50.0
ac_htm_sfp_18,base,True,HC-B,stock,thousands_usd,any,BHCKHT58,all,,,Asset-backed securities and structured financial products; Structured financial products; Held-to-maturity; Amortized Cost,,,assets.csv,12435.0,0.0658,2018Q2,2026Q2,0.9114,2762103048.0
fv_htm_sfp_1,base,True,HC-B,stock,thousands_usd,any,BHCKG337,all,,,ASSET-BACKED SECURITIES AND STRUCTURED FINANCIAL PRODUCTS: STRUCTURED FINANCIAL PRODUCTS: CASH - HELD-TO-MATURITY FAIR VALUE,,,assets.csv,33630.0,0.178,2009Q2,2018Q1,0.9718,230226606.0
fv_htm_sfp_2,base,True,HC-B,stock,thousands_usd,any,BHCKG341,all,,,ASSET-BACKED SECURITIES AND STRUCTURED FINANCIAL PRODUCTS: STRUCTURED FINANCIAL PRODUCTS: SYNTHETIC - HELD-TO-MATURITY FAIR VALUE,,,assets.csv,33630.0,0.178,2009Q2,2018Q1,0.9994,640925.0
fv_htm_sfp_3,base,True,HC-B,stock,thousands_usd,any,BHCKG345,all,,,ASSET-BACKED SECURITIES AND STRUCTURED FINANCIAL PRODUCTS: STRUCTURED FINANCIAL PRODUCTS: HYBRID - HELD-TO-MATURITY FAIR VALUE,,,assets.csv,33630.0,0.178,2009Q2,2018Q1,1.0,50.0
fv_htm_sfp_18,base,True,HC-B,stock,thousands_usd,any,BHCKHT59,all,,,Asset-backed securities and structured financial products; Structured financial products; Held-to-maturity; Fair Value,,,assets.csv,12435.0,0.0658,2018Q2,2026Q2,0.9109,2726955346.0
fv_afs_sfp_1,base,True,HC-B,stock,thousands_usd,any,BHCKG339,all,,,ASSET-BACKED SECURITIES AND STRUCTURED FINANCIAL PRODUCTS: STRUCTURED FINANCIAL PRODUCTS: CASH - AVAILABLE-FOR-SALE FAIR VALUE,,,assets.csv,33627.0,0.178,2009Q2,2018Q1,0.8472,2195062977.0
fv_afs_sfp_2,base,True,HC-B,stock,thousands_usd,any,BHCKG343,all,,,ASSET-BACKED SECURITIES AND STRUCTURED FINANCIAL PRODUCTS: STRUCTURED FINANCIAL PRODUCTS: SYNTHETIC - AVAILABLE-FOR-SALE FAIR VALUE,,,assets.csv,33630.0,0.178,2009Q2,2018Q1,0.9955,9839004.0
fv_afs_sfp_3,base,True,HC-B,stock,thousands_usd,any,BHCKG347,all,,,ASSET-BACKED SECURITIES AND STRUCTURED FINANCIAL PRODUCTS: STRUCTURED FINANCIAL PRODUCTS: HYBRID - AVAILABLE-FOR-SALE FAIR VALUE,,,assets.csv,33630.0,0.178,2009Q2,2018Q1,0.9971,12365864.0
fv_afs_sfp_18,base,True,HC-B,stock,thousands_usd,any,BHCKHT61,all,,,Asset-backed securities and structured financial products; Structured financial products; Available for sale; Fair Value,,,assets.csv,12435.0,0.0658,2018Q2,2026Q2,0.6781,3355435171.0
hfs_famres_loc_1,base,True,HC-P,stock,thousands_usd,any,BHDMF676,all,,,,,,assets.csv,35787.0,0.1894,2008Q1,2018Q1,0.9893,135315716.0
hfs_famres_loc_2,base,True,HC-P,stock,thousands_usd,any,BHDMF677,all,,,,,,assets.csv,35787.0,0.1894,2008Q1,2018Q1,0.9892,61599074.0
fidu_income,base,True,HC-T,stock,thousands_usd,any,BHCK4070,all,,,INCOME FROM FIDUCIARY ACTIVITIES,,,assets.csv,187002.0,0.9899,1986Q3,2026Q2,0.4652,3246751443.0
qavg_assets,base,True,HC-K,stock,thousands_usd,any,BHCK3368,all,,,QUARTERLY AVERAGE OF TOTAL ASSETS,,,assets.csv,179500.0,0.9502,1986Q3,2026Q2,0.0127,2170378741197.0
qavg_loans_ci,base,True,HC,stock,thousands_usd,any,BHCK3387,all,,,,,,assets.csv,38886.0,0.2058,2011Q1,2026Q2,0.0118,107500436049.0
qavg_loans_ag,base,True,HC,stock,thousands_usd,any,BHCK3386,all,,,,,,assets.csv,38886.0,0.2058,2011Q1,2026Q2,0.3437,3068638551.0
qavg_loans_famres,base,True,HC,stock,thousands_usd,any,BHCK3465,all,,,,,,assets.csv,51002.0,0.27,2008Q1,2026Q2,0.0143,161510109734.0
qavg_loans_othre,base,True,HC,stock,thousands_usd,any,BHCK3466,all,,,,,,assets.csv,51002.0,0.27,2008Q1,2026Q2,0.0123,125793198881.0
ffsold_8801,base,True,HC,stock,thousands_usd,any,BHCK0276,all,,,FEDERAL FUNDS SOLD,,,assets.csv,52263.0,0.2767,1988Q2,1996Q4,0.1214,3108574105.0
repo_purch_8801,base,True,HC,stock,thousands_usd,any,BHCK0277,all,,,SECURITIES PURCHASED UNDER AGREEMENTS TO RESELL,,,assets.csv,51848.0,0.2745,1988Q2,1996Q4,0.891,2518093045.0
ibb_us,base,True,HC,stock,thousands_usd,any,BHCK0395,all,,,INTEREST-BEARING BALANCES IN U.S. OFFICES,,,assets.csv,188572.0,0.9982,1986Q3,2026Q2,0.1521,96743005801.0
ibb_foreign,base,True,HC,stock,thousands_usd,any,BHCK0397,all,,,INTEREST-BEARING BALANCES IN FOREIGN OFFICES; EDGE AND AGREEMENT SUBSIDIARIES AND IBFS,,,assets.csv,180265.0,0.9542,1986Q3,2026Q2,0.9416,43623664813.0
htm_oth_debt_foreign_ac,base,True,HC-B,stock,thousands_usd,any,BHCK1742,all,,,AMORTIZED COST OF HELD-TO-MATURITY OTHER FOREIGN DEBT SECURITIES,,,assets.csv,100592.0,0.5325,2001Q1,2026Q2,0.9537,1149390015.0
htm_oth_debt_foreign_fv,base,True,HC-B,stock,thousands_usd,any,BHCK1743,all,,,FAIR VALUE OF HELD-TO-MATURITY OTHER FOREIGN DEBT SECURITIES,,,assets.csv,100598.0,0.5325,2001Q1,2026Q2,0.9537,1136534200.0
htm_oth_debt_dom_ac,base,True,HC-B,stock,thousands_usd,any,BHCK1737,all,,,AMORTIZED COST OF OTHER HELD-TO-MATURITY DOMESTIC DEBT SECURITIES,,,assets.csv,100730.0,0.5332,2001Q1,2026Q2,0.8738,425367007.0
htm_oth_debt_dom_fv,base,True,HC-B,stock,thousands_usd,any,BHCK1738,all,,,FAIR VALUE OF OTHER HELD-TO-MATURITY DOMESTIC DEBT SECURITIES,,,assets.csv,100730.0,0.5332,2001Q1,2026Q2,0.8736,417510158.0
ln_dep_us_banks,base,True,HC-C,stock,thousands_usd,any,BHCK1292,all,,,LOANS TO U.S. BANKS AND OTHER U.S. DEPOSITORY INSTITUTIONS,,,assets.csv,132052.0,0.699,1996Q1,2026Q2,0.8894,944059212.0
ln_dep_foreign_banks,base,True,HC-C,stock,thousands_usd,any,BHCK1296,all,,,LOANS TO FOREIGN BANKS,,,assets.csv,132000.0,0.6987,1996Q1,2026Q2,0.956,7769214613.0
ln_cc_incl_revolving,derived,True,CROSS,stock,thousands_usd,any,,,,,"Credit cards AND other revolving credit plans -- the pre-2001 definition of the credit-card line, carried forward as B538 + B539 after the 2001Q1 split. Consistent across 2001 (-3.4% over the same banks at the boundary, inside the +/-5-9% seasonal swing on either side). ln_cc alone is not.",ln_cc_incl_revolving_pre01.fillna(ln_cc + ln_revolving_oth),ln_cc ln_cc_incl_revolving_pre01 ln_revolving_oth,assets.csv,162685.0,0.8612,1991Q1,2026Q2,0.1455,86286622902.0
ln_closedlien,derived,True,CROSS,stock,,any,,,,,[RCON5367 + RCON5368],ln_famres_first + ln_famres_jr,ln_famres_first ln_famres_jr,assets.csv,163073.0,0.8632,1991Q1,2026Q2,0.0074,210264692286.0
ll_net_unearned_9101,derived,True,CROSS,stock,,any,,,,,[RCFD2122 - RCFD5369],ll_tot - ll_hfs,ll_hfs ll_tot,assets.csv,161676.0,0.8558,1991Q1,2026Q2,0.0004,954383106066.0
ll_net_unearned,derived,True,CROSS,stock,,any,,,,,"Loans and leases, net of unearned income [RCFDB528]",ll_net_unearned_01.fillna(ll_net_unearned_9101),ll_net_unearned_01 ll_net_unearned_9101,assets.csv,161949.0,0.8573,1991Q1,2026Q2,0.0004,954458635192.0
ll_net_allow_9101,derived,True,CROSS,stock,,any,,,,,[RCFD2122 - RCFD5369 - RCFD5369],ll_net_unearned_9101-ll_res,ll_net_unearned_9101 ll_res,assets.csv,161676.0,0.8558,1991Q1,2026Q2,0.0003,936176289900.0
ll_net_allow,derived,True,CROSS,stock,,any,,,,,"Loans and leases, investment, net of allowance [RCFDB529]",ll_net_allow_01.fillna(ll_net_allow_9101),ll_net_allow_01 ll_net_allow_9101,assets.csv,161949.0,0.8573,1991Q1,2026Q2,0.0003,936250725941.0
io_strip_9718,derived,True,CROSS,stock,,any,,,,,IO strip receivable,io_strip_1_9718+io_strip_2_9718,io_strip_1_9718 io_strip_2_9718,assets.csv,113428.0,0.6004,1997Q1,2018Q1,0.9603,273004732.0
io_strip,derived,True,CROSS,stock,,any,,,,,IO strip receivable [RCFDHT80],io_strip_18.fillna(io_strip_9718),io_strip_18 io_strip_9718,assets.csv,125864.0,0.6663,1997Q1,2026Q2,0.9615,274557080.0
ac_htm_agency_exmbs_9418,derived,True,CROSS,stock,,any,,,,,[RCFD1289+RCFD1294],ac_htm_agency_1+ac_htm_agency_2,ac_htm_agency_1 ac_htm_agency_2,assets.csv,98615.0,0.522,1994Q1,2018Q1,0.7847,2144616063.0
ac_htm_agency_exmbs,derived,True,CROSS,stock,,any,,,,,AC of HTM government agency debt ex. MBS [HT50] htm_gov_obl_all / agency_htm,ac_htm_agency_exmbs_18.fillna(ac_htm_agency_exmbs_9418),ac_htm_agency_exmbs_18 ac_htm_agency_exmbs_9418,assets.csv,111051.0,0.5878,1994Q1,2026Q2,0.7873,2727002212.0
fv_htm_agency_exmbs_9418,derived,True,CROSS,stock,,any,,,,,[RCFD1290+RCFD1295],fv_htm_agency_1+fv_htm_agency_2,fv_htm_agency_1 fv_htm_agency_2,assets.csv,98615.0,0.522,1994Q1,2018Q1,0.7846,2132835739.0
fv_htm_agency_exmbs,derived,True,CROSS,stock,,any,,,,,FV of HTM government agency debt ex. MBS [HT50] htm_gov_obl_all / agency_htm,fv_htm_agency_exmbs_18.fillna(fv_htm_agency_exmbs_9418),fv_htm_agency_exmbs_18 fv_htm_agency_exmbs_9418,assets.csv,111051.0,0.5878,1994Q1,2026Q2,0.7873,2675028608.0
fv_afs_agency_exmbs_9418,derived,True,CROSS,stock,,any,,,,,[RCFD1293+RCFD1298],fv_afs_agency_1+fv_afs_agency_2,fv_afs_agency_1 fv_afs_agency_2,assets.csv,98740.0,0.5227,1994Q1,2018Q1,0.1306,14128460320.0
fv_afs_agency_exmbs,derived,True,CROSS,stock,,any,,,,,FV of AFS government agency debt ex. MBS [HT50] htm_gov_obl_all / agency_htm,fv_afs_agency_exmbs_18.fillna(fv_afs_agency_exmbs_9418),fv_afs_agency_exmbs_18 fv_afs_agency_exmbs_9418,assets.csv,111176.0,0.5885,1994Q1,2026Q2,0.1406,16194019868.0
ac_htm_gnma,derived,True,CROSS,stock,,any,,,,,AC of HTM GNMA [RCFDG300]  htm_agpth_mbs_gnma,ac_htm_gnma_09.fillna(ac_htm_gnma_9409),ac_htm_gnma_09 ac_htm_gnma_9409,assets.csv,107560.0,0.5694,1994Q1,2026Q2,0.7888,9220493418.0
ac_htm_fnma,derived,True,CROSS,stock,,any,,,,,AC of HTM FNMA [RCFDG304]  htm_agpth_mbs_fnma,ac_htm_fnma_09.fillna(ac_htm_fnma_9409),ac_htm_fnma_09 ac_htm_fnma_9409,assets.csv,107638.0,0.5698,1994Q1,2026Q2,0.7136,33190786221.0
ac_htm_mbs_pre18,derived,True,CROSS,stock,,any,,,,,AC of HTM MBS [RCFD1698+RCFD1703],ac_htm_gnma+ac_htm_fnma,ac_htm_fnma ac_htm_gnma,assets.csv,107505.0,0.5691,1994Q1,2026Q2,0.6868,42407244592.0
fv_htm_gnma,derived,True,CROSS,stock,,any,,,,,FV of HTM GNMA [RCFDG300]  htm_fv_mbs_gnma,fv_htm_gnma_09.fillna(fv_htm_gnma_9409),fv_htm_gnma_09 fv_htm_gnma_9409,assets.csv,107557.0,0.5693,1994Q1,2026Q2,0.7887,8915440078.0
fv_htm_fnma,derived,True,CROSS,stock,,any,,,,,FV of HTM FNMA [RCFDG304]  htm_fv_mbs_fnma,fv_htm_fnma_09.fillna(fv_htm_fnma_9409),fv_htm_fnma_09 fv_htm_fnma_9409,assets.csv,107639.0,0.5698,1994Q1,2026Q2,0.7136,30611346572.0
fv_htm_mbs_pre18,derived,True,CROSS,stock,,any,,,,,FV of HTM MBS [RCFD1699+RCFD1705],fv_htm_gnma+fv_htm_fnma,fv_htm_fnma fv_htm_gnma,assets.csv,107505.0,0.5691,1994Q1,2026Q2,0.6868,39425730894.0
fv_afs_gnma,derived,True,CROSS,stock,,any,,,,,FV of AFS GNMA [G303] afs_agpth_mbs_gnma,fv_afs_gnma_09.fillna(fv_afs_gnma_9409),fv_afs_gnma_09 fv_afs_gnma_9409,assets.csv,107851.0,0.5709,1994Q1,2026Q2,0.282,18469470872.0
fv_afs_fnma,derived,True,CROSS,stock,,any,,,,,FV of AFS FNMA [G307] afs_agpth_mbs_fnma,fv_afs_fnma_09.fillna(fv_afs_fnma_9409),fv_afs_fnma_09 fv_afs_fnma_9409,assets.csv,108005.0,0.5717,1994Q1,2026Q2,0.1408,64533094004.0
fv_afs_mbs_pre18,derived,True,CROSS,stock,,any,,,,,FV of AFS MBS [RCFD1702+RCFD1707],fv_afs_gnma+fv_afs_fnma,fv_afs_fnma fv_afs_gnma,assets.csv,107807.0,0.5707,1994Q1,2026Q2,0.1172,82993808975.0
ac_htm_abs_pre06,derived,True,CROSS,stock,,any,,,,,AC HTM ABS [RCFDB838+B842+B846+B850+B854+B858],ac_htm_abs_1+ac_htm_abs_2+ac_htm_abs_3+ac_htm_abs_4+ac_htm_abs_5+ac_htm_abs_6,ac_htm_abs_1 ac_htm_abs_2 ac_htm_abs_3 ac_htm_abs_4 ac_htm_abs_5 ac_htm_abs_6,assets.csv,82250.0,0.4354,2001Q1,2026Q2,0.9795,1346871684.0
ac_htm_abs,derived,True,CROSS,stock,,any,,,,,AC HTM ABS [RCFDC026] htm_ac_ab_sec,ac_htm_abs_06.fillna(ac_htm_abs_pre06),ac_htm_abs_06 ac_htm_abs_pre06,assets.csv,100575.0,0.5324,2001Q1,2026Q2,0.9813,1350568924.0
ac_htm_sfp_pre18,derived,True,CROSS,stock,,any,,,,,AC HTM SFP [RCFDG336+G340+G344] htm_ac_sfp,ac_htm_sfp_1+ac_htm_sfp_2+ac_htm_sfp_3,ac_htm_sfp_1 ac_htm_sfp_2 ac_htm_sfp_3,assets.csv,33630.0,0.178,2009Q2,2018Q1,0.9721,231348640.0
ac_htm_sfp,derived,True,CROSS,stock,,any,,,,,AC HTM SFP [RCFDHT58] htm_ac_sfp,ac_htm_sfp_18.fillna(ac_htm_sfp_pre18),ac_htm_sfp_18 ac_htm_sfp_pre18,assets.csv,46065.0,0.2438,2009Q2,2026Q2,0.9557,2993451688.0
fv_htm_abs_pre06,derived,True,CROSS,stock,,any,,,,,FV HTM ABS [RCFDB839+B843+B847+B851+B855+B859],fv_htm_abs_1+fv_htm_abs_2+fv_htm_abs_3+fv_htm_abs_4+fv_htm_abs_5+fv_htm_abs_6,fv_htm_abs_1 fv_htm_abs_2 fv_htm_abs_3 fv_htm_abs_4 fv_htm_abs_5 fv_htm_abs_6,assets.csv,82248.0,0.4354,2001Q1,2026Q2,0.9794,1336437364.0
fv_htm_abs,derived,True,CROSS,stock,,any,,,,,FV HTM ABS [RCFDC988] htm_fv_ab_sec,fv_htm_abs_06.fillna(fv_htm_abs_pre06),fv_htm_abs_06 fv_htm_abs_pre06,assets.csv,100574.0,0.5324,2001Q1,2026Q2,0.9813,1340042710.0
fv_htm_sfp_pre18,derived,True,CROSS,stock,,any,,,,,FV HTM SFP [RCFDG337+G341+G345] htm_fv_sfp,fv_htm_sfp_1+fv_htm_sfp_2+fv_htm_sfp_3,fv_htm_sfp_1 fv_htm_sfp_2 fv_htm_sfp_3,assets.csv,33630.0,0.178,2009Q2,2018Q1,0.9715,230867581.0
fv_htm_sfp,derived,True,CROSS,stock,,any,,,,,FV HTM SFP [RCFDHT59] htm_fv_sfp,fv_htm_sfp_18.fillna(fv_htm_sfp_pre18),fv_htm_sfp_18 fv_htm_sfp_pre18,assets.csv,46065.0,0.2438,2009Q2,2026Q2,0.9552,2957822927.0
fv_afs_abs_pre06,derived,True,CROSS,stock,,any,,,,,FV AFS ABS [RCFDB841+B845+B849+B853+B857+B861],fv_afs_abs_1+fv_afs_abs_2+fv_afs_abs_3+fv_afs_abs_4+fv_afs_abs_5+fv_afs_abs_6,fv_afs_abs_1 fv_afs_abs_2 fv_afs_abs_3 fv_afs_abs_4 fv_afs_abs_5 fv_afs_abs_6,assets.csv,82245.0,0.4354,2001Q1,2026Q2,0.8635,11031124877.0
fv_afs_abs,derived,True,CROSS,stock,,any,,,,,FV AFS ABS [RCFDC027] afs_fv_ab_sec,fv_afs_abs_06.fillna(fv_afs_abs_pre06),fv_afs_abs_06 fv_afs_abs_pre06,assets.csv,100572.0,0.5324,2001Q1,2026Q2,0.8561,11207597336.0
fv_afs_sfp_pre18,derived,True,CROSS,stock,,any,,,,,FV AFS SFP [RCFDG341+G343+G347] afs_fv_sfp,fv_afs_sfp_1+fv_afs_sfp_2+fv_afs_sfp_3,fv_afs_sfp_1 fv_afs_sfp_2 fv_afs_sfp_3,assets.csv,33627.0,0.178,2009Q2,2018Q1,0.8446,2217267845.0
fv_afs_sfp,derived,True,CROSS,stock,,any,,,,,FV AFS SFP [RCFDHT61] afs_fv_sfp,fv_afs_sfp_18.fillna(fv_afs_sfp_pre18),fv_afs_sfp_18 fv_afs_sfp_pre18,assets.csv,46062.0,0.2438,2009Q2,2026Q2,0.7997,5572703016.0
equitysec,derived,True,CROSS,stock,,any,,,,,AFS Equity Securities [RCFDJA22 or RCFDA511],equitysec_20.fillna(afs_inv_mf_eqsec),afs_inv_mf_eqsec equitysec_20,assets.csv,106776.0,0.5652,1997Q1,2026Q2,0.459,4689522863.0
intang,derived,True,CROSS,stock,,any,,,,,Intangible assets [RCFD2143; goodwill RCFD3163 + other RCFD0426 during the 2011Q1-2017 window when the RCFD2143 aggregate was discontinued],intang_total.fillna(intang_goodwill + intang_other),intang_goodwill intang_other intang_total,assets.csv,100895.0,0.5341,2001Q1,2026Q2,0.1942,48910506182.0
oth_assets,derived,True,CROSS,stock,,any,,,,,"Other assets [RCFD2160; pre-2006 adds RCFD2155 customers' liability on acceptances, a separate asset line discontinued 2005Q4 and folded into 2160 thereafter]",oth_assets_2160 + accept_cust.fillna(0),accept_cust oth_assets_2160,assets.csv,188896.0,0.9999,1986Q3,2026Q2,0.0,137766745322.0
ffrepo_ass,derived,True,CROSS,stock,,any,,,,,"Fed funds sold + securities purchased under resale [2002+: RCONB987 ffsold + RCFDB989 repo_purch; pre-2002: RCFD1350 combined (the split codes start 2002). Clean switch at 2002, no overlap] A filing that reports none of the inputs stays blank: the per-input zero is right inside an era, where one of the lines is simply not on the form, but an empty filing has no fed funds position to report. Y-9C: the split codes BHCK0276+0277 carry 1988Q2-2001Q4, the combined BHCK1350 before that (and again in 2001Q4), B987+B989 from 2002.",(ffsold.fillna(0) + repo_purch.fillna(0) + ffrepo_ass_1350.fillna(0) + ffsold_8801.fillna(0) + repo_purch_8801.fillna(0)).where(ffsold.notna() | repo_purch.notna() | ffrepo_ass_1350.notna() | ffsold_8801.notna() | repo_purch_8801.notna()),ffrepo_ass_1350 ffsold ffsold_8801 repo_purch repo_purch_8801,assets.csv,188659.0,0.9987,1986Q3,2026Q2,0.2771,185913159236.0
ac_htm_ombs_1,derived,True,CROSS,stock,,any,,,,,AC HTM other MBS [RSCFDG312 / 1714] htm_ag_cmo_iss,ac_htm_ombs_1_09.fillna(ac_htm_ombs_1_pre09),ac_htm_ombs_1_09 ac_htm_ombs_1_pre09,assets.csv,111210.0,0.5887,1994Q1,2026Q2,0.8315,8346378850.0
ac_htm_ombs_2,derived,True,CROSS,stock,,any,,,,,AC HTM other MBS [RSCFDG316 / 1718] htm_ag_cmo_col,ac_htm_ombs_2_09.fillna(ac_htm_ombs_2_pre09),ac_htm_ombs_2_09 ac_htm_ombs_2_pre09,assets.csv,111036.0,0.5878,1994Q1,2026Q2,0.9782,44042941.0
ac_htm_ombs_3,derived,True,CROSS,stock,,any,,,,,AC HTM other MBS [RSCFDG320 / 1733] htm_res_cmo_oth,ac_htm_ombs_3_09.fillna(ac_htm_ombs_3_pre09),ac_htm_ombs_3_09 ac_htm_ombs_3_pre09,assets.csv,111009.0,0.5876,1994Q1,2026Q2,0.9355,1432089420.0
ac_htm_ombs,derived,True,CROSS,stock,,any,,,,,"AC HTM other MBS [other pass-through G308/pre09 1709 + CMOs G312/G316/G320; distinct RC-B categories, summed]",ac_htm_ombs_09.fillna(ac_htm_ombs_pre09)+ac_htm_ombs_1+ac_htm_ombs_2+ac_htm_ombs_3,ac_htm_ombs_09 ac_htm_ombs_1 ac_htm_ombs_2 ac_htm_ombs_3 ac_htm_ombs_pre09,assets.csv,107196.0,0.5674,1994Q1,2026Q2,0.8038,9840057546.0
fv_htm_ombs_1,derived,True,CROSS,stock,,any,,,,,FV HTM other MBS [RSCFDG313 / 1715] htm_fv_ag_cmo_iss,fv_htm_ombs_1_09.fillna(fv_htm_ombs_1_pre09),fv_htm_ombs_1_09 fv_htm_ombs_1_pre09,assets.csv,111211.0,0.5887,1994Q1,2026Q2,0.8314,7994866436.0
fv_htm_ombs_2,derived,True,CROSS,stock,,any,,,,,FV HTM other MBS [RSCFDG317 / 1719] htm_fv_ag_cmo_col,fv_htm_ombs_2_09.fillna(fv_htm_ombs_2_pre09),fv_htm_ombs_2_09 fv_htm_ombs_2_pre09,assets.csv,111038.0,0.5878,1994Q1,2026Q2,0.9783,43818810.0
fv_htm_ombs_3,derived,True,CROSS,stock,,any,,,,,FV HTM other MBS [RSCFDG321 / 1734] htm_fv_res_cmo_oth,fv_htm_ombs_3_09.fillna(fv_htm_ombs_3_pre09),fv_htm_ombs_3_09 fv_htm_ombs_3_pre09,assets.csv,111013.0,0.5876,1994Q1,2026Q2,0.9352,1395730685.0
fv_htm_ombs,derived,True,CROSS,stock,,any,,,,,FV HTM other MBS [other pass-through G309/pre09 1710 + CMOs; summed],fv_htm_ombs_09.fillna(fv_htm_ombs_pre09)+fv_htm_ombs_1+fv_htm_ombs_2+fv_htm_ombs_3,fv_htm_ombs_09 fv_htm_ombs_1 fv_htm_ombs_2 fv_htm_ombs_3 fv_htm_ombs_pre09,assets.csv,107202.0,0.5675,1994Q1,2026Q2,0.8037,9371751930.0
fv_afs_ombs_1,derived,True,CROSS,stock,,any,,,,,FV AFS other MBS [RSCFDG315 / 1717] AFS_fv_ag_cmo_iss,fv_afs_ombs_1_09.fillna(fv_afs_ombs_1_pre09),fv_afs_ombs_1_09 fv_afs_ombs_1_pre09,assets.csv,111583.0,0.5907,1994Q1,2026Q2,0.3134,30262565433.0
fv_afs_ombs_2,derived,True,CROSS,stock,,any,,,,,FV AFS other MBS [RSCFDG319 / 1732] AFS_fv_ag_cmo_col,fv_afs_ombs_2_09.fillna(fv_afs_ombs_2_pre09),fv_afs_ombs_2_09 fv_afs_ombs_2_pre09,assets.csv,111168.0,0.5885,1994Q1,2026Q2,0.8959,443377557.0
fv_afs_ombs_3,derived,True,CROSS,stock,,any,,,,,FV AFS other MBS [RSCFDG323 / 1736] AFS_fv_res_cmo_oth,fv_afs_ombs_3_09.fillna(fv_afs_ombs_3_pre09),fv_afs_ombs_3_09 fv_afs_ombs_3_pre09,assets.csv,111140.0,0.5883,1994Q1,2026Q2,0.7267,11206463649.0
fv_afs_ombs,derived,True,CROSS,stock,,any,,,,,FV AFS other MBS [other pass-through G311/pre09 1713 + CMOs; summed],fv_afs_ombs_09.fillna(fv_afs_ombs_pre09)+fv_afs_ombs_1+fv_afs_ombs_2+fv_afs_ombs_3,fv_afs_ombs_09 fv_afs_ombs_1 fv_afs_ombs_2 fv_afs_ombs_3 fv_afs_ombs_pre09,assets.csv,107215.0,0.5675,1994Q1,2026Q2,0.28,42829472327.0
ac_htm_cmbs_pt_alt,derived,True,CROSS,stock,,any,,,,,AC HTM CMBS pass-through [K142+K146],ac_htm_cmbs_pt_ag+ac_htm_cmbs_pt_oth,ac_htm_cmbs_pt_ag ac_htm_cmbs_pt_oth,assets.csv,38886.0,0.2058,2011Q1,2026Q2,0.8847,2282627847.0
ac_htm_cmbs_pt,derived,True,CROSS,stock,,any,,,,,"AC HTM CMBS pass-through [G324, K142+K146] ac_htm_copth",ac_htm_cmbs_pt_src.fillna(ac_htm_cmbs_pt_alt),ac_htm_cmbs_pt_alt ac_htm_cmbs_pt_src,assets.csv,46066.0,0.2438,2009Q2,2026Q2,0.8998,2304808996.0
ac_htm_cmbs_npt_alt,derived,True,CROSS,stock,,any,,,,,AC HTM CMBS non pass-through [K150+K154],ac_htm_cmbs_npt_ag+ac_htm_cmbs_npt_oth,ac_htm_cmbs_npt_ag ac_htm_cmbs_npt_oth,assets.csv,38886.0,0.2058,2011Q1,2026Q2,0.903,3404117060.0
ac_htm_cmbs_npt,derived,True,CROSS,stock,,any,,,,,"AC HTM CMBS non pass-through [G328, K150+K154] htm_commbs",ac_htm_cmbs_npt_src.fillna(ac_htm_cmbs_npt_alt),ac_htm_cmbs_npt_alt ac_htm_cmbs_npt_src,assets.csv,46066.0,0.2438,2009Q2,2026Q2,0.9165,3437164275.0
fv_htm_cmbs_pt_alt,derived,True,CROSS,stock,,any,,,,,FV HTM CMBS pass-through [K143+K147],fv_htm_cmbs_pt_ag+fv_htm_cmbs_pt_oth,fv_htm_cmbs_pt_ag fv_htm_cmbs_pt_oth,assets.csv,38886.0,0.2058,2011Q1,2026Q2,0.8847,2216411790.0
fv_htm_cmbs_pt,derived,True,CROSS,stock,,any,,,,,"FV HTM CMBS pass-through [G325, K143+K147] fv_htm_copth",fv_htm_cmbs_pt_src.fillna(fv_htm_cmbs_pt_alt),fv_htm_cmbs_pt_alt fv_htm_cmbs_pt_src,assets.csv,46066.0,0.2438,2009Q2,2026Q2,0.8998,2239299391.0
fv_htm_cmbs_npt_alt,derived,True,CROSS,stock,,any,,,,,FV HTM CMBS non pass-through [K151+K155],fv_htm_cmbs_npt_ag+fv_htm_cmbs_npt_oth,fv_htm_cmbs_npt_ag fv_htm_cmbs_npt_oth,assets.csv,38886.0,0.2058,2011Q1,2026Q2,0.903,3274399706.0
fv_htm_cmbs_npt,derived,True,CROSS,stock,,any,,,,,"FV HTM CMBS non pass-through [G329, K151+K155] fv_htm_commbs",fv_htm_cmbs_npt_src.fillna(fv_htm_cmbs_npt_alt),fv_htm_cmbs_npt_alt fv_htm_cmbs_npt_src,assets.csv,46066.0,0.2438,2009Q2,2026Q2,0.9165,3307312750.0
fv_afs_cmbs_pt_alt,derived,True,CROSS,stock,,any,,,,,FV AFS CMBS pass-through [K145+K149],fv_afs_cmbs_pt_ag+fv_afs_cmbs_pt_oth,fv_afs_cmbs_pt_ag fv_afs_cmbs_pt_oth,assets.csv,38886.0,0.2058,2011Q1,2026Q2,0.6159,4977213449.0
fv_afs_cmbs_pt,derived,True,CROSS,stock,,any,,,,,"FV AFS CMBS pass-through [G327, K145+K149] fv_afs_copth",fv_afs_cmbs_pt_src.fillna(fv_afs_cmbs_pt_alt),fv_afs_cmbs_pt_alt fv_afs_cmbs_pt_src,assets.csv,46066.0,0.2438,2009Q2,2026Q2,0.6583,5060997935.0
fv_afs_cmbs_npt_alt,derived,True,CROSS,stock,,any,,,,,FV AFS CMBS non pass-through [K153+K157],fv_afs_cmbs_npt_ag+fv_afs_cmbs_npt_oth,fv_afs_cmbs_npt_ag fv_afs_cmbs_npt_oth,assets.csv,38886.0,0.2058,2011Q1,2026Q2,0.6419,7894048542.0
fv_afs_cmbs_npt,derived,True,CROSS,stock,,any,,,,,"FV AFS CMBS non pass-through [G331, K153+K157] fv_afs_commbs",fv_afs_cmbs_npt_src.fillna(fv_afs_cmbs_npt_alt),fv_afs_cmbs_npt_alt fv_afs_cmbs_npt_src,assets.csv,46066.0,0.2438,2009Q2,2026Q2,0.6885,8230207656.0
fv_ln_famres_pre18,derived,True,CROSS,stock,,any,,,,,FV Loans secured by 1-4 family real estate [F580+F581+F582],fv_ln_famres_1+fv_ln_famres_2+fv_ln_famres_3,fv_ln_famres_1 fv_ln_famres_2 fv_ln_famres_3,assets.csv,22163.0,0.1173,2008Q1,2018Q1,0.8419,3213875395.0
fv_ln_famres,derived,True,CROSS,stock,,any,,,,,FV Loans secured by 1-4 family real estate [HT87] ln_fv_sec_re_fam_res,fv_ln_famres_18.fillna(fv_ln_famres_pre18),fv_ln_famres_18 fv_ln_famres_pre18,assets.csv,28337.0,0.15,2008Q1,2026Q2,0.7649,5412977787.0
fv_ln_othres_pre18,derived,True,CROSS,stock,,any,,,,,FV Loans secured by other real estate [F578+F579+F583+F584],fv_ln_othres_1+fv_ln_othres_2+fv_ln_othres_3+fv_ln_othres_4,fv_ln_othres_1 fv_ln_othres_2 fv_ln_othres_3 fv_ln_othres_4,assets.csv,22161.0,0.1173,2008Q1,2018Q1,0.9459,372787156.0
fv_ln_othres,derived,True,CROSS,stock,,any,,,,,FV Loans secured by other real estate [HT88] ln_fv_sec_re_oth,fv_ln_othres_18.fillna(fv_ln_othres_pre18),fv_ln_othres_18 fv_ln_othres_pre18,assets.csv,28317.0,0.1499,2008Q1,2026Q2,0.928,833451459.0
fv_ln_res,derived,True,CROSS,stock,,any,,,,,FV Loans secured by real estate [HT87+HT88] ln_fv_sec_re_all,(fv_ln_famres+fv_ln_othres).fillna(fv_ln_res_alt),fv_ln_famres fv_ln_othres fv_ln_res_alt,assets.csv,28387.0,0.1503,2008Q1,2026Q2,0.7434,6248346302.0
fv_ln_cons_pre18,derived,True,CROSS,stock,,any,,,,,FV Loans to consumers [F586+F587+F588],fv_ln_cons_1+fv_ln_cons_2+fv_ln_cons_3,fv_ln_cons_1 fv_ln_cons_2 fv_ln_cons_3,assets.csv,7209.0,0.0382,2008Q1,2010Q4,0.9831,16626195.0
fv_ln_cons,derived,True,CROSS,stock,,any,,,,,FV Loans to consumers [HT89] ln_fv_cons,fv_ln_cons_18.fillna(fv_ln_cons_pre18),fv_ln_cons_18 fv_ln_cons_pre18,assets.csv,13363.0,0.0707,2008Q1,2026Q2,0.9648,560572785.0
life_ins_ass_11,derived,True,CROSS,stock,,any,,,,,Life insurance value [K201+K202+K270],life_ins_ass_gen+life_ins_ass_sep+life_ins_ass_hyb,life_ins_ass_gen life_ins_ass_hyb life_ins_ass_sep,assets.csv,38886.0,0.2058,2011Q1,2026Q2,0.1527,13126600480.0
life_ins_ass,derived,True,CROSS,stock,,any,,,,,Life insurance value [C009] life_ins_ass,life_ins_ass_11.fillna(life_ins_ass_pre11),life_ins_ass_11 life_ins_ass_pre11,assets.csv,85787.0,0.4541,2003Q1,2026Q2,0.2888,16350447060.0
ln_consumer_oth,derived,True,CROSS,stock,,any,,,,,"Consumer loans other than credit cards and revolving plans: automobile plus other installment, single-payment and student loans to individuals. RCFD2011 through 2010Q4, then automobile (K137) + other consumer (K207) -- the 2011 form split that one line into two, so the sum is the same definition throughout. Consistent: +3.3% over the same banks at 2001Q1, -0.3% at 2011Q1. ln_auto and ln_consumer_oth_ex_auto carry the two halves for 2011 on.",ln_consumer_oth_pre11.fillna(ln_auto + ln_consumer_oth_ex_auto),ln_auto ln_consumer_oth_ex_auto ln_consumer_oth_pre11,assets.csv,163093.0,0.8633,1991Q1,2026Q2,0.0122,88037835522.0
ln_famres_other,derived,True,CROSS,stock,,any,,,,,Loans: Family RE,ln_famres_other_alt.fillna(ln_famres_first + ln_famres_jr),ln_famres_first ln_famres_jr ln_famres_other_alt,assets.csv,166269.0,0.8801,1990Q3,2026Q2,0.0075,211039515226.0
ln_famres_01,derived,True,CROSS,stock,,any,,,,,,ln_famres_heloc + ln_famres_other,ln_famres_heloc ln_famres_other,assets.csv,166106.0,0.8793,1990Q3,2026Q2,0.007,257101018724.0
ln_dep_pre01,derived,True,CROSS,stock,,any,,,,,,ln_dep_1 + ln_dep_2,ln_dep_1 ln_dep_2,assets.csv,0.0,0.0,,,,0.0
ln_dep,derived,True,HC-C,stock,thousands_usd,any,,,,,"Loans to depository institutions and acceptances of other banks: the reported total RCFD1288 where filed; for 031 filers from 2011Q1, when the form carries only the components, B532+B533+B534+B536+B537 (equal to RCFD1288 for 100% of 031 filers in 2001Q4, 2005Q4 and 2010Q4); 1489+1755 before 2001. Until 2026-09 the 031 was a fabricated zero from 2011Q1 ($59bn at 2024Q4). A 041/051 blank is a zero (see the zero-fill rule). Y-9C: the total BHCK1288 (1996-) where filed, else U.S. banks (BHCK1292) + foreign banks (BHCK1296); BHCK1489 (+1755 where filed) before 1996.",ln_dep_01.fillna(ln_dep_us_banks + ln_dep_foreign_banks.fillna(0)).fillna(ln_dep_1 + ln_dep_2.fillna(0)),ln_dep_01 ln_dep_1 ln_dep_2 ln_dep_foreign_banks ln_dep_us_banks,assets.csv,187740.0,0.9938,1986Q3,2026Q2,0.8063,10311041015.0
uc_loans_sec_by_restate_07,derived,True,CROSS,stock,,any,,,,,,uc_loans_sec_by_restate_1 + uc_loans_sec_by_restate_2,uc_loans_sec_by_restate_1 uc_loans_sec_by_restate_2,assets.csv,54911.0,0.2907,2007Q1,2026Q2,0.0272,19038693918.0
uc_re,derived,True,CROSS,stock,,any,,,,,"Commitments: Real Estate [RCFD3816, F164+F165] uc_loans_sec_by_restate",uc_loans_sec_by_restate_pre07.fillna(uc_loans_sec_by_restate_07),uc_loans_sec_by_restate_07 uc_loans_sec_by_restate_pre07,assets.csv,162942.0,0.8625,1991Q1,2026Q2,0.0671,27970055128.0
uc_other_2_24,derived,True,CROSS,stock,,any,,,,,Commitments: Financial Institutions [PV10+PV11],uc_ln_dep_fi+uc_ln_non_dep_fi,uc_ln_dep_fi uc_ln_non_dep_fi,assets.csv,771.0,0.0041,2026Q1,2026Q2,0.4812,2168157800.0
uc_other_2,derived,True,CROSS,stock,,any,,,,,"Commitments: Financial Institutions [J458, PV10+PV11]",uc_other_2_src.fillna(uc_other_2_24),uc_other_2_24 uc_other_2_src,assets.csv,43002.0,0.2276,2010Q1,2026Q2,0.7511,30351541468.0
uc_other_10,derived,True,CROSS,stock,,any,,,,,,uc_other_1+uc_other_2+uc_other_3,uc_other_1 uc_other_2 uc_other_3,assets.csv,43002.0,0.2276,2010Q1,2026Q2,0.0132,229635843392.0
uc_other,derived,True,CROSS,stock,,any,,,,,"Commitments: Other [RCFD3818, J457+J458+J459] other_unused_com",uc_other_pre10.fillna(uc_other_10),uc_other_10 uc_other_pre10,assets.csv,166203.0,0.8798,1990Q3,2026Q2,0.0246,368632472119.0
ibb,derived,True,HC,stock,thousands_usd,any,,,,,"ibb on the FR Y-9C, same definition as the Call Report column. Y-9C: interest-bearing balances are filed as U.S. offices (BHCK0395) + foreign offices (BHCK0397); their sum is the consolidated line.",ibb_us + ibb_foreign,ibb_foreign ibb_us,assets.csv,180254.0,0.9542,1986Q3,2026Q2,0.1435,140238395551.0
htm_oth_debt_ac,derived,True,HC,stock,thousands_usd,any,,,,,"htm_oth_debt_ac on the FR Y-9C, same definition as the Call Report column. Y-9C: domestic (BHCK1737) + foreign (BHCK1742) other HTM debt securities, 2001-.",htm_oth_debt_dom_ac + htm_oth_debt_foreign_ac.fillna(0),htm_oth_debt_dom_ac htm_oth_debt_foreign_ac,assets.csv,100730.0,0.5332,2001Q1,2026Q2,0.843,1574755327.0
htm_oth_debt_fv,derived,True,HC,stock,thousands_usd,any,,,,,"htm_oth_debt_fv on the FR Y-9C, same definition as the Call Report column. Y-9C: domestic (BHCK1738) + foreign (BHCK1743), 2001-.",htm_oth_debt_dom_fv + htm_oth_debt_foreign_fv.fillna(0),htm_oth_debt_dom_fv htm_oth_debt_foreign_fv,assets.csv,100730.0,0.5332,2001Q1,2026Q2,0.8429,1554042621.0
liabilities,base,True,HC,stock,thousands_usd,any,BHCK2948,all,,,TOTAL LIABILITIES AND MINORITY INTEREST,,,core_series.csv,188913.0,1.0,1986Q3,2026Q2,0.0,1971490008195.0
ytd_net_inc,base,True,HI,ytd,thousands_usd,any,BHCK4340,all,,,NET INCOME (LOSS),,,core_series.csv,188884.0,0.9998,1986Q3,2026Q2,0.0002,12455165672.0
ytd_int_inc_ffrepo,base,True,HI,ytd,thousands_usd,nonneg,BHCK4020,all,,,INTEREST INCOME ON FEDERAL FUNDS SOLD AND SECURITIES PURCHASED UNDER AGREEMENTS TO RESELL,,,core_series.csv,188869.0,0.9998,1986Q3,2026Q2,0.173,3204833256.0
ytd_int_exp_ffrepo,base,True,HI,ytd,thousands_usd,nonneg,BHCK4180,all,,,EXPENSE OF FEDERAL FUNDS PURCHASED AND SECURITIES SOLD UNDER AGREEMENTS TO REPURCHASE,,,core_series.csv,188605.0,0.9984,1986Q3,2026Q2,0.2211,3807453012.0
ln_consumer_1975,base,False,HC-C,stock,thousands_usd,any,BHCK1975,all,,,LOANS TO INDIVIDUALS FOR HOUSEHOLD; FAMILY; AND OTHER PERSONAL EXPENDITURES,,,core_series.csv,,,,,,
securities_pre94,base,False,HC-B,stock,thousands_usd,any,BHCK0390,all,,,TOTAL INVESTMENT SECURITIES - BOOK VALUE,,,core_series.csv,,,,,,
trad_ass_pre94,base,True,HC,stock,thousands_usd,any,BHCK2146,all,,,TOTAL ASSETS HELD IN TRADING ACCOUNTS,,,core_series.csv,44612.0,0.2362,1986Q3,1993Q4,0.8619,2166559406.0
ytd_int_exp_oth_dep_y9c,base,True,HI,ytd,thousands_usd,nonneg,BHCK6761,all,,,INTEREST ON OTHER DEPOSITS,,,core_series.csv,166280.0,0.8802,1990Q3,2026Q2,0.0057,4908231098.0
liabilities_ex_subdebt,derived,True,HC,stock,thousands_usd,nonneg,,,,,"Total liabilities net of subordinated notes and debentures: RCFD2950 as filed to 2010; liabilities - subdebt after (identical 1985-2010). Y-9C: total liabilities (BHCK2948) less subordinated notes and debentures (BHCK4062, which on the Y-9C includes limited-life preferred).",(liabilities - subdebt.fillna(0)).where(liabilities.notna()),liabilities subdebt,core_series.csv,188913.0,1.0,1986Q3,2026Q2,0.0,1945312702579.0
ln_gross,derived,True,HC-C,stock,thousands_usd,nonneg,,,,,Total loans and leases gross of unearned income: RCFD1400 as filed to 2010; ll_tot (RCFD2122) + unearned income (RCFD2123) after (identical 1985-2010). Y-9C: loans net of unearned income (BHCK2122) + unearned income (BHCK2123); no gross line is filed.,(ll_tot + unearned_income_ln.fillna(0)).where(ll_tot.notna()),ll_tot unearned_income_ln,core_series.csv,188912.0,1.0,1986Q3,2026Q2,0.0002,1013037742871.0
ln_consumer,derived,True,HC-C,stock,thousands_usd,nonneg,,,,,"Loans to individuals for household, family and other personal expenditures (consumer loans): RCFD1975 as filed to 2010; credit cards and revolving plans plus other consumer loans after (identical from 1990).",ln_consumer_1975.fillna((ln_cc_incl_revolving.fillna(0) + ln_consumer_oth.fillna(0)).where(ln_cc_incl_revolving.notna() | ln_consumer_oth.notna())),ln_cc_incl_revolving ln_consumer_1975 ln_consumer_oth,core_series.csv,188911.0,1.0,1986Q3,2026Q2,0.0058,180587725147.0
ytd_op_inc,derived,True,HI,ytd,thousands_usd,any,,,,,Total operating income: RIAD4000 as filed to 2010; total interest income + total noninterest income after (identical 1985-2010). Y-9C: total interest income (BHCK4107) + total noninterest income (BHCK4079).,(ytd_int_inc + ytd_nonint_inc.fillna(0)).where(ytd_int_inc.notna()),ytd_int_inc ytd_nonint_inc,core_series.csv,188913.0,1.0,1986Q3,2026Q2,0.0,88786386390.0
ytd_op_exp,derived,True,HI,ytd,thousands_usd,any,,,,,Total operating expense (excludes the loan-loss provision from 1985): RIAD4130 as filed to 2010; total interest expense + total noninterest expense after (identical 1985-2010). Y-9C: total interest expense (BHCK4073) + total noninterest expense (BHCK4093).,(ytd_int_exp + ytd_nonint_exp.fillna(0)).where(ytd_int_exp.notna()),ytd_int_exp ytd_nonint_exp,core_series.csv,188908.0,1.0,1986Q3,2026Q2,0.0,66230477495.0
securities,derived,True,HC-B,stock,thousands_usd,nonneg,,,,,"Investment securities, excluding trading: total investment securities (RCFD0390) to 1993; held-to-maturity at amortized cost (1754) + available-for-sale at fair value (1773) from 1994, plus equity securities with readily determinable fair value (JA22) from 2018 when they left AFS. The 1994 break is indistinguishable from an ordinary quarter.",securities_pre94.fillna((fv.fillna(0) + afssec.fillna(0) + equitysec_20.fillna(0)).where(fv.notna() | afssec.notna())),afssec equitysec_20 fv securities_pre94,core_series.csv,188913.0,1.0,1986Q3,2026Q2,0.0019,391043644686.0
deposits,derived,True,HC,stock,thousands_usd,nonneg,,,,,"Total deposits, consolidated: domestic offices (RCON2200) plus foreign offices (RCFN2200). Equals the reported RCFD2200 exactly before 2011; after 2011 RCFD2200 is not consolidated in the source files (see the header of core_series.csv). Y-9C: no total-deposits line; domestic noninterest-bearing (BHDM6631) + interest-bearing (BHDM6636) + foreign offices (foreign_dep).",(dom_deposit_nib + dom_deposit_ib + foreign_dep.fillna(0)).where(dom_deposit_nib.notna() | dom_deposit_ib.notna()),dom_deposit_ib dom_deposit_nib foreign_dep,core_series.csv,188907.0,1.0,1986Q3,2026Q2,0.0014,1248670967181.0
ytd_int_exp_dep,derived,True,HI,ytd,thousands_usd,nonneg,,,,,"Total interest expense on deposits: RIAD4170 as filed to 2010; after, foreign-office interest (RIAD4172) + domestic transaction (4508) + savings (0093) + time deposits (A517+A518 to 2016, HK03+HK04 from 2017), identical to the reported total 1987-2010. Y-9C: foreign offices (BHCK4172) + other domestic deposits (BHCK6761; BHCK4176 in 1986-89) + domestic time deposits (BHCK4174 to 1996, A517+A518 1997-2016, HK03+HK04 from 2017). No reported total exists on the Y-9C; checked by the continuity of the implied deposit rate across the 1997 and 2017 changes.","(ytd_int_exp_for.fillna(0) + ytd_int_exp_oth_dep_y9c.fillna(ytd_int_exp_oth_dep).fillna(0) + (ytd_int_exp_time_lt250k_dom.fillna(0) + ytd_int_exp_time_gt250k_dom.fillna(0)).where(ytd_int_exp_time_lt250k_dom.notna() | ytd_int_exp_time_gt250k_dom.notna(), ytd_int_exp_time_lt100k_dom.fillna(0) + ytd_int_exp_time_gt100k_dom.fillna(0))).where(ytd_int_exp_oth_dep_y9c.notna() | ytd_int_exp_oth_dep.notna())",ytd_int_exp_for ytd_int_exp_oth_dep ytd_int_exp_oth_dep_y9c ytd_int_exp_time_gt100k_dom ytd_int_exp_time_gt250k_dom ytd_int_exp_time_lt100k_dom ytd_int_exp_time_lt250k_dom,core_series.csv,188899.0,0.9999,1986Q3,2026Q2,0.0022,11549822491.0
structflag_business_combo,base,True,HI,flag,,any,BHCKC251,all,,,HAS THE BANK HOLDING COMPANY ENTERED INTO A BUSINESS COMBINATION DURING THE CALENDAR YEAR THAT WAS ACCOUNTED FOR BY THE PURCHASE METHOD OF ACCOUNTING?,,,hi_mergers.csv,93770.0,0.4964,2002Q1,2026Q2,0.858,20779.0
structflag_business_combo_pre02,base,True,HI,flag,,any,BHCK6688,all,,,DOES THE RESPONDENT BANK HOLDING COMPANY'S CONSOLIDATED STATEMENT REFLECT ANY BUSINESS COMBINATIONS DURING THE QUARTER ENDING WITH THE REPORT DATE FOR WHICH THE POOLING-OF-INTEREST METHOD OF ACCOUNTING WAS USED?,,,hi_mergers.csv,72523.0,0.3839,1990Q3,2001Q4,0.0,143541.0
structflag_restatement,base,True,HI,flag,,any,BHCK6689,all,,,HAS THE BANK HOLDING COMPANY RESTATED ITS FINANCIAL STATEMENTS DURING THE LAST QUARTER AS A RESULT OF NEW OR REVISED STATEMENTS OF FINANCIAL ACCOUNTING STANDARDS?,,,hi_mergers.csv,166292.0,0.8803,1990Q3,2026Q2,0.5146,160781.0
ytd_allowance_chg_mergers,base,True,HI-B,ytd,thousands_usd,any,BHCK4776,all,,,CHANGES INCIDENT TO MERGERS AND ABSORPTIONS; NET FOR ALLOWANCES FOR LOAN AND LEASE LOSSES,,,hi_mergers.csv,86653.0,0.4587,1986Q3,2000Q4,0.8811,146450414.0
acq_loans_fv_at_acquisition,base,True,HC-C,stock,thousands_usd,any,BHCKKX60,all,,,Loans and Leases: Fair value of acquired loans and leases at acquisition date,,,hi_mergers.csv,2003.0,0.0106,2019Q4,2026Q2,0.9241,84325770.0
acq_loans_gross_contractual,base,True,HC-C,stock,thousands_usd,any,BHCKKX61,all,,,Loans and Leases: Gross contractual amounts receivable at acquisition,,,hi_mergers.csv,2003.0,0.0106,2019Q4,2026Q2,0.9236,94937090.0
acq_loans_expected_shortfall,base,True,HC-C,stock,thousands_usd,any,BHCKKX62,all,,,Loans and Leases: Best estimate at acquisition date of contractual cash flows not expected to be collected.,,,hi_mergers.csv,2002.0,0.0106,2019Q4,2026Q2,0.951,916459.0
pred_qavg_assets,base,True,HI,ytd_event,thousands_usd,any,BHBC3368,all,,,QUARTERLY AVERAGE OF TOTAL ASSETS,,,hi_predecessor.csv,9030.0,0.0478,2003Q1,2026Q2,0.9303,6135806839.0
pred_quarterly_average_of_earning_assets,base,True,HI,ytd_event,thousands_usd,any,BHBC3402,all,,,QUARTERLY AVERAGE OF EARNING ASSETS,,,hi_predecessor.csv,8986.0,0.0476,2003Q1,2026Q2,0.9317,5093148869.0
pred_quarterly_averages_of_loans_and_leases,base,True,HI,ytd_event,thousands_usd,any,BHBC3516,all,,,QUARTERLY AVERAGES OF LOANS AND LEASES,,,hi_predecessor.csv,8999.0,0.0476,2003Q1,2026Q2,0.9319,3335006621.0
pred_quarterly_average_of_equity_capital,base,True,HI,ytd_event,thousands_usd,any,BHBC3519,all,,,QUARTERLY AVERAGE OF EQUITY CAPITAL,,,hi_predecessor.csv,8976.0,0.0475,2003Q1,2026Q2,0.9334,511573354.0
pred_ytd_fiduc_inc,base,True,HI,ytd_event,thousands_usd,any,BHBC4070,all,,,INCOME FROM FIDUCIARY ACTIVITIES,,,hi_predecessor.csv,9253.0,0.049,2003Q1,2026Q2,0.9809,3224165.0
pred_ytd_int_exp,base,True,HI,ytd_event,thousands_usd,any,BHBC4073,all,,,TOTAL INTEREST EXPENSE,,,hi_predecessor.csv,9499.0,0.0503,2003Q1,2026Q2,0.893,63344156.0
pred_net_interest_income,base,True,HI,ytd_event,thousands_usd,any,BHBC4074,all,,,NET INTEREST INCOME,,,hi_predecessor.csv,9483.0,0.0502,2003Q1,2026Q2,0.8929,92892451.0
pred_ytd_nonint_inc,base,True,HI,ytd_event,thousands_usd,any,BHBC4079,all,,,TOTAL NONINTEREST INCOME,,,hi_predecessor.csv,9336.0,0.0494,2003Q1,2026Q2,0.9143,51609200.0
pred_gains_losses_on_securities_not_held_in_trading_a,base,True,HI,ytd_event,thousands_usd,any,BHBC4091,all,,,GAINS (LOSSES) ON SECURITIES NOT HELD IN TRADING ACCOUNTS,,,hi_predecessor.csv,9316.0,0.0493,2003Q1,2026Q2,0.9587,-10231502.0
pred_ytd_nonint_exp,base,True,HI,ytd_event,thousands_usd,any,BHBC4093,all,,,TOTAL NONINTEREST EXPENSE,,,hi_predecessor.csv,9332.0,0.0494,2003Q1,2026Q2,0.9136,145293110.0
pred_interest_and_fees_on_loans_and_lease_financing_r,base,True,HI,ytd_event,thousands_usd,any,BHBC4094,all,,,INTEREST AND FEES ON LOANS AND LEASE FINANCING RECEIVABLES,,,hi_predecessor.csv,9326.0,0.0494,2003Q1,2026Q2,0.9163,121946623.0
pred_ytd_int_inc,base,True,HI,ytd_event,thousands_usd,any,BHBC4107,all,,,TOTAL INTEREST INCOME,,,hi_predecessor.csv,9340.0,0.0494,2003Q1,2026Q2,0.9138,156236543.0
pred_ytd_nonint_exp_comp,base,True,HI,ytd_event,thousands_usd,any,BHBC4135,all,,,SALARIES AND EMPLOYEE BENEFITS,,,hi_predecessor.csv,9318.0,0.0493,2003Q1,2026Q2,0.9143,54724228.0
pred_interest_and_dividend_income_on_securities,base,True,HI,ytd_event,thousands_usd,any,BHBC4218,all,,,INTEREST AND DIVIDEND INCOME ON SECURITIES,,,hi_predecessor.csv,9321.0,0.0493,2003Q1,2026Q2,0.9205,23503250.0
pred_ytd_provision_ll,base,True,HI,ytd_event,thousands_usd,any,BHBC4230,all,,,PROVISION FOR LOAN AND LEASE LOSSES,,,hi_predecessor.csv,8522.0,0.0451,2003Q1,2018Q4,0.9425,53128080.0
pred_income_loss_before_applicable_income_taxes_and_d,base,True,HI,ytd_event,thousands_usd,any,BHBC4301,all,,,INCOME (LOSS) BEFORE APPLICABLE INCOME TAXES AND DISCONTINUED OPERATIONS,,,hi_predecessor.csv,9495.0,0.0503,2003Q1,2026Q2,0.8912,-67272315.0
pred_ytd_taxes_inc,base,True,HI,ytd_event,thousands_usd,any,BHBC4302,all,,,APPLICABLE INCOME TAXES,,,hi_predecessor.csv,9314.0,0.0493,2003Q1,2026Q2,0.9273,-9411632.0
pred_extraordinary_items_and_other_adjustments_net_of,base,True,HI,ytd_event,thousands_usd,any,BHBC4320,all,,,EXTRAORDINARY ITEMS AND OTHER ADJUSTMENTS; NET OF INCOME TAXES,,,hi_predecessor.csv,7994.0,0.0423,2003Q1,2016Q2,0.9994,51714.0
pred_net_income_loss,base,True,HI,ytd_event,thousands_usd,any,BHBC4340,all,,,NET INCOME (LOSS),,,hi_predecessor.csv,9494.0,0.0503,2003Q1,2026Q2,0.8913,-57878788.0
pred_net_interest_expense_on_deposits,base,True,HI,ytd_event,thousands_usd,any,BHBC4421,all,,,NET INTEREST EXPENSE ON DEPOSITS,,,hi_predecessor.csv,9324.0,0.0494,2003Q1,2026Q2,0.9184,34991867.0
pred_cash_dividend_declared_equity_capital,base,True,HI,ytd_event,thousands_usd,any,BHBC4475,all,,,CASH DIVIDEND DECLARED - EQUITY CAPITAL,,,hi_predecessor.csv,9252.0,0.049,2003Q1,2026Q2,0.9717,18304595.0
pred_minority_interest,base,True,HI,ytd_event,thousands_usd,any,BHBC4484,all,,,MINORITY INTEREST,,,hi_predecessor.csv,9243.0,0.0489,2003Q1,2026Q2,0.9953,-17456.0
pred_net_interest_income_on_a_fully_taxable_equivalen,base,True,HI,ytd_event,thousands_usd,any,BHBC4519,all,,,NET INTEREST INCOME ON A FULLY TAXABLE EQUIVALENT BASIS,,,hi_predecessor.csv,9284.0,0.0491,2003Q1,2026Q2,0.9226,90825481.0
pred_loans_charged_off_and_recoveries_total_loans_cha,base,True,HI,ytd_event,thousands_usd,any,BHBC6061,all,,,LOANS CHARGED OFF AND RECOVERIES: TOTAL LOANS CHARGED OFF & RECOVERIES NET CHARGE-OFFS,,,hi_predecessor.csv,9262.0,0.049,2003Q1,2026Q2,0.9403,21487516.0
pred_ytd_tradrev_inc,base,True,HI,ytd_event,thousands_usd,any,BHBCA220,all,,,TRADING REVENUE,,,hi_predecessor.csv,9242.0,0.0489,2003Q1,2026Q2,0.9916,-9816094.0
pred_ytd_nonint_inc_ib_adv_fee,base,True,HI,ytd_event,thousands_usd,any,BHBCB490,all,,,INVESTMENT BANKING; ADVISORY; BROKERAGE; AND UNDERWRITING FEES AND COMMISSIONS,,,hi_predecessor.csv,9255.0,0.049,2003Q1,2026Q2,0.9776,12690606.0
pred_venture_capital_revenue,base,True,HI,ytd_event,thousands_usd,any,BHBCB491,all,,,VENTURE CAPITAL REVENUE,,,hi_predecessor.csv,9238.0,0.0489,2003Q1,2026Q2,0.9978,135971.0
pred_ytd_sectn_inc,base,True,HI,ytd_event,thousands_usd,any,BHBCB493,all,,,NET SECURITIZATION INCOME,,,hi_predecessor.csv,9321.0,0.0493,2003Q1,2026Q2,0.9984,3815272.0
pred_ytd_nonint_inc_ins_fee,base,True,HI,ytd_event,thousands_usd,any,BHBCB494,all,,,INSURANCE COMMISSIONS AND FEES,,,hi_predecessor.csv,9257.0,0.049,2003Q1,2026Q2,0.9774,11790236.0
pred_goodwill_impairment_losses,base,True,HI,ytd_event,thousands_usd,any,BHBCC216,all,,,GOODWILL IMPAIRMENT LOSSES,,,hi_predecessor.csv,9242.0,0.0489,2003Q1,2026Q2,0.9976,27800897.0
pred_ytd_provision_credit_tot,base,True,HI,ytd_event,thousands_usd,any,BHBCJJ33,all,,,PROVISIONS FOR CREDIT LOSSES ON FINANCIAL ASSETS,,,hi_predecessor.csv,795.0,0.0042,2019Q1,2026Q2,0.8604,3121235.0
ytd_cecl_htm_dsec_cp_bal,base,True,HI-B,ytd,thousands_usd,any,BHCKJH93,all,,,Balance end of current period; Held-to-maturity debt securities,,,income_statement.csv,7591.0,0.0402,2019Q1,2026Q2,0.7772,10495399.0
ytd_net_gain_ass_fv,base,True,HI,ytd,thousands_usd,any,BHCKF551,all,,,NET GAINS (LOSSES) RECOGNIZED IN EARNINGS ON ASSETS THAT ARE REPORTED AT FAIR VALUE OPTION,,,income_statement.csv,30613.0,0.162,2008Q1,2026Q2,0.7124,915535357.0
cecl_ln_const_am_cost,base,True,HI-C,stock,thousands_usd,any,BHCKJJ04,all,,,Loans and Leases; Held for Investment; Real estate loans; Construction loans; Amortized Cost,,,income_statement.csv,7634.0,0.0404,2019Q1,2026Q2,0.0939,7079292678.0
cecl_ln_cre_am_cost,base,True,HI-C,stock,thousands_usd,any,BHCKJJ05,all,,,Loans and Leases; Held for Investment; Real estate loans; Commercial real estate loans; Amortized Cost,,,income_statement.csv,7636.0,0.0404,2019Q1,2026Q2,0.0619,38272149012.0
cecl_ln_rre_am_cost,base,True,HI-C,stock,thousands_usd,any,BHCKJJ06,all,,,Loans and Leases; Held for Investment; Real estate loans; Residential real estate loans; Amortized Cost,,,income_statement.csv,7633.0,0.0404,2019Q1,2026Q2,0.0621,55341912050.0
cecl_ln_com_am_cost,base,True,HI-C,stock,thousands_usd,any,BHCKJJ07,all,,,Loans and Leases; Held for Investment; Commerical loans; Amortized Cost,,,income_statement.csv,7644.0,0.0405,2019Q1,2026Q2,0.0322,114331038557.0
cecl_ln_cc_am_cost,base,True,HI-C,stock,thousands_usd,any,BHCKJJ08,all,,,Loans and Leases; Held for Investment; Credit cards; Amortized Cost,,,income_statement.csv,7618.0,0.0403,2019Q1,2026Q2,0.6137,25347311287.0
cecl_ln_oth_cons_am_cost,base,True,HI-C,stock,thousands_usd,any,BHCKJJ09,all,,,Loans and Leases; Held for Investment; Other consumer loans; Amortized Cost,,,income_statement.csv,7643.0,0.0405,2019Q1,2026Q2,0.0567,23802873684.0
cecl_ln_tot_inv_am_cost,base,True,HI-C,stock,thousands_usd,any,BHCKJJ11,all,,,Loans and Leases; Held for Investment; Total; Amortized Cost,,,income_statement.csv,7644.0,0.0405,2019Q1,2026Q2,0.0235,264174577268.0
cecl_ln_const_allow_bal,base,True,HI-C,stock,thousands_usd,any,BHCKJJ12,all,,,Loans and Leases; Held for Investment; Real estate loans; Construction loans; Allowance Balance,,,income_statement.csv,7637.0,0.0404,2019Q1,2026Q2,0.0951,125604314.0
cecl_ln_cre_allow_bal,base,True,HI-C,stock,thousands_usd,any,BHCKJJ13,all,,,Loans and Leases; Held for Investment; Real estate loans; Commercial real estate loans; Allowance Balance,,,income_statement.csv,7637.0,0.0404,2019Q1,2026Q2,0.0491,599067316.0
cecl_ln_rre_allow_bal,base,True,HI-C,stock,thousands_usd,any,BHCKJJ14,all,,,Loans and Leases; Held for Investment; Real estate loans; Residential real estate loans; Allowance Balance,,,income_statement.csv,7635.0,0.0404,2019Q1,2026Q2,0.052,306845085.0
cecl_ln_com_allow_bal,base,True,HI-C,stock,thousands_usd,any,BHCKJJ15,all,,,Loans and Leases; Held for Investment; Commerical loans; Allowance Balance,,,income_statement.csv,7637.0,0.0404,2019Q1,2026Q2,0.0225,1204188990.0
cecl_ln_cc_allow_bal,base,True,HI-C,stock,thousands_usd,any,BHCKJJ16,all,,,Loans and Leases; Held for Investment; Credit cards; Allowance Balance,,,income_statement.csv,7621.0,0.0403,2019Q1,2026Q2,0.6531,2023539915.0
cecl_ln_oth_cons_allow_bal,base,True,HI-C,stock,thousands_usd,any,BHCKJJ17,all,,,Loans and Leases; Held for Investment; Other consumer loans; Allowance Balance,,,income_statement.csv,7636.0,0.0404,2019Q1,2026Q2,0.0728,669621721.0
cecl_ln_unalloctd_allow_bal,base,True,HI-C,stock,thousands_usd,any,BHCKJJ18,all,,,Loans and Leases; Held for Investment; Unallocated; Allowance Balance,,,income_statement.csv,7617.0,0.0403,2019Q1,2026Q2,0.8192,2324989.0
cecl_ln_tot_inv_allow_bal,base,True,HI-C,stock,thousands_usd,any,BHCKJJ19,all,,,Loans and Leases; Held for Investment; Total; Allowance Balance,,,income_statement.csv,7633.0,0.0404,2019Q1,2026Q2,0.0152,4931192330.0
ytd_int_inc_ln_4010,base,False,HI,ytd,thousands_usd,nonneg,BHCK4010,all,,,INTEREST AND FEE INCOME ON LOANS; TOTAL,,,income_statement.csv,,,,,,
ytd_int_inc_ln_rre,base,True,HI,ytd,thousands_usd,nonneg,BHCK4435,all,,,INTEREST AND FEE INCOME ON LOANS SECURED BY 1-4 FAMILY RESIDENTIAL PROPERTIES,,,income_statement.csv,51002.0,0.27,2008Q1,2026Q2,0.0144,4247362118.0
ytd_int_inc_ln_oth_re,base,True,HI,ytd,thousands_usd,nonneg,BHCK4436,all,,,INTEREST AND FEE INCOME ON ALL OTHER LOANS SECURED BY REAL ESTATE,,,income_statement.csv,51002.0,0.27,2008Q1,2026Q2,0.0131,3741257144.0
ytd_int_exp_time_lt250k_dom,base,True,HI,ytd,thousands_usd,nonneg,BHCKHK03,all,,,INTEREST EXPENSE; INTEREST ON DEPOSITS; NONTRANSACTION ACCOUNTS; TIME DEPOSITS OF 250000 OR LESS,,,income_statement.csv,15705.0,0.0831,2017Q1,2026Q2,0.0256,635636217.0
ytd_int_exp_time_gt250k_dom,base,True,HI,ytd,thousands_usd,nonneg,BHCKHK04,all,,,INTEREST EXPENSE; INTEREST ON DEPOSITS; NONTRANSACTION ACCOUNTS; TIME DEPOSITS OF MORE THAN 250000,,,income_statement.csv,15705.0,0.0831,2017Q1,2026Q2,0.0325,279802972.0
ytd_int_exp_for,base,True,HI,ytd,thousands_usd,nonneg,BHCK4172,all,,,INTEREST ON DEPOSITS IN FOREIGN OFFICES; EDGE AND AGREEMENT SUBSIDIARIES; AND IBFS,,,income_statement.csv,148436.0,0.7857,1986Q3,2026Q2,0.9193,2405694204.0
ytd_int_exp_time_lt100k_dom,base,True,HI,ytd,thousands_usd,nonneg,BHCKA518,all,,,INTEREST ON TIME DEPOSITS OF LESS THAN $100;000,,,income_statement.csv,111440.0,0.5899,1997Q1,2016Q4,0.0099,1277663173.0
ytd_int_exp_trad_othbor,base,True,HI,ytd,thousands_usd,nonneg,BHCK4185,all,,,INTEREST ON TRADING LIABILITIES AND OTHER BORROWED MONEY,,,income_statement.csv,97679.0,0.5171,2001Q1,2026Q2,0.0848,5118353974.0
ytd_int_exp_subdebt,base,True,HI,ytd,thousands_usd,nonneg,BHCK4397,all,,,INTEREST ON SUBORDINATED NOTES AND DEBENTURES AND ON MANDATORY CONVERTIBLE SECURITIES,,,income_statement.csv,184018.0,0.9741,1986Q3,2026Q2,0.7717,868649857.0
ytd_int_exp_oth_dep,base,True,HI,ytd,thousands_usd,nonneg,BHCK4176,all,,,INTEREST ON OTHER DEPOSITS,,,income_statement.csv,22619.0,0.1197,1986Q3,1990Q2,0.0007,662289907.0
ytd_fiduc_inc,base,True,HC-T,ytd,thousands_usd,nonneg,BHCK4070,all,,,INCOME FROM FIDUCIARY ACTIVITIES,,,income_statement.csv,187002.0,0.9899,1986Q3,2026Q2,0.4652,3246751443.0
ytd_nonint_inc_srv_chrg_dep,base,True,HI,ytd,thousands_usd,any,BHCK4483,all,,,SERVICE CHARGES ON DEPOSIT ACCOUNTS,,,income_statement.csv,188908.0,1.0,1986Q3,2026Q2,0.0087,2817548737.0
ytd_tradrev_inc,base,True,HI,ytd,thousands_usd,any,BHCKA220,all,,,TRADING REVENUE,,,income_statement.csv,128255.0,0.6789,1996Q1,2026Q2,0.8676,3848230389.0
ytd_nonint_inc_sb,base,True,HI,ytd,thousands_usd,any,BHCKC886,all,,,FEES AND COMMISSIONS FROM SECURITIES BROKERAGE,,,income_statement.csv,51150.0,0.2708,2007Q1,2026Q2,0.422,2356274731.0
ytd_nonint_inc_fees_adv,base,True,HI,ytd,thousands_usd,any,BHCKC888,all,,,INVESTMENT BANKING; ADVISORY; AND UNDERWRITING FEES AND COMMISSIONS,,,income_statement.csv,51149.0,0.2708,2007Q1,2026Q2,0.701,3571738691.0
ytd_nonint_inc_fees_annu,base,True,HI,ytd,thousands_usd,any,BHCKC887,all,,,FEES AND COMMISSIONS FROM ANNUITY SALES,,,income_statement.csv,51149.0,0.2708,2007Q1,2026Q2,0.573,199985180.0
ytd_nonint_inc_ins_underw,base,True,HI,ytd,thousands_usd,any,BHCKC386,all,,,INSURANCE AND REINSURANCE UNDERWRITING INCOME,,,income_statement.csv,82047.0,0.4343,2003Q1,2026Q2,0.9318,1874552853.0
ytd_nonint_inc_oth_ins_act,base,True,HI,ytd,thousands_usd,any,BHCKC387,all,,,INCOME FROM OTHER INSURANCE AND REINSURANCE ACTIVITIES,,,income_statement.csv,82065.0,0.4344,2003Q1,2026Q2,0.3827,538527731.0
ytd_sectn_inc,base,True,HI,ytd,thousands_usd,any,BHCKB493,all,,,NET SECURITIZATION INCOME,,,income_statement.csv,96966.0,0.5133,2001Q1,2026Q2,0.9662,471995679.0
ytd_nonint_inc_oth,base,True,HI,ytd,thousands_usd,any,BHCKB497,all,,,OTHER NONINTEREST INCOME,,,income_statement.csv,101195.0,0.5357,2001Q1,2026Q2,0.001,7929597931.0
ytd_nonint_inc,base,True,HI,ytd,thousands_usd,any,BHCK4079,all,,,TOTAL NONINTEREST INCOME,,,income_statement.csv,188884.0,0.9998,1986Q3,2026Q2,0.0001,31864404137.0
ytd_nonint_inc_ins_fee,base,True,HI,ytd,thousands_usd,any,BHCKB494,all,,,INSURANCE COMMISSIONS AND FEES,,,income_statement.csv,15184.0,0.0804,2001Q1,2002Q4,0.3583,198831075.0
ytd_nonint_inc_ib_adv_fee,base,True,HI,ytd,thousands_usd,any,BHCKB490,all,,,INVESTMENT BANKING; ADVISORY; BROKERAGE; AND UNDERWRITING FEES AND COMMISSIONS,,,income_statement.csv,46062.0,0.2438,2001Q1,2006Q4,0.4284,765253714.0
ytd_nonint_inc_oth_pre2001,base,True,HI,ytd,thousands_usd,any,BHCK4078,all,,,OTHER NONINTEREST INCOME,,,income_statement.csv,87575.0,0.4636,1986Q3,2000Q4,0.0604,767079829.0
ytd_nonint_inc_net_gain_ll,base,True,HI,ytd,thousands_usd,any,BHCK8560,all,,,NET GAINS ON SALES OF LOANS,,,income_statement.csv,142926.0,0.7566,1994Q1,2026Q2,0.4231,531122992.0
ytd_nonint_inc_oreo,base,True,HI,ytd,thousands_usd,any,BHCK8561,all,,,NET GAINS ON OTHER REAL ESTATE OWNED,,,income_statement.csv,142762.0,0.7557,1994Q1,2026Q2,0.4766,-24505191.0
ytd_nonint_inc_net_gain_oth_ass,base,True,HI,ytd,thousands_usd,any,BHCKB496,all,,,NET GAINS (LOSSES) ON SALES OF OTHER ASSETS (EXCLUDING SECURITIES),,,income_statement.csv,100906.0,0.5341,2001Q1,2026Q2,0.4241,242147297.0
ytd_nonint_exp_comp,base,True,HI,ytd,thousands_usd,nonneg,BHCK4135,all,,,SALARIES AND EMPLOYEE BENEFITS,,,income_statement.csv,188884.0,0.9998,1986Q3,2026Q2,0.0001,20647661753.0
ytd_nonint_exp_fass,base,True,HI,ytd,thousands_usd,nonneg,BHCK4217,all,,,EXPENSES OF PREMISES AND FIXED ASSETS,,,income_statement.csv,188913.0,1.0,1986Q3,2026Q2,0.0003,4214962111.0
ytd_nonint_exp_oth,base,True,HI,ytd,thousands_usd,nonneg,BHCK4092,all,,,OTHER NONINTEREST EXPENSE,,,income_statement.csv,188913.0,1.0,1986Q3,2026Q2,0.0001,17356152866.0
ytd_nonint_exp,base,True,HI,ytd,thousands_usd,nonneg,BHCK4093,all,,,TOTAL NONINTEREST EXPENSE,,,income_statement.csv,188884.0,0.9998,1986Q3,2026Q2,0.0001,43015114342.0
ytd_taxes_inc,base,True,HI,ytd,thousands_usd,any,BHCK4302,all,,,APPLICABLE INCOME TAXES,,,income_statement.csv,188791.0,0.9994,1986Q3,2026Q2,0.0572,4652046260.0
ytd_int_inc,base,True,HI,ytd,thousands_usd,nonneg,BHCK4107,all,,,TOTAL INTEREST INCOME,,,income_statement.csv,188913.0,1.0,1986Q3,2026Q2,0.0001,56921982253.0
ytd_int_exp,base,True,HI,ytd,thousands_usd,nonneg,BHCK4073,all,,,TOTAL INTEREST EXPENSE,,,income_statement.csv,188908.0,1.0,1986Q3,2026Q2,0.0001,23215377163.0
ytd_tradrev_inc_1_pre01,base,True,HI,ytd,thousands_usd,any,BHCK4077,all,,,NONINTEREST INCOME ON OTHER GAINS (LOSSES) AND FEES FROM TRADING ASSETS AND LIABILITIES,,,income_statement.csv,55419.0,0.2934,1986Q3,1995Q4,0.8262,78875342.0
ytd_int_exp_time_gt100k_dom_pre97,base,True,HI,ytd,thousands_usd,nonneg,BHCK4174,all,,,INTEREST ON TIME CD'S OF $100;000 OR MORE ISSUED BY DOMESTIC OFFICES,,,income_statement.csv,61753.0,0.3269,1986Q3,1996Q4,0.0053,432566400.0
ytd_int_exp_time_gt100k_dom_97,base,True,HI,ytd,thousands_usd,nonneg,BHCKA517,all,,,INTEREST ON TIME DEPOSITS OF $100;000 OR MORE,,,income_statement.csv,111448.0,0.5899,1997Q1,2016Q4,0.0052,948001066.0
ytd_structflag_business_combo,base,True,HI-A,ytd,thousands_usd,any,BHCK4356,all,,,CHANGES INCIDENT TO BUSINESS COMBINATIONS; NET,,,income_statement.csv,187143.0,0.9906,1986Q3,2026Q2,0.9336,3494938040.0
ytd_structflag_restatement,base,True,HI-A,ytd,thousands_usd,any,BHCKB507,all,,,RESTATEMENTS DUE TO CORRECTIONS OF MATERIAL ACCOUNTING ERRORS AND CHANGES IN ACCOUNTING PRINCIPLES,,,income_statement.csv,100780.0,0.5335,2001Q1,2026Q2,0.9233,-215088412.0
ytd_structflag_discontinued_ops,base,True,HI,ytd,thousands_usd,any,BHCKFT28,all,,,DISCONTINUED OPERATIONS; NET OF APPLICABLE INCOME TAXES,,,income_statement.csv,17000.0,0.09,2016Q3,2026Q2,0.9801,18002525.0
ytd_int_inc_ln_rre_08,base,True,HI,ytd,thousands_usd,nonneg,BHCK4435,all,,,INTEREST AND FEE INCOME ON LOANS SECURED BY 1-4 FAMILY RESIDENTIAL PROPERTIES,,,income_statement.csv,51002.0,0.27,2008Q1,2026Q2,0.0144,4247362118.0
ytd_int_inc_ln_oth_re_08,base,True,HI,ytd,thousands_usd,nonneg,BHCK4436,all,,,INTEREST AND FEE INCOME ON ALL OTHER LOANS SECURED BY REAL ESTATE,,,income_statement.csv,51002.0,0.27,2008Q1,2026Q2,0.0131,3741257144.0
ytd_int_inc_ln_alloth_dom_08,base,True,HI,ytd,thousands_usd,nonneg,BHCKF821,all,,,INTEREST AND FEE INCOME ON ALL OTHER LOANS IN DOMESTIC OFFICES,,,income_statement.csv,51002.0,0.27,2008Q1,2026Q2,0.0022,12237541628.0
ytd_int_inc_ln_foreign,base,True,HI,ytd,thousands_usd,nonneg,BHCK4059,all,,,INTEREST AND FEE INCOME ON LOANS IN FOREIGN OFFICES; EDGE AND AGREEMENT SUBSIDIARIES; AND IBFS,,,income_statement.csv,147757.0,0.7821,1986Q3,2026Q2,0.9356,3747502151.0
ytd_int_inc_ln_pre01,base,True,HI,ytd,thousands_usd,nonneg,BHCK4393,all,,,INTEREST AND FEE INCOME ON LOANS EXCLUDING OBLIGATIONS (OTHER THAN SECURITIES) OF STATES AND POLITICAL SUBDIVISIONS IN THE U.S.,,,income_statement.csv,87684.0,0.4642,1986Q3,2000Q4,0.0007,8030289843.0
ytd_int_inc_ln_taxexempt_pre01,base,True,HI,ytd,thousands_usd,nonneg,BHCK4504,all,,,INTEREST AND FEE INCOME ON TAX-EXEMPT OBLIGATIONS (OTHER THAN SECURITIES AND LEASES) OF STATES AND POLITICAL SUBDIVISIONS IN THE U.S.,,,income_statement.csv,81968.0,0.4339,1987Q3,2000Q4,0.3204,73047828.0
ytd_nonint_inc_sales,derived,True,CROSS,ytd,thousands_usd,any,,,,,Noninterest Income on Sales [RIAD5416+RIAD5415+RIADB496],ytd_nonint_inc_net_gain_ll+ytd_nonint_inc_oreo+ytd_nonint_inc_net_gain_oth_ass,ytd_nonint_inc_net_gain_ll ytd_nonint_inc_net_gain_oth_ass ytd_nonint_inc_oreo,income_statement.csv,100783.0,0.5335,2001Q1,2026Q2,0.132,688079083.0
ytd_int_exp_time_gt100k_dom,derived,True,CROSS,ytd,thousands_usd,any,,,,,"Interest on Time Deposits of $100,000 or more [RIADA517 / RIAD4174]",ytd_int_exp_time_gt100k_dom_97.fillna(ytd_int_exp_time_gt100k_dom_pre97),ytd_int_exp_time_gt100k_dom_97 ytd_int_exp_time_gt100k_dom_pre97,income_statement.csv,173201.0,0.9168,1986Q3,2016Q4,0.0052,1380567466.0
ytd_int_inc_ln,derived,True,HI,ytd,thousands_usd,nonneg,,,,,"ytd_int_inc_ln on the FR Y-9C, same definition as the Call Report column. Y-9C: BHCK4393 through 2000Q4 (excludes tax-exempt obligations of states, BHCK4504, kept separately); the total BHCK4010 2001-2007; from 2008 the sum of 1-4 family (4435) + other real estate (4436) + all other domestic (F821) + foreign offices (4059).",ytd_int_inc_ln_4010.fillna(ytd_int_inc_ln_pre01).fillna(ytd_int_inc_ln_rre_08 + ytd_int_inc_ln_oth_re_08 + ytd_int_inc_ln_alloth_dom_08 + ytd_int_inc_ln_foreign.fillna(0)),ytd_int_inc_ln_4010 ytd_int_inc_ln_alloth_dom_08 ytd_int_inc_ln_foreign ytd_int_inc_ln_oth_re_08 ytd_int_inc_ln_pre01 ytd_int_inc_ln_rre_08,income_statement.csv,188913.0,1.0,1986Q3,2026Q2,0.0012,36759777275.0
dom_deposit_nib,base,True,HC,stock,thousands_usd,any,BHDM6631,all,,,,,,liabilities.csv,188907.0,1.0,1986Q3,2026Q2,0.0021,269035237562.0
dom_deposit_ib,base,True,HC,stock,thousands_usd,any,BHDM6636,all,,,,,,liabilities.csv,188907.0,1.0,1986Q3,2026Q2,0.0024,811106729460.0
for_deposit_nib,base,True,HC,stock,thousands_usd,any,BHFN6631,all,,,,,,liabilities.csv,146473.0,0.7753,1986Q3,2026Q2,0.9609,13251042430.0
for_deposit_ib,base,True,HC,stock,thousands_usd,any,BHFN6636,all,,,,,,liabilities.csv,146628.0,0.7762,1986Q3,2026Q2,0.9192,155381410627.0
ffpurch,base,True,HC,stock,thousands_usd,any,BHDMB993,all,,,,,,liabilities.csv,93560.0,0.4953,2002Q1,2026Q2,0.7574,6978122311.0
repo_sold,base,True,HC,stock,thousands_usd,any,BHCKB995,all,,,SECURITIES SOLD UNDER AGREEMENTS TO REPURCHASE,,,liabilities.csv,93647.0,0.4957,2002Q1,2026Q2,0.3985,138527141626.0
trad_liab,base,True,HC,stock,thousands_usd,any,BHCK3548,all,,,TRADING LIABILITIES; TOTAL,,,liabilities.csv,142798.0,0.7559,1994Q1,2026Q2,0.9178,84944750387.0
othbor_liab_01,base,True,HC,stock,thousands_usd,any,BHCK3190,all,,,OTHER BORROWED MONEY,,,liabilities.csv,101161.0,0.5355,2001Q1,2026Q2,0.0987,243966358467.0
subdebt,base,True,HC,stock,thousands_usd,any,BHCK4062,all,,,SUBORDINATED NOTES AND DEBENTURES (INCLUDES LIMITED-LIFE PREFERRED STOCK),,,liabilities.csv,187508.0,0.9926,1986Q3,2026Q2,0.7861,26177305616.0
liab_oth_2930,base,True,HC,stock,thousands_usd,any,BHCK2750,all,,,OTHER LIABILITIES,,,liabilities.csv,188884.0,0.9998,1986Q3,2026Q2,0.0001,160740313001.0
accept_liab,base,True,HC,stock,thousands_usd,any,BHCK2920,all,,,BANK'S LIABILITY ON ACCEPTANCES EXECUTED AND OUTSTANDING,,,liabilities.csv,128434.0,0.6799,1986Q3,2005Q4,0.8879,1505696557.0
liab_limlife_pref,base,True,HC,stock,thousands_usd,any,BHCK3282,all,,,LIMITED-LIFE PREFERRED STOCK AND RELATED SURPLUS,,,liabilities.csv,60781.0,0.3217,1986Q3,1996Q4,0.9846,10110687.0
equity_incl_minorint_09,base,True,HC,stock,thousands_usd,any,BHCKG105,all,,,TOTAL EQUITY CAPITAL INCLUDING NONCONTROLLING MINORITY INTERESTS IN CONSOLIDATED SUBSIDIARIES,,,liabilities.csv,47099.0,0.2493,2009Q1,2026Q2,0.0,151434947114.0
t1_netdef_taxliab,base,True,HC-G,stock,thousands_usd,any,BHCK3049,all,,,NET DEFERRED TAX LIABILITIES,,,liabilities.csv,100945.0,0.5343,2001Q1,2026Q2,0.771,3038980531.0
t1_cet1_before_adj,base,True,HC-R,stock,thousands_usd,any,BHCAP840,all,,,,,,liabilities.csv,20791.0,0.1101,2014Q1,2026Q2,0.0001,103786245898.0
cet1_1,base,False,HC-R,stock,thousands_usd,any,BHCAP859,all,,,,,,liabilities.csv,,,,,,
cet1_2,base,False,HC-R,stock,thousands_usd,any,BHCWP859,all,,,,,,liabilities.csv,,,,,,
ffrepo_liab_2800,base,True,HC,stock,thousands_usd,any,BHCK2800,all,,,FEDERAL FUNDS PURCHASED AND SECURITIES SOLD UNDER AGREEMENTS TO REPURCHASE,,,liabilities.csv,42622.0,0.2256,1986Q3,2001Q4,0.3144,16237043049.0
obm_less1yr,base,True,HC,stock,thousands_usd,any,BHCK2332,all,,,OTHER BORROWED MONEY WITH A REMAINING MATURITY OF ONE YEAR OR LESS,,,liabilities.csv,188423.0,0.9974,1986Q3,2026Q2,0.275,85695637244.0
obm_gt1yr_pre97,base,True,HC,stock,thousands_usd,any,BHCK2333,all,,,OTHER BORROWED MONEY WITH A REMAINING MATURITY OF MORE THAN ONE YEAR,,,liabilities.csv,188332.0,0.9969,1986Q3,2026Q2,0.2703,166243555390.0
ffpurch_pre97,base,True,HC,stock,thousands_usd,any,BHCK0278,all,,,FEDERAL FUNDS PURCHASED,,,liabilities.csv,51945.0,0.275,1988Q2,1996Q4,0.5763,6284639783.0
repo_sold_pre97,base,True,HC,stock,thousands_usd,any,BHCK0279,all,,,SECURITIES SOLD UNDER AGREEMENTS TO REPURCHASE,,,liabilities.csv,52012.0,0.2753,1988Q2,1996Q4,0.4388,5335184885.0
othbor_1_pre94,base,True,HC,stock,thousands_usd,any,BHCK3190,all,,,OTHER BORROWED MONEY,,,liabilities.csv,101161.0,0.5355,2001Q1,2026Q2,0.0987,243966358467.0
othbor_2,base,True,HC,stock,thousands_usd,any,BHCK2910,all,,,MORTGAGE INDEBTEDNESS AND OBLIGATIONS UNDER CAPITALIZED LEASES,,,liabilities.csv,61168.0,0.3238,1986Q3,1996Q4,0.6797,119848682.0
equity,base,True,HC,stock,thousands_usd,any,BHCK3210,all,,,TOTAL EQUITY CAPITAL,,,liabilities.csv,188913.0,1.0,1986Q3,2026Q2,0.0,204418449423.0
minorint,base,True,HC,stock,thousands_usd,any,BHCK3000,all,,,MINORITY INTEREST IN CONSOLIDATED SUBSIDIARIES AND SIMILAR ITEMS,,,liabilities.csv,187607.0,0.9931,1986Q3,2026Q2,0.7551,3798577271.0
ffpurch_8801,base,True,HC,stock,thousands_usd,any,BHCK0278,all,,,FEDERAL FUNDS PURCHASED,,,liabilities.csv,51945.0,0.275,1988Q2,1996Q4,0.5763,6284639783.0
repo_sold_8801,base,True,HC,stock,thousands_usd,any,BHCK0279,all,,,SECURITIES SOLD UNDER AGREEMENTS TO REPURCHASE,,,liabilities.csv,52012.0,0.2753,1988Q2,1996Q4,0.4388,5335184885.0
common_stock,base,True,HC,stock,thousands_usd,any,BHCK3230,all,,,COMMON STOCK,,,liabilities.csv,188836.0,0.9996,1986Q3,2026Q2,0.0591,9071063901.0
pref_stock_perpetual,base,True,HC,stock,thousands_usd,any,BHCK3283,all,,,PERPETUAL PREFERRED STOCK (INCLUDING RELATED SURPLUS),,,liabilities.csv,187386.0,0.9919,1986Q3,2026Q2,0.8476,12832132376.0
othbor_pre94,derived,True,CROSS,stock,thousands_usd,any,,,,,Other Borrowed Money (pre-1994) [RCFD2850+RCFD2910],othbor_1_pre94 + othbor_2,othbor_1_pre94 othbor_2,liabilities.csv,0.0,0.0,,,,0.0
ffrepo_liab,derived,True,CROSS,stock,thousands_usd,any,,,,,"Fed funds purchased + securities sold under repurchase [2002+: RCONB993 ffpurch + RCONB995 repo_sold; pre-2002: RCFD2800 combined (the split codes start 2002). Clean switch at 2002, no overlap] A filing that reports none of the inputs stays blank: the per-input zero is right inside an era, where one of the lines is simply not on the form, but an empty filing has no fed funds position to report. Y-9C: BHCK0278+0279 carry 1988Q2-2001Q4, the combined BHCK2800 before that, B993+B995 from 2002.",(ffpurch.fillna(0) + repo_sold.fillna(0) + ffrepo_liab_2800.fillna(0) + ffpurch_8801.fillna(0) + repo_sold_8801.fillna(0)).where(ffpurch.notna() | repo_sold.notna() | ffrepo_liab_2800.notna() | ffpurch_8801.notna() | repo_sold_8801.notna()),ffpurch ffpurch_8801 ffrepo_liab_2800 repo_sold repo_sold_8801,liabilities.csv,188376.0,0.9972,1986Q3,2026Q2,0.3279,173362131654.0
othbor_9497,derived,True,CROSS,stock,thousands_usd,any,,,,,Other Borrowed Money (1994-1996) [RCFD2332+RCFD2333+RCFD2910],obm_less1yr+obm_gt1yr_pre97+othbor_2,obm_gt1yr_pre97 obm_less1yr othbor_2,liabilities.csv,61040.0,0.3231,1986Q3,1996Q4,0.1247,10242995116.0
othbor_97,derived,True,CROSS,stock,thousands_usd,any,,,,,Other Borrowed Money (1997) [RCFD2332+RCFD2333],obm_less1yr+obm_gt1yr_pre97,obm_gt1yr_pre97 obm_less1yr,liabilities.csv,188077.0,0.9956,1986Q3,2026Q2,0.1225,251933691556.0
equity_incl_minorint_pre09,derived,True,CROSS,stock,thousands_usd,any,,,,,Equity Incl. Minority Interest [RCFD3210+RCFD3000],equity+minorint,equity minorint,liabilities.csv,187607.0,0.9931,1986Q3,2026Q2,0.0,208108433691.0
equity_incl_minorint,derived,True,CROSS,stock,thousands_usd,any,,,,,Equity Incl. Minority Interest [RCFDG105 post09],equity_incl_minorint_09.fillna(equity_incl_minorint_pre09),equity_incl_minorint_09 equity_incl_minorint_pre09,liabilities.csv,187607.0,0.9931,1986Q3,2026Q2,0.0,208108433023.0
liab_oth,derived,True,CROSS,stock,thousands_usd,any,,,,,"Other Liabilities [RCFD2930; pre-1997 adds RCFD3282 limited-life preferred (discontinued 1996Q4); pre-2006 adds RCFD2920 bank's acceptance liability (separate line discontinued 2005Q4, folded into 2930 thereafter)]",liab_oth_2930 + liab_limlife_pref.fillna(0) + accept_liab.fillna(0),accept_liab liab_limlife_pref liab_oth_2930,liabilities.csv,188884.0,0.9998,1986Q3,2026Q2,0.0001,162256120245.0
cet1,derived,True,CROSS,stock,thousands_usd,any,,,,,"Common equity tier 1 capital (RC-R Part I, from 2015Q1): RCFAP859 on the 031 / RCOAP859 on the 041 and 051; from 2020Q1 advanced approaches institutions on the 031 file the line in their own column (RCFWP859) instead. The two 031 columns are never filed together and cover every 031 filer in every quarter.",cet1_1.fillna(cet1_2),cet1_1 cet1_2,liabilities.csv,20791.0,0.1101,2014Q1,2026Q2,0.0001,82989265254.0
foreign_dep,derived,True,HC,stock,thousands_usd,any,,,,,"foreign_dep on the FR Y-9C, same definition as the Call Report column. Y-9C: deposits in foreign offices = noninterest-bearing (BHFN6631) + interest-bearing (BHFN6636).",for_deposit_nib + for_deposit_ib,for_deposit_ib for_deposit_nib,liabilities.csv,146433.0,0.7751,1986Q3,2026Q2,0.9188,168529000159.0
ac_afs_ust,base,True,HC-B,stock,thousands_usd,any,BHCK1286,all,,,AMORTIZED COST OF AVAILABLE-FOR-SALE U.S. TREASURY SECURITIES,,,rc_b_securities.csv,143186.0,0.7579,1994Q1,2026Q2,0.4926,44291577551.0
ac_afs_usagency_9418,base,True,HC-B,stock,thousands_usd,any,BHCK1291,all,,,AMORTIZED COST OF AVAILABLE-FOR-SALE U.S. GOVERNMENT AGENCY AND CORPORATION OBLIGATIONS ISSUED BY U.S. GOVERNMENT AGENCIES (EXCLUDING MORTGAGE-BACKED SECURITIES),,,rc_b_securities.csv,98766.0,0.5228,1994Q1,2018Q1,0.7398,922220163.0
ac_afs_usgse_9418,base,True,HC-B,stock,thousands_usd,any,BHCK1297,all,,,AMORTIZED COST OF AVAILABLE-FOR-SALE U.S. GOVERNMENT AGENCY AND CORPORATION OBLIGATIONS ISSUED BY U.S. GOVERNMENT- SPONSORED AGENCIES (EXCLUDING MORTGAGE-BACKED SECURITIES),,,rc_b_securities.csv,99446.0,0.5264,1994Q1,2018Q1,0.1655,13177453688.0
ac_afs_states,base,True,HC-B,stock,thousands_usd,any,BHCK8498,all,,,AMORTIZED COST OF AVAILABLE-FOR-SALE SECURITIES ISSUED BY STATES AND POLITICAL SUBDIVISIONS IN THE U.S.,,,rc_b_securities.csv,101106.0,0.5352,2001Q1,2026Q2,0.2136,15597671240.0
ac_afs_oth_dom,base,True,HC-B,stock,thousands_usd,any,BHCK1739,all,,,AMORTIZED COST OF OTHER AVAILABLE-FOR-SALE DOMESTIC DEBT SECURITIES,,,rc_b_securities.csv,100938.0,0.5343,2001Q1,2026Q2,0.4869,12872743174.0
ac_afs_oth_fgn,base,True,HC-B,stock,thousands_usd,any,BHCK1744,all,,,AMORTIZED COST OF AVAILABLE-FOR-SALE OTHER FOREIGN DEBT SECURITIES,,,rc_b_securities.csv,100629.0,0.5327,2001Q1,2026Q2,0.8968,27463662251.0
ac_afs_mutual_funds_9720,base,True,HC-B,stock,thousands_usd,any,BHCKA510,all,,,AMORTIZED COST OF AVAILABLE-FOR-SALE INVESTMENTS IN MUTUAL FUNDS AND OTHER EQUITY SECURITIES WITH READILY DETERMINABLE FAIR VALUES,,,rc_b_securities.csv,95651.0,0.5063,1997Q1,2020Q3,0.4782,2767154190.0
ac_afs_abs,base,True,HC-B,stock,thousands_usd,any,BHCKC989,all,,,ASSET-BACKED SECURITIES: AVAILABLE-FOR-SALE AMORTIZED COST,,,rc_b_securities.csv,58899.0,0.3118,2006Q1,2026Q2,0.8293,9340914055.0
ac_structured_notes,base,True,HC-B,stock,thousands_usd,any,BHCK8782,all,,,AMORTIZED COST OF STRUCTURED NOTES,,,rc_b_securities.csv,137510.0,0.7279,1995Q1,2026Q2,0.6367,1732501859.0
ac_htm_sold_or_transferred_ytd,base,True,HC-B,stock,thousands_usd,any,BHCK1778,all,,,AMORTIZED COST OF HELD-TO-MATURITY SECURITIES SOLD OR TRANSFERRED TO AVAILABLE-FOR-SALE OR TRADING SECURITIES DURING THE CALENDAR YEAR-TO-DATE,,,rc_b_securities.csv,136923.0,0.7248,1994Q1,2026Q2,0.9541,1431964892.0
pledged_sec,base,True,HC-B,stock,thousands_usd,any,BHCK0416,all,,,PLEDGED SECURITIES,,,rc_b_securities.csv,188867.0,0.9998,1986Q3,2026Q2,0.0213,142225934178.0
ac_afs_tot_toplevel,derived,True,HC-B,stock,thousands_usd,any,,,,,Amortized cost of AFS securities across the top-level categories carried here; see docs/schedules/RC-B.md on what is and is not included,(ac_afs_ust.fillna(0) + ac_afs_states.fillna(0) + ac_afs_oth_dom.fillna(0) + ac_afs_oth_fgn.fillna(0) + ac_afs_abs.fillna(0)).where(ac_afs_ust.notna() | ac_afs_states.notna() | ac_afs_oth_dom.notna() | ac_afs_oth_fgn.notna() | ac_afs_abs.notna()),ac_afs_abs ac_afs_oth_dom ac_afs_oth_fgn ac_afs_states ac_afs_ust,rc_b_securities.csv,143483.0,0.7595,1994Q1,2026Q2,0.129,109566568271.0
ln_forgovt,base,True,HC-C,stock,thousands_usd,any,BHCK2081,all,,,LOANS TO FOREIGN GOVERNMENTS AND OFFICIAL INSTITUTIONS,,,rc_c_loans.csv,187073.0,0.9903,1986Q3,2026Q2,0.9564,2324728502.0
unearned_income_ln,base,True,HC-C,stock,thousands_usd,any,BHCK2123,all,,,UNEARNED INCOME ON LOANS,,,rc_c_loans.csv,188350.0,0.997,1986Q3,2026Q2,0.4581,1206213372.0
lease_fin_recv_net,base,True,HC-C,stock,thousands_usd,any,BHDM2165,all,,,LEASE FINANCING RECEIVABLES (NET OF UNEARNED INCOME),,,rc_c_loans.csv,187883.0,0.9945,1986Q3,2026Q2,0.6205,18535103544.0
ln_oth_consol,base,True,HC-C,stock,thousands_usd,any,BHCK1563,all,,,OTHER LOANS,,,rc_c_loans.csv,82293.0,0.4356,1987Q3,2000Q4,0.0837,6976046879.0
ln_nondep_fin_inst,base,True,HC-C,stock,thousands_usd,any,BHCKJ454,all,,,LOANS TO NONDEPOSITORY FINANCIAL INSTITUTIONS AND OTHER LOANS: LOANS TO NONDEPOSITORY FINANCIAL INSTITUTIONS,,,rc_c_loans.csv,43004.0,0.2276,2010Q1,2026Q2,0.6789,35964223009.0
ln_finance_cre_constr,base,True,HC-C,stock,thousands_usd,any,BHCK2746,all,,,LOANS TO FINANCE COMMERCIAL REAL ESTATE; CONSTRUCTION; AND LAND DEVELOPMENT ACTIVITIES INCLUDED IN ITEMS 1766; 1563 FOR (FR Y-9C); IN ITEMS 1766; 1563 FOR (FFIEC 031); IN ITEMS 1766; 1564 FOR (FFIEC 032 AND 033); AND IN ITEMS 1766; 2080 FOR (FFIEC 034),,,rc_c_loans.csv,164505.0,0.8708,1990Q3,2026Q2,0.6378,12535125059.0
ln_famres_in_foreclosure,base,True,HC-C,stock,thousands_usd,any,BHDMF577,all,,,LOANS SECURED BY 1-4 FAMILY RESIDENTIAL PROPERTIES IN DOMESTIC OFFICES IN PROCESS OF FORECLOSURE (INCLUDED IN,,,rc_c_loans.csv,50950.0,0.2697,2008Q1,2026Q2,0.3033,3034333043.0
credit_card_fees_finance_charges_outstanding,base,True,HC-C,stock,thousands_usd,any,BHCKC391,all,,,OUTSTANDING CREDIT CARD FEES & FINANCE CHARGES,,,rc_c_loans.csv,71927.0,0.3807,2003Q1,2026Q2,0.9657,1828099732.0
upb_ln_ci_fv,base,True,HC-C,stock,thousands_usd,any,BHCKF597,all,,,UNPAID PRINCIPAL BALANCE OF COMMERICIAL AND INDUSTRIAL LOANS MEASURED AT FAIR VALUE:,,,rc_c_loans.csv,28329.0,0.15,2008Q1,2026Q2,0.9453,1619220841.0
upb_ln_oth_fv,base,True,HC-C,stock,thousands_usd,any,BHCKF601,all,,,UNPAID PRINCIPAL BALANCE OF OTHER LOANS,,,rc_c_loans.csv,28331.0,0.15,2008Q1,2026Q2,0.9691,2030893196.0
ln_pledged,base,True,HC-C,stock,thousands_usd,any,BHCKG378,all,,,PLEDGED LOANS AND LEASES,,,rc_c_loans.csv,46009.0,0.2435,2009Q2,2026Q2,0.1127,258695625290.0
trad_ust,base,True,HC-D,stock,thousands_usd,any,BHCK3531,all,,,TRADING ASSETS - U.S. TREASURY SECURITIES,,,rc_d_trading.csv,26143.0,0.1384,1995Q1,2018Q1,0.8345,10646442720.0
trad_usagency,base,True,HC-D,stock,thousands_usd,any,BHCK3532,all,,,TRADING ASSETS - U.S. GOVERNMENT AGENCY AND CORPORATION OBLIGATIONS,,,rc_d_trading.csv,26156.0,0.1385,1995Q1,2018Q1,0.8318,4057420302.0
trad_states,base,True,HC-D,stock,thousands_usd,any,BHCK3533,all,,,TRADING ASSETS - SECURITIES ISSUED BY STATES AND POLITICAL SUBDIVISIONS IN THE U.S.,,,rc_d_trading.csv,26164.0,0.1385,1995Q1,2018Q1,0.7873,2348397622.0
trad_oth_dom_off,base,True,HC-D,stock,thousands_usd,any,BHCK3541,all,,,OTHER TRADING ASSETS (IN DOMESTIC OFFICES),,,rc_d_trading.csv,26235.0,0.1389,1995Q1,2018Q1,0.7727,13482292164.0
trad_revaluation_gains,base,True,HC-D,stock,thousands_usd,any,BHCK3543,all,,,REVALUATION GAINS ON INTEREST RATE; FOREIGN EXCHANGE RATE; AND OTHER COMMODITY AND EQUITY CONTRACTS,,,rc_d_trading.csv,26357.0,0.1395,1995Q1,2018Q1,0.7664,12769988430.0
trad_revaluation_losses,base,True,HC-D,stock,thousands_usd,any,BHCK3547,all,,,REVALUATION LOSSES ON INTEREST RATE; FOREIGN EXCHANGE RATE; AND OTHER COMMODITY AND EQUITY CONTRACTS,,,rc_d_trading.csv,37489.0,0.1984,1994Q1,2026Q2,0.7549,32815547018.0
trad_liab_short_positions,base,True,HC-D,stock,thousands_usd,any,BHCK3546,all,,,LIABILITY FOR SHORT POSITIONS,,,rc_d_trading.csv,21798.0,0.1154,1994Q1,2008Q4,0.8676,12622909620.0
trad_ln_ci,base,True,HC-D,stock,thousands_usd,any,BHCKF614,all,,,TRADING ASSETS - COMMERCIAL AND INDUSTRIAL LOANS,,,rc_d_trading.csv,12024.0,0.0636,2008Q1,2026Q2,0.9169,2671930861.0
trad_ln_oth,base,True,HC-D,stock,thousands_usd,any,BHCKF618,all,,,TRADING ASSETS - OTHER LOANS,,,rc_d_trading.csv,12016.0,0.0636,2008Q1,2026Q2,0.9523,1374092512.0
trad_liab_oth,base,True,HC-D,stock,thousands_usd,any,BHCKF624,all,,,OTHER TRADING LIABILITIES,,,rc_d_trading.csv,12034.0,0.0637,2008Q1,2026Q2,0.9211,498367240.0
trad_ln_re_0818,base,True,HC-D,stock,thousands_usd,any,BHCKF610,all,,,TRADING ASSETS - LOANS SECURED BY REAL ESTATE,,,rc_d_trading.csv,8513.0,0.0451,2008Q1,2018Q1,0.9677,1459807433.0
trad_ln_indiv_a_0818,base,True,HC-D,stock,thousands_usd,any,BHCKF615,all,,,TRADING ASSETS - LOANS TO INDIVIDUALS FOR HOUSEHOLD; FAMILY; AND OTHER PERSONAL EXPENDITURES - CREDIT CARD,,,rc_d_trading.csv,8536.0,0.0452,2008Q1,2018Q1,0.9946,10575000.0
trad_ln_indiv_b_0818,base,True,HC-D,stock,thousands_usd,any,BHCKF616,all,,,TRADING ASSETS - LOANS TO INDIVIDUALS FOR HOUSEHOLD; FAMILY; AND OTHER PERSONAL EXPENDITURES - OTHER REVOLVING CREDIT PLANS,,,rc_d_trading.csv,8536.0,0.0452,2008Q1,2018Q1,1.0,0.0
trad_upb_ln_0818,base,True,HC-D,stock,thousands_usd,any,BHCKF632,all,,,UNPAID PRINCIPAL BALANCES OF LOANS MEASURED AT FAIR VALUE - COMMERCIAL AND INDUSTRIAL LOANS,,,rc_d_trading.csv,12017.0,0.0636,2008Q1,2026Q2,0.916,4476938037.0
trad_upb_ln_oth,base,True,HC-D,stock,thousands_usd,any,BHCKF636,all,,,UNPAID PRINCIPAL BALANCES OF LOANS MEASURED AT FAIR VALUE - OTHER LOANS,,,rc_d_trading.csv,12017.0,0.0636,2008Q1,2026Q2,0.9513,1560158036.0
trad_abs_0810,base,True,HC-D,stock,thousands_usd,any,BHCKF643,all,,,TRADING ASSETS: ASSET-BACKED SECURITIES: CREDIT CARD RECEIVABLES,,,rc_d_trading.csv,9754.0,0.0516,2008Q1,2026Q2,0.9317,175393200.0
trad_revaluation_net,derived,True,HC-D,stock,thousands_usd,any,,,,,Net revaluation gains less losses on trading positions,trad_revaluation_gains - trad_revaluation_losses,trad_revaluation_gains trad_revaluation_losses,rc_d_trading.csv,26315.0,0.1393,1995Q1,2018Q1,0.7748,-10139670572.0
brokered_dep_lt100k_mat_lte1yr_9716,base,True,HC-E,stock,thousands_usd,any,BHDMA243,all,,,BROKERED DEPOSITS ISSUED IN DENOMINATIONS OF LESS THAN $100;000 WITH A REMAINING MATURITY OF ONE YEAR OR LESS,,,rc_e_deposits.csv,116362.0,0.616,1996Q1,2016Q4,0.6632,11474637631.0
brokered_dep_lte250k_mat_lte1yr,base,True,HC-E,stock,thousands_usd,any,BHDMHK06,all,,,SELECTED COMPONENTS OF TOTAL DEPOSITS; BROKERED DEPOSITS OF 250000 OR LESS WITH A REMAINING MATURITY OF ONE YE,,,rc_e_deposits.csv,15705.0,0.0831,2017Q1,2026Q2,0.2699,24773771817.0
qavg_ffsold_resell,base,True,HC-K,stock,thousands_usd,any,BHCK3365,all,,,QUARTERLY AVERAGE OF FEDERAL FUNDS SOLD AND SECURITIES PURCHASED UNDER AGREEMENTS TO RESELL,,,rc_k_quarterly_avg.csv,161745.0,0.8562,1990Q3,2026Q2,0.1961,191333617432.0
qavg_ffpurch_repo,base,True,HC-K,stock,thousands_usd,any,BHCK3353,all,,,QUARTERLY AVERAGE OF FEDERAL FUNDS PURCHASED AND SECURITIES SOLD UNDER AGREEMENTS TO REPURCHASE,,,rc_k_quarterly_avg.csv,161629.0,0.8556,1990Q3,2026Q2,0.2281,183197216076.0
qavg_othbor,base,True,HC-K,stock,thousands_usd,any,BHCK2635,all,,,QUARTERLY AVERAGE OF OTHER BORROWED MONEY,,,rc_k_quarterly_avg.csv,179309.0,0.9492,1986Q3,2026Q2,0.1234,271296964758.0
qavg_trading_assets,base,True,HC-K,stock,thousands_usd,any,BHCK3401,all,,,QUARTERLY AVERAGE OF ASSETS HELD IN TRADING ACCOUNTS,,,rc_k_quarterly_avg.csv,91964.0,0.4868,2001Q1,2026Q2,0.8489,193897921170.0
qavg_sec_ust_agency,base,True,HC-K,stock,thousands_usd,any,BHCKB558,all,,,U.S. TREASURY SECURITIES AND U.S. GOVERNMENT AGENCY OBLIGATIONS (EXCLUDING MORTGAGE-BACKED SECURITIES),,,rc_k_quarterly_avg.csv,38886.0,0.2058,2011Q1,2026Q2,0.0927,57017260222.0
qavg_sec_mbs,base,True,HC-K,stock,thousands_usd,any,BHCKB559,all,,,MORTGAGE-BACKED SECURITIES,,,rc_k_quarterly_avg.csv,38886.0,0.2058,2011Q1,2026Q2,0.0338,139904513119.0
qavg_sec_oth,base,True,HC-K,stock,thousands_usd,any,BHCKB560,all,,,ALL OTHER SECURITIES,,,rc_k_quarterly_avg.csv,38886.0,0.2058,2011Q1,2026Q2,0.0328,58939924483.0
qavg_ln_indiv_cc,base,True,HC-K,stock,thousands_usd,any,BHDMB561,all,,,LOANS TO INDIVIDUALS FOR HOUSEHOLD; FAMILY; AND OTHER PERSONAL EXPENDITURES: CREDIT CARDS,,,rc_k_quarterly_avg.csv,38885.0,0.2058,2011Q1,2026Q2,0.6377,48913355220.0
qavg_ln_indiv_oth,base,True,HC-K,stock,thousands_usd,any,BHDMB562,all,,,LOANS TO INDIVIDUALS FOR HOUSEHOLD; FAMILY; AND OTHER PERSONAL EXPENDITURES: OTHER,,,rc_k_quarterly_avg.csv,38885.0,0.2058,2011Q1,2026Q2,0.0225,50140091193.0
qavg_sec_tot,derived,True,HC-K,stock,thousands_usd,any,,,,,Quarterly average of securities across the three reported categories (2001Q1 onward),qavg_sec_ust_agency + qavg_sec_mbs + qavg_sec_oth,qavg_sec_mbs qavg_sec_oth qavg_sec_ust_agency,rc_k_quarterly_avg.csv,38886.0,0.2058,2011Q1,2026Q2,0.0049,255861697824.0
pd30_tot_1406,base,True,HC-N,stock,thousands_usd,any,BHCK1406,all,,,TOTAL LOANS AND LEASE FINANCING RECEIVABLES: PAST DUE 30-89 DAYS AND STILL ACCRUING,,,rc_n_past_due.csv,13092.0,0.0693,2018Q1,2026Q2,0.0241,2078961979.0
pd90_tot_1407,base,True,HC-N,stock,thousands_usd,any,BHCK1407,all,,,TOTAL LOANS AND LEASE FINANCING RECEIVABLES: PAST DUE 90 DAYS OR MORE AND STILL ACCRUING,,,rc_n_past_due.csv,35679.0,0.1889,1986Q3,2026Q2,0.1351,1341227336.0
pd30_agprod,base,True,HC-N,stock,thousands_usd,any,BHCK1594,all,,,LOANS TO FINANCE AGRICULTURAL PRODUCTION AND OTHER LOANS TO FARMERS - PAST DUE 30-89 DAYS AND STILL ACCRUING,,,rc_n_past_due.csv,100770.0,0.5334,2001Q1,2026Q2,0.7745,35530609.0
pd90_agprod,base,True,HC-N,stock,thousands_usd,any,BHCK1597,all,,,LOANS TO FINANCE AGRICULTURAL PRODUCTION AND OTHER LOANS TO FARMERS - PAST DUE 90 DAYS OR MORE AND STILL ACCRUING,,,rc_n_past_due.csv,187350.0,0.9917,1986Q3,2026Q2,0.8782,10439402.0
pd30_debtsec,base,True,HC-N,stock,thousands_usd,any,BHCK3505,all,,,DEBT SECURITIES AND OTHER ASSETS - PAST DUE 30 THROUGH 89 DAYS AND STILL ACCRUING,,,rc_n_past_due.csv,100625.0,0.5327,2001Q1,2026Q2,0.9814,43042282.0
pd90_debtsec,base,True,HC-N,stock,thousands_usd,any,BHCK3506,all,,,DEBT SECURITIES AND OTHER ASSETS - PAST DUE 90 DAYS OR MORE AND STILL ACCRUING,,,rc_n_past_due.csv,164980.0,0.8733,1990Q3,2026Q2,0.9883,60245280.0
pd30_forgovt,base,True,HC-N,stock,thousands_usd,any,BHCK5389,all,,,LOANS TO FOREIGN GOVERNMENTS AND OFFICIAL INSTITUTIONS - PAST DUE 30 THROUGH 89 DAYS AND STILL ACCRUING,,,rc_n_past_due.csv,100616.0,0.5326,2001Q1,2026Q2,0.9979,1763260.0
pd90_forgovt,base,True,HC-N,stock,thousands_usd,any,BHCK5390,all,,,LOANS TO FOREIGN GOVERNMENTS AND OFFICIAL INSTITUTIONS - PAST DUE 90 DAYS OR MORE AND STILL ACCRUING,,,rc_n_past_due.csv,161661.0,0.8557,1991Q1,2026Q2,0.9988,584205.0
pd30_othln,base,True,HC-N,stock,thousands_usd,any,BHCK5459,all,,,ALL OTHER LOANS - PAST DUE 30 THROUGH 89 DAYS AND STILL ACCRUING,,,rc_n_past_due.csv,100788.0,0.5335,2001Q1,2026Q2,0.6669,204488439.0
pd90_othln,base,True,HC-N,stock,thousands_usd,any,BHCK5460,all,,,ALL OTHER LOANS - PAST DUE 90 DAYS OR MORE AND STILL ACCRUING,,,rc_n_past_due.csv,161945.0,0.8572,1991Q1,2026Q2,0.8697,40614627.0
pd30_finance_cre,base,True,HC-N,stock,thousands_usd,any,BHCK6558,all,,,LOANS TO FINANCE COMMERCIAL REAL ESTATE; CONSTRUCTION; AND LAND DEVELOPMENT ACTIVITIES - PAST DUE 30 THROUGH 89 DAYS AND STILL ACCRUING,,,rc_n_past_due.csv,100581.0,0.5324,2001Q1,2026Q2,0.9529,41703305.0
pd90_finance_cre,base,True,HC-N,stock,thousands_usd,any,BHCK6559,all,,,LOANS TO FINANCE COMMERCIAL REAL ESTATE; CONSTRUCTION; AND LAND DEVELOPMENT ACTIVITIES - PAST DUE 90 DAYS OR MORE AND STILL ACCRUING,,,rc_n_past_due.csv,164761.0,0.8722,1990Q3,2026Q2,0.9733,6428263.0
na_finance_cre,base,True,HC-N,stock,thousands_usd,any,BHCK6560,all,,,LOANS TO FINANCE COMMERCIAL REAL ESTATE; CONSTRUCTION; AND LAND DEVELOPMENT ACTIVITIES - NONACCRUAL,,,rc_n_past_due.csv,164795.0,0.8723,1990Q3,2026Q2,0.9336,83893534.0
pd30_cc,base,True,HC-N,stock,thousands_usd,any,BHCKB575,all,,,LOANS TO INDIVIDUALS FOR HOUSEHOLD; FAMILY; AND OTHER PERSONAL EXPENDITURES: CREDIT CARDS - PAST DUE 30 THROUGH 89 DAYS AND STILL ACCRUING,,,rc_n_past_due.csv,100857.0,0.5339,2001Q1,2026Q2,0.6987,1094038820.0
pd90_cc,base,True,HC-N,stock,thousands_usd,any,BHCKB576,all,,,LOANS TO INDIVIDUALS FOR HOUSEHOLD; FAMILY; AND OTHER PERSONAL EXPENDITURES: CREDIT CARDS - PAST DUE 90 DAYS OR MORE AND STILL ACCRUING,,,rc_n_past_due.csv,100812.0,0.5336,2001Q1,2026Q2,0.7836,992120568.0
pd30_hfs,base,True,HC-N,stock,thousands_usd,any,BHCKC240,all,,,LOANS AND LEASES HELD FOR SALE-PAST DUE 30 THRU 89 DAYS AND STILL ACCRUING,,,rc_n_past_due.csv,93347.0,0.4941,2002Q1,2026Q2,0.9605,173950048.0
pd90_hfs,base,True,HC-N,stock,thousands_usd,any,BHCKC241,all,,,LOANS AND LEASES HELD FOR SALE-PAST DUE 90 DAYS OR MORE AND STILL ACCRUING,,,rc_n_past_due.csv,93338.0,0.4941,2002Q1,2026Q2,0.9749,104834968.0
pd30_hfs_fv,base,True,HC-N,stock,thousands_usd,any,BHCKF664,all,,,FAIR VALUE OF LOANS AND LEASES HELD FOR SALE - PAST DUE 30 THROUGH 89 DAYS AND STILL ACCRUING.,,,rc_n_past_due.csv,37032.0,0.196,2008Q1,2018Q1,0.9847,19619219.0
pd90_hfs_fv,base,True,HC-N,stock,thousands_usd,any,BHCKF665,all,,,FAIR VALUE OF LOANS AND LEASES HELD FOR SALE - PAST DUE 90 DAYS OR MORE AND STILL ACCRUING,,,rc_n_past_due.csv,37019.0,0.196,2008Q1,2018Q1,0.9895,28400369.0
na_hfs_fv,base,True,HC-N,stock,thousands_usd,any,BHCKF666,all,,,FAIR VALUE OF LOANS AND LEASES HELD FOR SALE- NONACCRUAL,,,rc_n_past_due.csv,37029.0,0.196,2008Q1,2018Q1,0.9786,93704542.0
pd30_hfs_upb,base,True,HC-N,stock,thousands_usd,any,BHCKF667,all,,,UNPAID PRINCIPAL BALANCE OF LOANS AND LEASES HELD FOR SALE - PAST DUE 30 THROUGH 89 DAYS AND STILL ACCRUING.,,,rc_n_past_due.csv,37032.0,0.196,2008Q1,2018Q1,0.9844,27877803.0
pd90_hfs_upb,base,True,HC-N,stock,thousands_usd,any,BHCKF668,all,,,UNPAID PRINCIPAL BALANCE OF LOANS AND LEASES HELD FOR SALE - PAST DUE 90 DAYS OR MORE AND STILL ACCRUING,,,rc_n_past_due.csv,37019.0,0.196,2008Q1,2018Q1,0.9894,42331865.0
na_hfs_upb,base,True,HC-N,stock,thousands_usd,any,BHCKF669,all,,,UNPAID PRINCIPAL BALANCE OF LOANS AND LEASES HELD FOR SALE- NONACCRUAL,,,rc_n_past_due.csv,37040.0,0.1961,2008Q1,2018Q1,0.9779,231378493.0
pd30_tot_modified,base,True,HC-N,stock,thousands_usd,any,BHCKHK26,all,,,TOTAL LOAN MODIFICATIONS TO BORROWERS EXPERIENCING FINANCIAL DIFFICULTY INCLUDED IN SCHEDULE RC-N ITEMS 1 THROUGH 7 ABOVE AND NOT REPORTED IN SCHEDULE RC-C; PART I; MEMO ITEM 1; PAST DUE 30 THROUGH 89 DAYS AND STILL ACCRUING,,,rc_n_past_due.csv,13065.0,0.0692,2018Q1,2026Q2,0.5842,136431063.0
pd90_tot_modified,base,True,HC-N,stock,thousands_usd,any,BHCKHK27,all,,,TOTAL LOAN MODIFICATIONS TO BORROWERS EXPERIENCING FINANCIAL DIFFICULTY INCLUDED IN SCHEDULE RC-N ITEMS 1 THROUGH 7 ABOVE AND NOT REPORTED IN SCHEDULE RC-C; PART I; MEMO ITEM 1; PAST DUE 90 DAYS OR MORE AND STILL ACCRUING,,,rc_n_past_due.csv,13064.0,0.0692,2018Q1,2026Q2,0.8198,103501734.0
na_tot_modified,base,True,HC-N,stock,thousands_usd,any,BHCKHK28,all,,,TOTAL LOAN MODIFICATIONS TO BORROWERS EXPERIENCING FINANCIAL DIFFICULTY INCLUDED IN SCHEDULE RC-N ITEMS 1 THROUGH 7 ABOVE AND NOT REPORTED IN SCHEDULE RC-C; PART I; MEMO ITEM 1; NONACCRUAL,,,rc_n_past_due.csv,13065.0,0.0692,2018Q1,2026Q2,0.2227,591557482.0
pd30_tot_lossshare,base,True,HC-N,stock,thousands_usd,any,BHCKK036,all,,,LOANS AND LEASES REPORTED IN THE PAST DUE AND NONACCRUAL LOANS; LEASES AND OTHER ASSETS WHICH ARE WHOLLY OR PARTIALLY GUARANTEED BY THE U.S. GOVERNMENT ; EXCLUDING LOANS AND LEASES COVERED BY LOSS-SHARING AGREEMENTS WITH THE FDIC - PAST DUE 30 THROUGH 89 DAYS AND STILL ACCRUING,,,rc_n_past_due.csv,38886.0,0.2058,2011Q1,2026Q2,0.6838,612227491.0
pd90_tot_lossshare,base,True,HC-N,stock,thousands_usd,any,BHCKK037,all,,,LOANS AND LEASES REPORTED IN THE PAST DUE AND NONACCRUAL LOANS; LEASES AND OTHER ASSETS WHICH ARE WHOLLY OR PARTIALLY GUARANTEED BY THE U.S. GOVERNMENT ; EXCLUDING LOANS AND LEASES COVERED BY LOSS-SHARING AGREEMENTS WITH THE FDIC - PAST DUE 90 DAYS OR MORE AND STILL ACCRUING,,,rc_n_past_due.csv,38886.0,0.2058,2011Q1,2026Q2,0.8564,2020586981.0
na_tot_lossshare,base,True,HC-N,stock,thousands_usd,any,BHCKK038,all,,,LOANS AND LEASES REPORTED IN THE PAST DUE AND NONACCRUAL LOANS; LEASES AND OTHER ASSETS WHICH ARE WHOLLY OR PARTIALLY GUARANTEED BY THE U.S. GOVERNMENT ; EXCLUDING LOANS AND LEASES COVERED BY LOSS-SHARING AGREEMENTS WITH THE FDIC - NONACCRUAL,,,rc_n_past_due.csv,38886.0,0.2058,2011Q1,2026Q2,0.5919,414408488.0
pd30_tot_usgtd_portion,base,True,HC-N,stock,thousands_usd,any,BHCKK039,all,,,GUARANTEED PORTION OF LOANS AND LEASES INCLUDED IN ITEM 10; EXCLUDING REBOOKED 'GNMA LOANS' PAST DUE 30 THROUGH 89 DAYS AND STILL ACCRUING,,,rc_n_past_due.csv,38886.0,0.2058,2011Q1,2026Q2,0.691,199967675.0
pd90_tot_usgtd_portion,base,True,HC-N,stock,thousands_usd,any,BHCKK040,all,,,GUARANTEED PORTION OF LOANS AND LEASES INCLUDED IN ITEM 10; EXCLUDING REBOOKED 'GNMA LOANS' PAST DUE 90 DAYS OR MORE AND STILL ACCRUING,,,rc_n_past_due.csv,38886.0,0.2058,2011Q1,2026Q2,0.8679,337350837.0
na_tot_usgtd_portion,base,True,HC-N,stock,thousands_usd,any,BHCKK041,all,,,GUARANTEED PORTION OF LOANS AND LEASES INCLUDED IN ITEM 10; EXCLUDING REBOOKED 'GNMA LOANS' : NONACCRUAL,,,rc_n_past_due.csv,38886.0,0.2058,2011Q1,2026Q2,0.5962,92449648.0
pd30_tot_gnma_rebooked,base,True,HC-N,stock,thousands_usd,any,BHCKK042,all,,,REBOOKED 'GNMA LOANS' THAT HAVE BEEN REPURCHASED OR ARE ELIGIBLE FOR REPURCHASE INCLUDED IN ITEM 10 - PAST DUE 30 THROUGH 89 DAYS AND STILL ACCRUING,,,rc_n_past_due.csv,38886.0,0.2058,2011Q1,2026Q2,0.949,396937940.0
pd90_tot_gnma_rebooked,base,True,HC-N,stock,thousands_usd,any,BHCKK043,all,,,REBOOKED 'GNMA LOANS' THAT HAVE BEEN REPURCHASED OR ARE ELIGIBLE FOR REPURCHASE INCLUDED IN ITEM 10 - PAST DUE 90 DAYS OR MORE AND STILL ACCRUING,,,rc_n_past_due.csv,38886.0,0.2058,2011Q1,2026Q2,0.9495,1660523083.0
na_tot_gnma_rebooked,base,True,HC-N,stock,thousands_usd,any,BHCKK044,all,,,REBOOKED 'GNMA LOANS' THAT HAVE BEEN REPURCHASED OR ARE ELIGIBLE FOR REPURCHASE INCLUDED IN ITEM 10 - NONACCRUAL,,,rc_n_past_due.csv,38886.0,0.2058,2011Q1,2026Q2,0.966,292504388.0
pd30_othln_lossshare,base,True,HC-N,stock,thousands_usd,any,BHCKK072,all,,,LOANS AND LEASES COVERED BY LOSS SHARING AGREEMENTS WITH THE FDIC: LOANS TO FINANCE AGRICULTURE PRODUCTION AND OTHER LOANS TO FARMERS : PAST DUE 30 THROUGH 89 DAYS AND STILL ACCRUING,,,rc_n_past_due.csv,25794.0,0.1365,2011Q1,2017Q4,0.9959,24955.0
pd90_othln_lossshare,base,True,HC-N,stock,thousands_usd,any,BHCKK073,all,,,LOANS AND LEASES COVERED BY LOSS SHARING AGREEMENTS WITH THE FDIC: LOANS TO FINANCE AGRICULTURE PRODUCTION AND OTHER LOANS TO FARMERS : PAST DUE 90 DAYS OR MORE AND STILL ACCRUING,,,rc_n_past_due.csv,25794.0,0.1365,2011Q1,2017Q4,0.9938,131155.0
na_othln_lossshare,base,True,HC-N,stock,thousands_usd,any,BHCKK074,all,,,LOANS AND LEASES COVERED BY LOSS SHARING AGREEMENTS WITH THE FDIC: LOANS TO FINANCE AGRICULTURE PRODUCTION AND OTHER LOANS TO FARMERS : NONACCRUAL,,,rc_n_past_due.csv,25794.0,0.1365,2011Q1,2017Q4,0.9942,96840.0
pd30_ci_lossshare,base,True,HC-N,stock,thousands_usd,any,BHCKK075,all,,,LOANS AND LEASES COVERED BY LOSS SHARING AGREEMENTS WITH THE FDIC: COMMERCIAL AND INDUSTRIAL LOANS - PAST DUE 30 THROUGH 89 DAYS AND STILL ACCRUING,,,rc_n_past_due.csv,25794.0,0.1365,2011Q1,2017Q4,0.9506,1550648.0
pd90_ci_lossshare,base,True,HC-N,stock,thousands_usd,any,BHCKK076,all,,,LOANS AND LEASES COVERED BY LOSS SHARING AGREEMENTS WITH THE FDIC: COMMERCIAL AND INDUSTRIAL LOANS - PAST DUE 90 DAYS OR MORE AND STILL ACCRUING,,,rc_n_past_due.csv,25794.0,0.1365,2011Q1,2017Q4,0.9609,4175549.0
na_ci_lossshare,base,True,HC-N,stock,thousands_usd,any,BHCKK077,all,,,LOANS AND LEASES COVERED BY LOSS SHARING AGREEMENTS WITH THE FDIC: COMMERCIAL AND INDUSTRIAL LOANS - NONACCRUAL,,,rc_n_past_due.csv,25794.0,0.1365,2011Q1,2017Q4,0.956,3220015.0
pd30_cc_lossshare,base,True,HC-N,stock,thousands_usd,any,BHCKK078,all,,,LOANS AND LEASES COVERED BY LOSS SHARING AGREEMENTS WITH THE FDIC: LOANS TO INDIVIDUAL FOR HOUSEHOLD; FAMILY; PERSONAL EXPENDITURES: CREDIT CARDS: PAST DUE 30 THROUGH 89 DAYS AND STILL ACCRUING,,,rc_n_past_due.csv,25794.0,0.1365,2011Q1,2017Q4,0.9967,2394.0
pd90_cc_lossshare,base,True,HC-N,stock,thousands_usd,any,BHCKK079,all,,,LOANS AND LEASES COVERED BY LOSS SHARING AGREEMENTS WITH THE FDIC: LOANS TO INDIVIDUAL FOR HOUSEHOLD; FAMILY; PERSONAL EXPENDITURES: CREDIT CARDS: PAST DUE 90 DAYS OR MORE AND STILL ACCRUING,,,rc_n_past_due.csv,25794.0,0.1365,2011Q1,2017Q4,0.9981,1436.0
na_cc_lossshare,base,True,HC-N,stock,thousands_usd,any,BHCKK080,all,,,LOANS AND LEASES COVERED BY LOSS SHARING AGREEMENTS WITH THE FDIC: LOANS TO INDIVIDUAL FOR HOUSEHOLD; FAMILY; PERSONAL EXPENDITURES: CREDIT CARDS: NONACCRUAL,,,rc_n_past_due.csv,25794.0,0.1365,2011Q1,2017Q4,0.9989,3298.0
pd30_auto_lossshare,base,True,HC-N,stock,thousands_usd,any,BHCKK081,all,,,LOANS AND LEASES COVERED BY LOSS SHARING AGREEMENTS WITH THE FDIC: LOANS TO INDIVIDUAL FOR HOUSEHOLD; FAMILY; PERSONAL EXPENDITURES: AUTOMOBILE LOANS : PAST DUE 30 THROUGH 89 DAYS AND STILL ACCRUING,,,rc_n_past_due.csv,25794.0,0.1365,2011Q1,2017Q4,0.9869,63385.0
pd90_auto_lossshare,base,True,HC-N,stock,thousands_usd,any,BHCKK082,all,,,LOANS AND LEASES COVERED BY LOSS SHARING AGREEMENTS WITH THE FDIC: LOANS TO INDIVIDUAL FOR HOUSEHOLD; FAMILY; PERSONAL EXPENDITURES: AUTOMOBILE LOANS :PAST DUE 90 DAYS OR MORE AND STILL ACCRUING,,,rc_n_past_due.csv,25794.0,0.1365,2011Q1,2017Q4,0.9928,84925.0
na_auto_lossshare,base,True,HC-N,stock,thousands_usd,any,BHCKK083,all,,,LOANS AND LEASES COVERED BY LOSS SHARING AGREEMENTS WITH THE FDIC: LOANS TO INDIVIDUAL FOR HOUSEHOLD; FAMILY; PERSONAL EXPENDITURES: AUTOMOBILE LOANS :NONACCRUAL,,,rc_n_past_due.csv,25794.0,0.1365,2011Q1,2017Q4,0.9941,11954.0
pd30_lease_lossshare,base,True,HC-N,stock,thousands_usd,any,BHCKK087,all,,,LOANS AND LEASES COVERED BY LOSS SHARING AGREEMENTS WITH THE FDIC: ALL OTHER LOANS AND ALL LEASES: PAST DUE 30 THROUGH 89 DAYS AND STILL ACCRUING,,,rc_n_past_due.csv,32197.0,0.1704,2011Q1,2023Q2,0.994,250732.0
pd90_lease_lossshare,base,True,HC-N,stock,thousands_usd,any,BHCKK088,all,,,LOANS AND LEASES COVERED BY LOSS SHARING AGREEMENTS WITH THE FDIC: ALL OTHER LOANS AND ALL LEASES: PAST DUE 90 DAYS OR MORE AND STILL ACCRUING,,,rc_n_past_due.csv,32197.0,0.1704,2011Q1,2023Q2,0.994,383497.0
na_lease_lossshare,base,True,HC-N,stock,thousands_usd,any,BHCKK089,all,,,LOANS AND LEASES COVERED BY LOSS SHARING AGREEMENTS WITH THE FDIC: ALL OTHER LOANS AND ALL LEASES: NONACCRUAL,,,rc_n_past_due.csv,32197.0,0.1704,2011Q1,2023Q2,0.9943,446620.0
pd30_depinst_a,base,False,HC-N,stock,thousands_usd,any,BHCKK091,all,,,ITEMIZE PAST DUE AND NONACCRUAL AMOUNTS INCLUDED IN ALL OTHER LOANS AND ALL LEASES: LOANS TO DEPOSITORY INSTITUTIONS AND ACCEPTANCES OF OTHER BANKS PAST DUE 30 THROUGH 89 DAYS AND STILL ACCRUING,,,rc_n_past_due.csv,,,,,,
pd90_depinst_a,base,False,HC-N,stock,thousands_usd,any,BHCKK092,all,,,ITEMIZE PAST DUE AND NONACCRUAL AMOUNTS INCLUDED IN ALL OTHER LOANS AND ALL LEASES: LOANS TO DEPOSITORY INSTITUTIONS AND ACCEPTANCES OF OTHER BANKS PAST DUE 90 DAYS OR MORE AND STILL ACCRUING,,,rc_n_past_due.csv,,,,,,
na_depinst_a,base,False,HC-N,stock,thousands_usd,any,BHCKK093,all,,,ITEMIZE PAST DUE AND NONACCRUAL AMOUNTS INCLUDED IN ALL OTHER LOANS AND ALL LEASES: LOANS TO DEPOSITORY INSTITUTIONS AND ACCEPTANCES OF OTHER BANKS: NONACCRUAL LOANS,,,rc_n_past_due.csv,,,,,,
pd30_forgovt_a,base,False,HC-N,stock,thousands_usd,any,BHCKK095,all,,,ITEMIZE PAST DUE AND NONACCRUAL AMOUNTS INCLUDED IN ALL OTHER LOANS AND ALL LEASES: LOANS TO FOREIGN GOVERNMENTS AND OFFICIAL INSTITUTIONS PAST DUE 30 THROUGH 89 DAYS AND STILL ACCRUING,,,rc_n_past_due.csv,,,,,,
pd90_forgovt_a,base,False,HC-N,stock,thousands_usd,any,BHCKK096,all,,,ITEMIZE PAST DUE AND NONACCRUAL AMOUNTS INCLUDED IN ALL OTHER LOANS AND ALL LEASES: LOANS TO FOREIGN GOVERNMENTS AND OFFICIAL INSTITUTIONS PAST DUE 90 DAYS OR MORE AND STILL ACCRUING,,,rc_n_past_due.csv,,,,,,
na_forgovt_a,base,False,HC-N,stock,thousands_usd,any,BHCKK097,all,,,ITEMIZE PAST DUE AND NONACCRUAL AMOUNTS INCLUDED IN ALL OTHER LOANS AND ALL LEASES: LOANS TO FOREIGN GOVERNMENTS AND OFFICIAL INSTITUTIONS - NONACCRUAL LOANS,,,rc_n_past_due.csv,,,,,,
pd30_othln_a,base,False,HC-N,stock,thousands_usd,any,BHCKK099,all,,,ITEMIZE PAST DUE AND NONACCRUAL AMOUNTS INCLUDED IN ALL OTHER LOANS AND ALL LEASES: OTHER LOANS - PAST DUE 30 THROUGH 89 DAYS AND STILL ACCRUING,,,rc_n_past_due.csv,,,,,,
pd90_othln_a,base,False,HC-N,stock,thousands_usd,any,BHCKK100,all,,,ITEMIZE PAST DUE AND NONACCRUAL AMOUNTS INCLUDED IN ALL OTHER LOANS AND ALL LEASES: OTHER LOANS: PAST DUE 90 DAYS OR MORE AND STILL ACCRUING,,,rc_n_past_due.csv,,,,,,
na_othln_a,base,False,HC-N,stock,thousands_usd,any,BHCKK101,all,,,ITEMIZE PAST DUE AND NONACCRUAL AMOUNTS INCLUDED IN ALL OTHER LOANS AND ALL LEASES: OTHER LOANS: NONACCRUAL LOANS,,,rc_n_past_due.csv,,,,,,
pd30_othln_modified,base,True,HC-N,stock,thousands_usd,any,BHCKK126,all,,,LOAN MODIFICATIONS TO BORROWERS EXPERIENCING FINANCIAL DIFFICULTY: ALL OTHER LOANS - PAST DUE 30 THROUGH 89 DAYS AND STILL ACCRUING,,,rc_n_past_due.csv,37074.0,0.1962,2011Q1,2026Q2,0.8574,120832106.0
pd90_othln_modified,base,True,HC-N,stock,thousands_usd,any,BHCKK127,all,,,LOAN MODIFICATIONS TO BORROWERS EXPERIENCING FINANCIAL DIFFICULTY : ALL OTHER LOANS - PAST DUE 90 DAYS OR MORE AND STILL ACCRUING,,,rc_n_past_due.csv,37073.0,0.1962,2011Q1,2026Q2,0.9316,48710948.0
na_othln_modified,base,True,HC-N,stock,thousands_usd,any,BHCKK128,all,,,LOAN MODIFICATIONS TO BORROWERS EXPERIENCING FINANCIAL DIFFICULTY : ALL OTHER LOANS - NONACCRUAL,,,rc_n_past_due.csv,37076.0,0.1963,2011Q1,2026Q2,0.6924,154765860.0
pd30_depinst_b,base,False,HC-N,stock,thousands_usd,any,BHCKK134,all,,,ITEMIZE LOANS TO DEPOSITORY INSTITUTIONS AND ACCEPTANCES OF OTHER BANKS INCLUDED IN ALL OTHER LOANS PAST DUE 30 THROUGH 89 DAYS AND STILL ACCRUING,,,rc_n_past_due.csv,,,,,,
pd90_depinst_b,base,False,HC-N,stock,thousands_usd,any,BHCKK135,all,,,ITEMIZE LOANS TO DEPOSITORY INSTITUTIONS AND ACCEPTANCES OF OTHER BANKS INCLUDED IN ALL OTHER LOANS PAST DUE 30 THROUGH 89 DAYS AND STILL ACCRUING: PAST DUE 90 DAYS OR MORE AND STILL ACCRUING,,,rc_n_past_due.csv,,,,,,
na_depinst_b,base,False,HC-N,stock,thousands_usd,any,BHCKK136,all,,,ITEMIZE LOANS TO DEPOSITORY INSTITUTIONS AND ACCEPTANCES OF OTHER BANKS INCLUDED IN ALL OTHER LOANS PAST DUE 30 THROUGH 89 DAYS AND STILL ACCRUING: NONACCRUAL,,,rc_n_past_due.csv,,,,,,
pd30_agprod_modified,base,True,HC-N,stock,thousands_usd,any,BHCKK138,all,,,ITEMIZE LOAN MODIFICATIONS TO BORROWERS EXPERIENCING FINANCIAL DIFFICULTY TO FINANCE AGRICULTURAL PRODUCTION AND OTHER LOANS TO FARMERS INCLUDED IN ALL OTHER LOANS PAST DUE 30 THROUGH 89 DAYS AND STILL ACCRUING,,,rc_n_past_due.csv,37071.0,0.1962,2011Q1,2026Q2,0.9951,185503.0
pd90_agprod_modified,base,True,HC-N,stock,thousands_usd,any,BHCKK139,all,,,ITEMIZE LOAN MODIFICATIONS TO BORROWERS EXPERIENCING FINANCIAL DIFFICULTY TO FINANCE AGRICULTURAL PRODUCTION AND OTHER LOANS TO FARMERS INCLUDED IN ALL OTHER LOANS: PAST DUE 90 DAYS OR MORE AND STILL ACCRUING,,,rc_n_past_due.csv,37074.0,0.1962,2011Q1,2026Q2,0.9989,29089.0
na_agprod_modified,base,True,HC-N,stock,thousands_usd,any,BHCKK140,all,,,ITEMIZE LOAN MODIFICATIONS TO BORROWERS EXPERIENCING FINANCIAL DIFFICULTY TO FINANCE AGRICULTURAL PRODUCTION AND OTHER LOANS TO FARMERS INCLUDED IN ALL OTHER LOANS: NONACCRUAL,,,rc_n_past_due.csv,37071.0,0.1962,2011Q1,2026Q2,0.9619,4447226.0
pd30_auto,base,True,HC-N,stock,thousands_usd,any,BHCKK213,all,,,LOANS TO INDIVIDUALS FOR HOUSEHOLD; FAMILY AND OTHER PERSONAL EXPENDITURES: AUTOMOBILE LOANS - PAST DUE 30 THROUGH 89 DAYS AND STILL ACCRUING,,,rc_n_past_due.csv,38886.0,0.2058,2011Q1,2026Q2,0.3914,667158853.0
pd90_auto,base,True,HC-N,stock,thousands_usd,any,BHCKK214,all,,,LOANS TO INDIVIDUALS FOR HOUSEHOLD; FAMILY AND OTHER PERSONAL EXPENDITURES: AUTOMOBILE LOANS - PAST DUE 90 DAYS OR MORE AND STILL ACCRUING,,,rc_n_past_due.csv,38886.0,0.2058,2011Q1,2026Q2,0.8015,9624799.0
pd30_indiv,base,True,HC-N,stock,thousands_usd,any,BHCKK216,all,,,LOANS TO INDIVIDUALS FOR HOUSEHOLD; FAMILY AND OTHER PERSONAL EXPENDITURES: OTHER - PAST DUE 30 THROUGH 89 DAYS AND STILL ACCRUING,,,rc_n_past_due.csv,38886.0,0.2058,2011Q1,2026Q2,0.2009,228060404.0
pd90_indiv,base,True,HC-N,stock,thousands_usd,any,BHCKK217,all,,,LOANS TO INDIVIDUALS FOR HOUSEHOLD; FAMILY AND OTHER PERSONAL EXPENDITURES: OTHER - PAST DUE 90 DAYS OR MORE AND STILL ACCRUING,,,rc_n_past_due.csv,38886.0,0.2058,2011Q1,2026Q2,0.6818,133000122.0
pd30_lease_a,base,False,HC-N,stock,thousands_usd,any,BHCKK269,all,,,ITEMIZE PAST DUE AND NONACCRUAL AMOUNTS INCLUDED IN ALL OTHER LOANS AND ALL LEASES: LEASE FINANCING RECEIVABLES - PAST DUE 30 THROUGH 89 DAYS AND STILL ACCRUING,,,rc_n_past_due.csv,,,,,,
pd90_lease_a,base,False,HC-N,stock,thousands_usd,any,BHCKK271,all,,,ITEMIZE PAST DUE AND NONACCRUAL AMOUNTS INCLUDED IN ALL OTHER LOANS AND ALL LEASES: LEASE FINANCING RECEIVABLES - PAST DUE 90 DAYS OR MORE AND STILL ACCRUING,,,rc_n_past_due.csv,,,,,,
na_lease_a,base,False,HC-N,stock,thousands_usd,any,BHCKK272,all,,,ITEMIZE PAST DUE AND NONACCRUAL AMOUNTS INCLUDED IN ALL OTHER LOANS AND ALL LEASES: LEASE FINANCING RECEIVABLES - NONACCRUAL LOANS,,,rc_n_past_due.csv,,,,,,
pd30_indiv_modified,base,True,HC-N,stock,thousands_usd,any,BHCKK274,all,,,ITEMIZE LOAN MODIFICATIONS TO BORROWERS EXPERIENCING FINANCIAL DIFFICULTY CREDIT CARD LOANS TO INDIVIDUALS FOR HOUSEHOLD; FAMILY; AND OTHER PERSONAL EXPENDITURES: PAST DUE 30 THROUGH 89 DAYS AND STILL ACCRUING,,,rc_n_past_due.csv,37072.0,0.1962,2011Q1,2026Q2,0.9789,39658964.0
pd90_indiv_modified,base,True,HC-N,stock,thousands_usd,any,BHCKK275,all,,,ITEMIZE LOAN MODIFICATIONS TO BORROWERS EXPERIENCING FINANCIAL DIFFICULTY CREDIT CARD LOANS TO INDIVIDUALS FOR HOUSEHOLD; FAMILY; AND OTHER PERSONAL EXPENDITURES: PAST DUE 90 DAYS OR MORE AND STILL ACCRUING,,,rc_n_past_due.csv,37072.0,0.1962,2011Q1,2026Q2,0.9821,32480869.0
na_indiv_modified,base,True,HC-N,stock,thousands_usd,any,BHCKK276,all,,,ITEMIZE LOAN MODIFICATIONS TO BORROWERS EXPERIENCING FINANCIAL DIFFICULTY CREDIT CARD LOANS TO INDIVIDUALS FOR HOUSEHOLD; FAMILY; AND OTHER PERSONAL EXPENDITURES: NONACCRUAL,,,rc_n_past_due.csv,37072.0,0.1962,2011Q1,2026Q2,0.9905,8126097.0
pd30_auto_modified,base,True,HC-N,stock,thousands_usd,any,BHCKK277,all,,,ITEMIZE LOAN MODIFICATIONS TO BORROWERS EXPERIENCING FINANCIAL DIFFICULTY AUTOMOBILE LOANS TO INDIVIDUALS FOR HOUSEHOLD; FAMILY; AND OTHER PERSONAL EXPENDITURES: PAST DUE 30 THROUGH 89 DAYS AND STILL ACCRUING,,,rc_n_past_due.csv,37071.0,0.1962,2011Q1,2026Q2,0.9748,46254849.0
pd90_auto_modified,base,True,HC-N,stock,thousands_usd,any,BHCKK278,all,,,ITEMIZE LOAN MODIFICATIONS TO BORROWERS EXPERIENCING FINANCIAL DIFFICULTY AUTOMOBILE LOANS TO INDIVIDUALS FOR HOUSEHOLD; FAMILY; AND OTHER PERSONAL EXPENDITURES: PAST DUE 90 DAYS OR MORE AND STILL ACCRUING,,,rc_n_past_due.csv,37071.0,0.1962,2011Q1,2026Q2,0.9956,15652.0
na_auto_modified,base,True,HC-N,stock,thousands_usd,any,BHCKK279,all,,,ITEMIZE LOAN MODIFICATIONS TO BORROWERS EXPERIENCING FINANCIAL DIFFICULTY AUTOMOBILE LOANS TO INDIVIDUALS FOR HOUSEHOLD; FAMILY; AND OTHER PERSONAL EXPENDITURES: NONACCRUAL,,,rc_n_past_due.csv,37071.0,0.1962,2011Q1,2026Q2,0.9594,35829331.0
pd30_cc_modified,base,True,HC-N,stock,thousands_usd,any,BHCKK280,all,,,ITEMIZE LOAN MODIFICATIONS TO BORROWERS EXPERIENCING FINANCIAL DIFFICULTY OTHER CONSUMER (INCLUDES SINGLE PAYMENT; INSTALLMENT; ALL STUDENT LOANS; AND REVOLVING CREDIT PLANS OTHER THAN CREDIT CARDS) LOANS TO INDIVIDUALS FOR HOUSEHOLD; FAMILY; AND OTHER PERSONAL EXPENDITURES: PAST DUE 30 THROUGH 89 DAYS AND STILL ACCRUING,,,rc_n_past_due.csv,37072.0,0.1962,2011Q1,2026Q2,0.974,1777532.0
pd90_cc_modified,base,True,HC-N,stock,thousands_usd,any,BHCKK281,all,,,ITEMIZE LOAN MODIFICATIONS TO BORROWERS EXPERIENCING FINANCIAL DIFFICULTY OTHER CONSUMER (INCLUDES SINGLE PAYMENT; INSTALLMENT; ALL STUDENT LOANS; AND REVOLVING CREDIT PLANS OTHER THAN CREDIT CARDS) LOANS TO INDIVIDUALS FOR HOUSEHOLD; FAMILY; AND OTHER PERSONAL EXPENDITURES: PAST DUE 90 DAYS OR MORE AND STILL ACCRUING,,,rc_n_past_due.csv,37072.0,0.1962,2011Q1,2026Q2,0.9928,566933.0
na_cc_modified,base,True,HC-N,stock,thousands_usd,any,BHCKK282,all,,,ITEMIZE LOAN MODIFICATIONS TO BORROWERS EXPERIENCING FINANCIAL DIFFICULTY OTHER CONSUMER (INCLUDES SINGLE PAYMENT; INSTALLMENT; ALL STUDENT LOANS; AND REVOLVING CREDIT PLANS OTHER THAN CREDIT CARDS) LOANS TO INDIVIDUALS FOR HOUSEHOLD; FAMILY; AND OTHER PERSONAL EXPENDITURES: NONACCRUAL,,,rc_n_past_due.csv,37072.0,0.1962,2011Q1,2026Q2,0.9425,3479932.0
pd30_forgovt_b,base,False,HC-N,stock,thousands_usd,any,BHCKK283,all,,,ITEMIZE LOANS TO FOREIGN GOVERNMENTS AND OFFICIAL INSTITUTIONS: PAST DUE 30 THROUGH 89 DAYS AND STILL ACCRUING,,,rc_n_past_due.csv,,,,,,
pd90_forgovt_b,base,False,HC-N,stock,thousands_usd,any,BHCKK284,all,,,ITEMIZE LOANS TO FOREIGN GOVERNMENTS AND OFFICIAL INSTITUTIONS: PAST DUE 90 DAYS OR MORE AND STILL ACCRUING,,,rc_n_past_due.csv,,,,,,
na_forgovt_b,base,False,HC-N,stock,thousands_usd,any,BHCKK285,all,,,ITEMIZE LOANS TO FOREIGN GOVERNMENTS AND OFFICIAL INSTITUTIONS: NONACCRUAL,,,rc_n_past_due.csv,,,,,,
pd30_othln_b,base,False,HC-N,stock,thousands_usd,any,BHCKK286,all,,,ITEMIZE OTHER LOANS: PAST DUE 30 THROUGH 89 DAYS AND STILL ACCRUING,,,rc_n_past_due.csv,,,,,,
pd90_othln_b,base,False,HC-N,stock,thousands_usd,any,BHCKK287,all,,,ITEMIZE OTHER LOANS: PAST DUE 90 DAYS OR MORE AND STILL ACCRUING,,,rc_n_past_due.csv,,,,,,
na_othln_b,base,False,HC-N,stock,thousands_usd,any,BHCKK288,all,,,ITEMIZE OTHER LOANS: NONACCRUAL,,,rc_n_past_due.csv,,,,,,
pci_balance_pd30,base,True,HC-N,stock,thousands_usd,any,BHCKL183,all,,,PURCHASED CREDIT-IMPAIRED LOANS ACCOUNTED FOR IN ACCORDANCE WITH FASB ASC 310-30 (FORMER AICPA STATEMENT OF POSITION 03-3): OUTSTANDING BALANCE PAST DUE 30 THROUGH 89 DAYS AND STILL ACCRUING,,,rc_n_past_due.csv,24005.0,0.1271,2012Q2,2023Q4,0.8268,235641523.0
pci_balance_pd90,base,True,HC-N,stock,thousands_usd,any,BHCKL184,all,,,PURCHASED CREDIT-IMPAIRED LOANS ACCOUNTED FOR IN ACCORDANCE WITH FASB ASC 310-30 (FORMER AICPA STATEMENT OF POSITION 03-3): OUTSTANDING BALANCE PAST DUE 90 DAYS OR MORE AND STILL ACCRUING,,,rc_n_past_due.csv,24003.0,0.1271,2012Q2,2023Q4,0.8705,839501558.0
pci_balance_na,base,True,HC-N,stock,thousands_usd,any,BHCKL185,all,,,PURCHASED CREDIT-IMPAIRED LOANS ACCOUNTED FOR IN ACCORDANCE WITH FASB ASC 310-30 (FORMER AICPA STATEMENT OF POSITION 03-3): OUTSTANDING BALANCE PAST DUE 30 THROUGH 89 DAYS AND STILL ACCRUING NONACCRUAL,,,rc_n_past_due.csv,24001.0,0.127,2012Q2,2023Q4,0.8432,78431390.0
pci_carrying_pd30,base,True,HC-N,stock,thousands_usd,any,BHCKL186,all,,,PURCHASED CREDIT-IMPAIRED LOANS ACCOUNTED FOR IN ACCORDANCE WITH FASB ASC 310-30 (FORMER AICPA STATEMENT OF POSITION 03-3): CARRYING AMOUNT INCLUDED IN SCHEDULE RC-N; ITEMS 1 THOUGH 7; ABOVE PAST DUE 30 THROUGH 89 DAYS AND STILL ACCRUING,,,rc_n_past_due.csv,24005.0,0.1271,2012Q2,2023Q4,0.828,187177620.0
pci_carrying_pd90,base,True,HC-N,stock,thousands_usd,any,BHCKL187,all,,,PURCHASED CREDIT-IMPAIRED LOANS ACCOUNTED FOR IN ACCORDANCE WITH FASB ASC 310-30 (FORMER AICPA STATEMENT OF POSITION 03-3): CARRYING AMOUNT INCLUDED IN SCHEDULE RC-N; ITEMS 1 THOUGH 7; ABOVE PAST DUE 90 DAYS OR MORE AND STILL ACCRUING,,,rc_n_past_due.csv,24003.0,0.1271,2012Q2,2023Q4,0.8715,512153464.0
pci_carrying_na,base,True,HC-N,stock,thousands_usd,any,BHCKL188,all,,,PURCHASED CREDIT-IMPAIRED LOANS ACCOUNTED FOR IN ACCORDANCE WITH FASB ASC 310-30 (FORMER AICPA STATEMENT OF POSITION 03-3): CARRYING AMOUNT INCLUDED IN SCHEDULE RC-N; ITEMS 1 THOUGH 7; ABOVE NONACCRUAL,,,rc_n_past_due.csv,24001.0,0.127,2012Q2,2023Q4,0.8473,37176873.0
pd30_nondep_fin,base,True,HC-N,stock,thousands_usd,any,BHCKPV23,all,,,LOANS TO NONDEPOSITORY FINANCIAL INSTITUTIONS INCLUDED IN SCHEDULE RC-N; ITEM 7 - PAST DUE 30 THROUGH 89 DAYS AND STIL,,,rc_n_past_due.csv,766.0,0.0041,2026Q1,2026Q2,0.9099,2070607.0
pd90_nondep_fin,base,True,HC-N,stock,thousands_usd,any,BHCKPV24,all,,,LOANS TO NONDEPOSITORY FINANCIAL INSTITUTIONS INCLUDED IN SCHEDULE RC-N; ITEM 7 - PAST DUE 90 DAYS OR MORE AND STILL A,,,rc_n_past_due.csv,766.0,0.0041,2026Q1,2026Q2,0.9778,127728.0
na_nondep_fin,base,True,HC-N,stock,thousands_usd,any,BHCKPV25,all,,,LOANS TO NONDEPOSITORY FINANCIAL INSTITUTIONS INCLUDED IN SCHEDULE RC-N; ITEM 7 - NONACCRUAL,,,rc_n_past_due.csv,766.0,0.0041,2026Q1,2026Q2,0.8668,2075554.0
pd30_constr_res14_lossshare,base,True,HC-N,stock,thousands_usd,any,BHDMK045,all,,,LOANS AND LEASES COVERED BY LOSS SHARING AGREEMENTS WITH THE FDIC: LOANS SECURED BY RE-1-4 FAMILY RESIDENTIAL CONSTRUC,,,rc_n_past_due.csv,32197.0,0.1704,2011Q1,2023Q2,0.9885,508014.0
pd90_constr_res14_lossshare,base,True,HC-N,stock,thousands_usd,any,BHDMK046,all,,,LOANS AND LEASES COVERED BY LOSS SHARING AGREEMENTS WITH THE FDIC: LOANS SECURED BY RE-1-4 FAMILY RESIDENTIAL CONSTRUC,,,rc_n_past_due.csv,32197.0,0.1704,2011Q1,2023Q2,0.9803,3808482.0
na_constr_res14_lossshare,base,True,HC-N,stock,thousands_usd,any,BHDMK047,all,,,LOANS AND LEASES COVERED BY LOSS SHARING AGREEMENTS WITH THE FDIC: LOANS SECURED BY RE-1-4 FAMILY RESIDENTIAL CONSTRUC,,,rc_n_past_due.csv,32197.0,0.1704,2011Q1,2023Q2,0.9855,1652974.0
pd30_farmland_lossshare,base,True,HC-N,stock,thousands_usd,any,BHDMK051,all,,,LOANS AND LEASES COVERED BY LOSS SHARING AGREEMENTS WITH THE FDIC: LOANS SECURED BY RE: SECURED BY FARMLAND -PAST DUE,,,rc_n_past_due.csv,32197.0,0.1704,2011Q1,2023Q2,0.9881,236958.0
pd90_farmland_lossshare,base,True,HC-N,stock,thousands_usd,any,BHDMK052,all,,,LOANS AND LEASES COVERED BY LOSS SHARING AGREEMENTS WITH THE FDIC: LOANS SECURED BY RE: SECURED BY FARMLAND -PAST DUE,,,rc_n_past_due.csv,32197.0,0.1704,2011Q1,2023Q2,0.984,1203808.0
na_farmland_lossshare,base,True,HC-N,stock,thousands_usd,any,BHDMK053,all,,,LOANS AND LEASES COVERED BY LOSS SHARING AGREEMENTS WITH THE FDIC: LOANS SECURED BY RE: SECURED BY FARMLAND -NONACCRUA,,,rc_n_past_due.csv,32197.0,0.1704,2011Q1,2023Q2,0.989,597606.0
pd30_heloc_lossshare,base,True,HC-N,stock,thousands_usd,any,BHDMK054,all,,,LOANS AND LEASES COVERED BY LOSS SHARING AGREEMENTS WITH THE FDIC: LOANS SECURED BY 1-4 FAMILY RESIDENTIAL PROPERTIES-,,,rc_n_past_due.csv,32197.0,0.1704,2011Q1,2023Q2,0.9526,1265907.0
pd90_heloc_lossshare,base,True,HC-N,stock,thousands_usd,any,BHDMK055,all,,,LOANS AND LEASES COVERED BY LOSS SHARING AGREEMENTS WITH THE FDIC: LOANS SECURED BY 1-4 FAMILY RESIDENTIAL PROPERTIES-,,,rc_n_past_due.csv,32197.0,0.1704,2011Q1,2023Q2,0.9687,1444421.0
na_heloc_lossshare,base,True,HC-N,stock,thousands_usd,any,BHDMK056,all,,,LOANS AND LEASES COVERED BY LOSS SHARING AGREEMENTS WITH THE FDIC: LOANS SECURED BY 1-4 FAMILY RESIDENTIAL PROPERTIES-,,,rc_n_past_due.csv,32197.0,0.1704,2011Q1,2023Q2,0.9594,1852872.0
pd30_famres_first_lossshare,base,True,HC-N,stock,thousands_usd,any,BHDMK057,all,,,LOANS AND LEASES COVERED BY LOSS SHARING AGREEMENTS WITH THE FDIC:  CLOSED-END LOANS SECURED BY 1-4 FAMILY RESIDENTIAL,,,rc_n_past_due.csv,32197.0,0.1704,2011Q1,2023Q2,0.9401,23654937.0
pd90_famres_first_lossshare,base,True,HC-N,stock,thousands_usd,any,BHDMK058,all,,,LOANS AND LEASES COVERED BY LOSS SHARING AGREEMENTS WITH THE FDIC: CLOSED-END LOANS SECURED BY 1-4 FAMILY RESIDENTIAL,,,rc_n_past_due.csv,32197.0,0.1704,2011Q1,2023Q2,0.955,52623770.0
na_famres_first_lossshare,base,True,HC-N,stock,thousands_usd,any,BHDMK059,all,,,LOANS AND LEASES COVERED BY LOSS SHARING AGREEMENTS WITH THE FDIC: CLOSED-END LOANS SECURED BY 1-4 FAMILY RESIDENTIAL,,,rc_n_past_due.csv,32197.0,0.1704,2011Q1,2023Q2,0.951,7276538.0
pd30_famres_junior_lossshare,base,True,HC-N,stock,thousands_usd,any,BHDMK060,all,,,LOANS AND LEASES COVERED BY LOSS SHARING AGREEMENTS WITH THE FDIC:  CLOSED END LOANS SECURED BY 1-4 FAMILY RESIDENTIAL,,,rc_n_past_due.csv,32201.0,0.1705,2011Q1,2023Q2,0.9597,506924.0
pd90_famres_junior_lossshare,base,True,HC-N,stock,thousands_usd,any,BHDMK061,all,,,LOANS AND LEASES COVERED BY LOSS SHARING AGREEMENTS WITH THE FDIC: CLOSED END LOANS SECURED BY 1-4 FAMILY RESIDENTIAL,,,rc_n_past_due.csv,32201.0,0.1705,2011Q1,2023Q2,0.9687,1125195.0
na_famres_junior_lossshare,base,True,HC-N,stock,thousands_usd,any,BHDMK062,all,,,LOANS AND LEASES COVERED BY LOSS SHARING AGREEMENTS WITH THE FDIC: CLOSED END LOANS SECURED BY 1-4 FAMILY RESIDENTIAL,,,rc_n_past_due.csv,32201.0,0.1705,2011Q1,2023Q2,0.9688,565264.0
pd30_multifam_lossshare,base,True,HC-N,stock,thousands_usd,any,BHDMK063,all,,,LOANS AND LEASES COVERED BY LOSS SHARING AGREEMENTS WITH THE FDIC: LOANS SECURED BY RE: SECURED BY MULTIFAMILY (5 OR M,,,rc_n_past_due.csv,32197.0,0.1704,2011Q1,2023Q2,0.9795,1974381.0
pd90_multifam_lossshare,base,True,HC-N,stock,thousands_usd,any,BHDMK064,all,,,LOANS AND LEASES COVERED BY LOSS SHARING AGREEMENTS WITH THE FDIC: LOANS SECURED BY RE: SECURED BY MULTIFAMILY (5 OR M,,,rc_n_past_due.csv,32197.0,0.1704,2011Q1,2023Q2,0.9763,5183931.0
na_multifam_lossshare,base,True,HC-N,stock,thousands_usd,any,BHDMK065,all,,,LOANS AND LEASES COVERED BY LOSS SHARING AGREEMENTS WITH THE FDIC: LOANS SECURED BY RE: SECURED BY MULTIFAMILY (5 OR M,,,rc_n_past_due.csv,32197.0,0.1704,2011Q1,2023Q2,0.9827,2183231.0
pd30_nfnres_owner_lossshare,base,True,HC-N,stock,thousands_usd,any,BHDMK066,all,,,LOANS AND LEASES COVERED BY LOSS SHARING AGREEMENTS WITH THE FDIC: LOANS SECURED BY RE: SECURED BY NONFARM NONRESIDENT,,,rc_n_past_due.csv,32197.0,0.1704,2011Q1,2023Q2,0.9606,4003992.0
pd90_nfnres_owner_lossshare,base,True,HC-N,stock,thousands_usd,any,BHDMK067,all,,,LOANS AND LEASES COVERED BY LOSS SHARING AGREEMENTS WITH THE FDIC: LOANS SECURED BY RE: SECURED BY NONFARM NONRESIDENT,,,rc_n_past_due.csv,32197.0,0.1704,2011Q1,2023Q2,0.9688,14037927.0
na_nfnres_owner_lossshare,base,True,HC-N,stock,thousands_usd,any,BHDMK068,all,,,LOANS AND LEASES COVERED BY LOSS SHARING AGREEMENTS WITH THE FDIC: LOANS SECURED BY RE: SECURED BY NONFARM NONRESIDENT,,,rc_n_past_due.csv,32197.0,0.1704,2011Q1,2023Q2,0.9649,5133924.0
pd30_nfnres_oth_lossshare,base,True,HC-N,stock,thousands_usd,any,BHDMK069,all,,,LOANS AND LEASES COVERED BY LOSS SHARING AGREEMENTS WITH THE FDIC: LOANS SECURED BY RE: SECURED BY NONFARM NONRESIDENT,,,rc_n_past_due.csv,32197.0,0.1704,2011Q1,2023Q2,0.9619,6919067.0
pd90_nfnres_oth_lossshare,base,True,HC-N,stock,thousands_usd,any,BHDMK070,all,,,LOANS AND LEASES COVERED BY LOSS SHARING AGREEMENTS WITH THE FDIC: LOANS SECURED BY RE: SECURED BY NONFARM NONRESIDENT,,,rc_n_past_due.csv,32197.0,0.1704,2011Q1,2023Q2,0.9667,23322559.0
na_nfnres_oth_lossshare,base,True,HC-N,stock,thousands_usd,any,BHDMK071,all,,,LOANS AND LEASES COVERED BY LOSS SHARING AGREEMENTS WITH THE FDIC: LOANS SECURED BY RE: SECURED BY NONFARM NONRESIDENT,,,rc_n_past_due.csv,32197.0,0.1704,2011Q1,2023Q2,0.9655,9997018.0
pd30_constr_res14_modified,base,True,HC-N,stock,thousands_usd,any,BHDMK105,all,,,LOAN MODIFICATIONS TO BORROWERS EXPERIENCING FINANCIAL DIFFICULTY 1-4 FAMILY RESIDENTIAL CONSTRUCTION LOANS :PAST DUE,,,rc_n_past_due.csv,37073.0,0.1962,2011Q1,2026Q2,0.9884,876667.0
pd90_constr_res14_modified,base,True,HC-N,stock,thousands_usd,any,BHDMK106,all,,,LOAN MODIFICATIONS TO BORROWERS EXPERIENCING FINANCIAL DIFFICULTY 1-4 FAMILY RESIDENTIAL CONSTRUCTION LOANS : PAST DUE,,,rc_n_past_due.csv,37073.0,0.1962,2011Q1,2026Q2,0.9964,174357.0
na_constr_res14_modified,base,True,HC-N,stock,thousands_usd,any,BHDMK107,all,,,LOAN MODIFICATIONS TO BORROWERS EXPERIENCING FINANCIAL DIFFICULTY 1-4 FAMILY RESIDENTIAL CONSTRUCTION LOANS -NONACCRUA,,,rc_n_past_due.csv,37074.0,0.1962,2011Q1,2026Q2,0.8896,15054119.0
pd30_constr_oth_modified,base,True,HC-N,stock,thousands_usd,any,BHDMK108,all,,,LOAN MODIFICATIONS TO BORROWERS EXPERIENCING FINANCIAL DIFFICULTY OTHER CONSTRUCTION LOANS AND ALL LAND DEVELOPMENT AN,,,rc_n_past_due.csv,37073.0,0.1962,2011Q1,2026Q2,0.9492,3295137.0
pd90_constr_oth_modified,base,True,HC-N,stock,thousands_usd,any,BHDMK109,all,,,LOAN MODIFICATIONS TO BORROWERS EXPERIENCING FINANCIAL DIFFICULTY OTHER CONSTRUCTION LOANS AND ALL LAND DEVELOPMENT AN,,,rc_n_past_due.csv,37073.0,0.1962,2011Q1,2026Q2,0.9848,1344785.0
na_constr_oth_modified,base,True,HC-N,stock,thousands_usd,any,BHDMK110,all,,,LOAN MODIFICATIONS TO BORROWERS EXPERIENCING FINANCIAL DIFFICULTY OTHER CONSTRUCTION LOANS AND ALL LAND DEVELOPMENT AN,,,rc_n_past_due.csv,37074.0,0.1962,2011Q1,2026Q2,0.6688,68623825.0
pd30_multifam_modified,base,True,HC-N,stock,thousands_usd,any,BHDMK111,all,,,LOAN MODIFICATIONS TO BORROWERS EXPERIENCING FINANCIAL DIFFICULTY SECURED BY MULTIFAMILY RESIDENTIAL PROPERTIES IN DOM,,,rc_n_past_due.csv,37073.0,0.1962,2011Q1,2026Q2,0.9835,2273810.0
pd90_multifam_modified,base,True,HC-N,stock,thousands_usd,any,BHDMK112,all,,,LOAN MODIFICATIONS TO BORROWERS EXPERIENCING FINANCIAL DIFFICULTY SECURED BY MULTIFAMILY RESIDENTIAL PROPERTIES IN DOM,,,rc_n_past_due.csv,37073.0,0.1962,2011Q1,2026Q2,0.9957,351183.0
na_multifam_modified,base,True,HC-N,stock,thousands_usd,any,BHDMK113,all,,,LOAN MODIFICATIONS TO BORROWERS EXPERIENCING FINANCIAL DIFFICULTY SECURED BY MULTIFAMILY RESIDENTIAL PROPERTIES IN DOM,,,rc_n_past_due.csv,37074.0,0.1962,2011Q1,2026Q2,0.8628,21083189.0
pd30_nfnres_owner,base,False,HC-N,stock,thousands_usd,any,BHDMK114,all,,,LOAN MODIFICATIONS TO BORROWERS EXPERIENCING FINANCIAL DIFFICULTY LOANS SECURED BY OWNER OCCUPIED NONFARM NONRESIDENTI,,,rc_n_past_due.csv,,,,,,
pd90_nfnres_owner,base,False,HC-N,stock,thousands_usd,any,BHDMK115,all,,,LOAN MODIFICATIONS TO BORROWERS EXPERIENCING FINANCIAL DIFFICULTY LOANS SECURED BY OWNER OCCUPIED NONFARM NONRESIDENTI,,,rc_n_past_due.csv,,,,,,
na_nfnres_owner,base,False,HC-N,stock,thousands_usd,any,BHDMK116,all,,,LOAN MODIFICATIONS TO BORROWERS EXPERIENCING FINANCIAL DIFFICULTY LOANS SECURED BY OWNER OCCUPIED NONFARM NONRESIDENTI,,,rc_n_past_due.csv,,,,,,
pd30_nfnres_oth,base,False,HC-N,stock,thousands_usd,any,BHDMK117,all,,,LOAN MODIFICATIONS TO BORROWERS EXPERIENCING FINANCIAL DIFFICULTY LOANS SECURED BY OWNER OCCUPIED NONFARM NONRESIDENTI,,,rc_n_past_due.csv,,,,,,
pd90_nfnres_oth,base,False,HC-N,stock,thousands_usd,any,BHDMK118,all,,,LOAN MODIFICATIONS TO BORROWERS EXPERIENCING FINANCIAL DIFFICULTY LOANS SECURED BY OTHER NONFARM NONRESIDENTIAL PROPER,,,rc_n_past_due.csv,,,,,,
na_nfnres_oth,base,False,HC-N,stock,thousands_usd,any,BHDMK119,all,,,LOAN MODIFICATIONS TO BORROWERS EXPERIENCING FINANCIAL DIFFICULTY  -LOANS SECURED BY OTHER NONFARM NONRESIDENTIAL PROP,,,rc_n_past_due.csv,,,,,,
pd30_farmland_modified,base,True,HC-N,stock,thousands_usd,any,BHDMK130,all,,,ITEMIZE LOAN MODIFICATIONS TO BORROWERS EXPERIENCING FINANCIAL DIFFICULTY SECURED BY FARMLAND IN DOMESTIC OFFICES INCL,,,rc_n_past_due.csv,37072.0,0.1962,2011Q1,2026Q2,0.993,167308.0
pd90_farmland_modified,base,True,HC-N,stock,thousands_usd,any,BHDMK131,all,,,ITEMIZE LOAN MODIFICATIONS TO BORROWERS EXPERIENCING FINANCIAL DIFFICULTY SECURED BY FARMLAND IN DOMESTIC OFFICES INCL,,,rc_n_past_due.csv,37072.0,0.1962,2011Q1,2026Q2,0.9976,112386.0
na_farmland_modified,base,True,HC-N,stock,thousands_usd,any,BHDMK132,all,,,ITEMIZE LOAN MODIFICATIONS TO BORROWERS EXPERIENCING FINANCIAL DIFFICULTY SECURED BY FARMLAND IN DOMESTIC OFFICES INCL,,,rc_n_past_due.csv,37072.0,0.1962,2011Q1,2026Q2,0.9301,5843965.0
pd30_depinst_5377,base,True,HC-N,stock,thousands_usd,any,BHCK5377,all,,,LOANS TO DEPOSITORY INSTITUTIONS AND ACCEPTANCES OF OTHER BANKS: TO U.S. BANKS AND OTHER U.S. DEPOSITORY INSTITUTIONS - PAST DUE 30 THROUGH 89 DAYS AND STILL ACCRUING,,,rc_n_past_due.csv,100622.0,0.5326,2001Q1,2026Q2,0.9964,802169.0
pd30_depinst_5380,base,True,HC-N,stock,thousands_usd,any,BHCK5380,all,,,LOANS TO DEPOSITORY INSTITUTIONS AND ACCEPTANCES OF OTHER BANKS: TO FOREIGN BANKS - PAST DUE 30 THROUGH 89 DAYS AND STILL ACCRUING,,,rc_n_past_due.csv,100621.0,0.5326,2001Q1,2026Q2,0.9972,2697190.0
pd90_depinst_5378,base,True,HC-N,stock,thousands_usd,any,BHCK5378,all,,,LOANS TO DEPOSITORY INSTITUTIONS AND ACCEPTANCES OF OTHER BANKS: TO U.S. BANKS AND OTHER U.S. DEPOSITORY INSTITUTIONS - PAST DUE 90 DAYS OR MORE AND STILL ACCRUING,,,rc_n_past_due.csv,161806.0,0.8565,1991Q1,2026Q2,0.9981,367673.0
pd90_depinst_5381,base,True,HC-N,stock,thousands_usd,any,BHCK5381,all,,,LOANS TO DEPOSITORY INSTITUTIONS AND ACCEPTANCES OF OTHER BANKS: TO FOREIGN BANKS - PAST DUE 90 DAYS OR MORE AND STILL ACCRUING,,,rc_n_past_due.csv,161647.0,0.8557,1991Q1,2026Q2,0.9983,1058698.0
pd30_lease_f166,base,True,HC-N,stock,thousands_usd,any,BHCKF166,all,,,LEASES TO INDIVIDUALS FOR HOUSEHOLD; FAMILY; AND OTHER PERSONAL EXPENDITURES; PAST DUE 30-89 DAYS,,,rc_n_past_due.csv,51145.0,0.2707,2007Q1,2026Q2,0.9823,5534230.0
pd30_lease_f169,base,True,HC-N,stock,thousands_usd,any,BHCKF169,all,,,ALL OTHER LEASES; PAST DUE 30-89 DAYS AND STILL ACCRUING,,,rc_n_past_due.csv,51145.0,0.2707,2007Q1,2026Q2,0.8841,58536244.0
pd90_lease_f167,base,True,HC-N,stock,thousands_usd,any,BHCKF167,all,,,LEASES TO INDIVIDUALS FOR HOUSEHOLD; FAMILY; AND OTHER PERSONAL EXPENDITURES; PAST DUE 90 OR MORE DAYS AND STILL ACCRUING,,,rc_n_past_due.csv,51145.0,0.2707,2007Q1,2026Q2,0.9942,308908.0
pd90_lease_f170,base,True,HC-N,stock,thousands_usd,any,BHCKF170,all,,,ALL OTHER LEASES; PAST DUE 90 OR MORE DAYS AND STILL ACCRUING,,,rc_n_past_due.csv,51145.0,0.2707,2007Q1,2026Q2,0.9531,5387805.0
na_consumer_oth_b580,base,False,HC-N,stock,thousands_usd,any,BHCKB580,all,,,LOANS TO INDIVIDUALS FOR HOUSEHOLD; FAMILY; AND OTHER PERSONAL EXPENDITURES: OTHER - NONACCRUAL,,,rc_n_past_due.csv,,,,,,
na_consumer_oth_5388,base,False,HC-N,stock,thousands_usd,any,BHCK5388,all,,,LOANS TO INDIVIDUALS FOR HOUSEHOLD; FAMILY; AND OTHER PERSONAL EXPENDITURES: OTHER (INCLUDING SINGLE PAYMENT; INSTALLMENT; AND ALL STUDENT LOANS) - NONACCRUAL,,,rc_n_past_due.csv,,,,,,
na_consumer_tot,derived,True,HC-N,stock,thousands_usd,any,,,,,"Total consumer (loans to individuals) nonaccrual, consistent across the 2001 and 2011 splits: credit cards + automobile + other from 2011; credit cards + other 2001-2010 (equals the FDIC-derived RCFD1981 for 100% of banks); for 031 filers before 2001, credit cards and related plans (5385) + other (5388). Blank before 2001 for other filers, which reported only the credit-card line. -3.2% over the same banks at 2011Q1.",(na_cc + na_auto + na_indiv).fillna(na_cc + na_consumer_oth_b580).fillna(na_cc_5385 + na_consumer_oth_5388),na_auto na_cc na_cc_5385 na_consumer_oth_5388 na_consumer_oth_b580 na_indiv,rc_n_past_due.csv,161969.0,0.8574,1991Q1,2026Q2,0.2995,742541968.0
na_consumer_noncc,derived,True,HC-N,stock,thousands_usd,any,,,,,"Consumer loans other than credit cards, nonaccrual. From 2011Q1: automobile + other consumer; 2001Q1-2010Q4: the single other-consumer line RCONB580 (RCFDB580). Every pre-2011 mismatch against the reported total equalled this line exactly.",(na_auto + na_indiv).fillna(na_consumer_oth_b580),na_auto na_consumer_oth_b580 na_indiv,rc_n_past_due.csv,101027.0,0.5348,2001Q1,2026Q2,0.3124,509857175.0
pd30_othln_leases_itemized,derived,True,HC-N,stock,thousands_usd,any,,,,,"All other loans and leases, past due 30 through 89 days and still accruing: the RC-N memorandum itemisation summed across loans to depository institutions, loans to foreign governments, other loans and lease financing receivables. Two parallel code blocks (K091-K101/K269-K272 and K134-K136/K283-K288) carry this memorandum; both are summed because they are near-disjoint in practice -- of ~2,700 populated bank-quarters only 29 report in both, and where both are populated the values differ, so they are distinct itemisations rather than duplicate filings. Memo item only: already included in the loan totals above. Collected 2011Q1-2016Q2.",(pd30_depinst_a.fillna(0) + pd30_forgovt_a.fillna(0) + pd30_othln_a.fillna(0) + pd30_lease_a.fillna(0) + pd30_depinst_b.fillna(0) + pd30_forgovt_b.fillna(0) + pd30_othln_b.fillna(0)).where(pd30_depinst_a.notna() | pd30_forgovt_a.notna() | pd30_othln_a.notna() | pd30_lease_a.notna() | pd30_depinst_b.notna() | pd30_forgovt_b.notna() | pd30_othln_b.notna()),pd30_depinst_a pd30_depinst_b pd30_forgovt_a pd30_forgovt_b pd30_lease_a pd30_othln_a pd30_othln_b,rc_n_past_due.csv,21886.0,0.1159,2011Q1,2016Q2,0.9931,1661516.0
pd90_othln_leases_itemized,derived,True,HC-N,stock,thousands_usd,any,,,,,"All other loans and leases, past due 90 days or more and still accruing: the RC-N memorandum itemisation summed across loans to depository institutions, loans to foreign governments, other loans and lease financing receivables. Two parallel code blocks (K091-K101/K269-K272 and K134-K136/K283-K288) carry this memorandum; both are summed because they are near-disjoint in practice -- of ~2,700 populated bank-quarters only 29 report in both, and where both are populated the values differ, so they are distinct itemisations rather than duplicate filings. Memo item only: already included in the loan totals above. Collected 2011Q1-2016Q2.",(pd90_depinst_a.fillna(0) + pd90_forgovt_a.fillna(0) + pd90_othln_a.fillna(0) + pd90_lease_a.fillna(0) + pd90_depinst_b.fillna(0) + pd90_forgovt_b.fillna(0) + pd90_othln_b.fillna(0)).where(pd90_depinst_a.notna() | pd90_forgovt_a.notna() | pd90_othln_a.notna() | pd90_lease_a.notna() | pd90_depinst_b.notna() | pd90_forgovt_b.notna() | pd90_othln_b.notna()),pd90_depinst_a pd90_depinst_b pd90_forgovt_a pd90_forgovt_b pd90_lease_a pd90_othln_a pd90_othln_b,rc_n_past_due.csv,21886.0,0.1159,2011Q1,2016Q2,0.995,1247388.0
na_othln_leases_itemized,derived,True,HC-N,stock,thousands_usd,any,,,,,"All other loans and leases, nonaccrual: the RC-N memorandum itemisation summed across loans to depository institutions, loans to foreign governments, other loans and lease financing receivables. Two parallel code blocks (K091-K101/K269-K272 and K134-K136/K283-K288) carry this memorandum; both are summed because they are near-disjoint in practice -- of ~2,700 populated bank-quarters only 29 report in both, and where both are populated the values differ, so they are distinct itemisations rather than duplicate filings. Memo item only: already included in the loan totals above. Collected 2011Q1-2016Q2.",(na_depinst_a.fillna(0) + na_forgovt_a.fillna(0) + na_othln_a.fillna(0) + na_lease_a.fillna(0) + na_depinst_b.fillna(0) + na_forgovt_b.fillna(0) + na_othln_b.fillna(0)).where(na_depinst_a.notna() | na_forgovt_a.notna() | na_othln_a.notna() | na_lease_a.notna() | na_depinst_b.notna() | na_forgovt_b.notna() | na_othln_b.notna()),na_depinst_a na_depinst_b na_forgovt_a na_forgovt_b na_lease_a na_othln_a na_othln_b,rc_n_past_due.csv,21886.0,0.1159,2011Q1,2016Q2,0.9783,24324659.0
pd30_nfnres_modified,derived,True,HC-N,stock,thousands_usd,any,,,,,"Modified loans secured by nonfarm nonresidential properties, past due 30 through 89 days and still accruing: owner-occupied plus other nonfarm nonresidential. Loan modifications to borrowers experiencing financial difficulty (troubled debt restructurings before ASU 2022-02). Collected from 2011Q1.",(pd30_nfnres_owner.fillna(0) + pd30_nfnres_oth.fillna(0)).where(pd30_nfnres_owner.notna() | pd30_nfnres_oth.notna()),pd30_nfnres_oth pd30_nfnres_owner,rc_n_past_due.csv,37073.0,0.1962,2011Q1,2026Q2,0.8688,12506313.0
pd90_nfnres_modified,derived,True,HC-N,stock,thousands_usd,any,,,,,"Modified loans secured by nonfarm nonresidential properties, past due 90 days or more and still accruing: owner-occupied plus other nonfarm nonresidential. Loan modifications to borrowers experiencing financial difficulty (troubled debt restructurings before ASU 2022-02). Collected from 2011Q1.",(pd90_nfnres_owner.fillna(0) + pd90_nfnres_oth.fillna(0)).where(pd90_nfnres_owner.notna() | pd90_nfnres_oth.notna()),pd90_nfnres_oth pd90_nfnres_owner,rc_n_past_due.csv,37074.0,0.1962,2011Q1,2026Q2,0.9729,4089982.0
na_nfnres_modified,derived,True,HC-N,stock,thousands_usd,any,,,,,"Modified loans secured by nonfarm nonresidential properties, nonaccrual: owner-occupied plus other nonfarm nonresidential. Loan modifications to borrowers experiencing financial difficulty (troubled debt restructurings before ASU 2022-02). Collected from 2011Q1.",(na_nfnres_owner.fillna(0) + na_nfnres_oth.fillna(0)).where(na_nfnres_owner.notna() | na_nfnres_oth.notna()),na_nfnres_oth na_nfnres_owner,rc_n_past_due.csv,37077.0,0.1963,2011Q1,2026Q2,0.4114,223877175.0
tier1_capital_baselI,base,False,HC-R-I,stock,thousands_usd,any,BHCK8274,all,,,TIER 1 CAPITAL ALLOWABLE UNDER THE RISK-BASED CAPITAL GUIDELINES,,,rc_r_capital.csv,,,,,,
tier2_capital_baselI,base,False,HC-R-I,stock,thousands_usd,any,BHCK5311,all,,,TIER 2 (SUPPLEMENTARY) CAPITAL,,,rc_r_capital.csv,,,,,,
rwa_baselI,base,False,HC-R-I,stock,thousands_usd,any,BHCKA223,all,,,RISK-WEIGHTED ASSETS (NET OF ALLOWANCES AND OTHER DEDUCTIONS),,,rc_r_capital.csv,,,,,,
leverage_ratio_rep_pre15,base,False,HC-R-I,stock,thousands_usd,any,BHCK7204,all,,,TIER 1 LEVERAGE CAPITAL RATIO,,,rc_r_capital.csv,,,,,,
leverage_ratio_rep_post15,base,False,HC-R-I,stock,thousands_usd,any,BHCA7204,all,,,"TIER 1 LEVERAGE CAPITAL RATIO as filed, Basel III: fraction for the 2014 early adopters, percent from 2015Q1",,,rc_r_capital.csv,,,,,,
total_rbc_ratio_rep_pre15,base,False,HC-R-I,stock,thousands_usd,any,BHCK7205,all,,,TOTAL RISK-BASED CAPITAL RATIO,,,rc_r_capital.csv,,,,,,
total_rbc_ratio_rep_post15,base,False,HC-R-I,stock,thousands_usd,any,BHCA7205,all,,,"TOTAL RISK-BASED CAPITAL RATIO as filed, Basel III: fraction in 2014 (early adopters), percent from 2015Q1",,,rc_r_capital.csv,,,,,,
tier1_rbc_ratio_rep_pre15,base,False,HC-R-I,stock,thousands_usd,any,BHCK7206,all,,,TIER 1 RISK-BASED CAPITAL RATIO,,,rc_r_capital.csv,,,,,,
tier1_rbc_ratio_rep_post15,base,False,HC-R-I,stock,thousands_usd,any,BHCA7206,all,,,"TIER 1 RISK-BASED CAPITAL RATIO as filed, Basel III: fraction in 2014 (early adopters), percent from 2015Q1",,,rc_r_capital.csv,,,,,,
cet1_ratio_rep_raw,base,False,HC-R-I,stock,thousands_usd,any,BHCAP793,all,,,"COMMON EQUITY TIER 1 CAPITAL RATIO as filed: the 12 advanced-approaches early adopters in 2014 in fractions, everyone from 2015Q1 in percent",,,rc_r_capital.csv,,,,,,
rwa_before_excess_allowance,base,True,HC-R-I,stock,thousands_usd,any,BHCKB704,all,,,RISK-WEIGHTED ASSETS BEFORE DEDUCTIONS FOR EXCESS ALLOWANCE FOR LOAN AND LEASE LOSSES AND ALLOCATED TRANSFER RISK RESERVE - 100%,,,rc_r_capital.csv,98119.0,0.5194,2001Q1,2026Q2,0.0016,1130543182233.0
rwa_bucket_0pct_baselI,base,True,HC-R-I,stock,thousands_usd,any,BHCKB700,all,,,RISK-WEIGHTED ASSETS BY RISK WEIGHT CATEGORY - 0%,,,rc_r_capital.csv,77520.0,0.4103,2001Q1,2014Q4,1.0,0.0
rwa_bucket_20pct_baselI,base,True,HC-R-I,stock,thousands_usd,any,BHCKB701,all,,,RISK-WEIGHTED ASSETS BY RISK WEIGHT CATEGORY - 20%,,,rc_r_capital.csv,78014.0,0.413,2001Q1,2014Q4,0.0029,37814042573.0
rwa_bucket_50pct_baselI,base,True,HC-R-I,stock,thousands_usd,any,BHCKB702,all,,,RISK-WEIGHTED ASSETS BY RISK WEIGHT CATEGORY - 50%,,,rc_r_capital.csv,78010.0,0.4129,2001Q1,2014Q4,0.0043,53013173749.0
rwa_bucket_100pct_baselI,base,True,HC-R-I,stock,thousands_usd,any,BHCKB703,all,,,RISK-WEIGHTED ASSETS BY RISK WEIGHT CATEGORY - 100%,,,rc_r_capital.csv,78020.0,0.413,2001Q1,2014Q4,0.0018,382804584181.0
tier1_capital_baselIII,base,False,HC-R-I,stock,thousands_usd,any,BHCA8274,all,,,TIER 1 CAPITAL ALLOWABLE UNDER THE RISK-BASED CAPITAL GUIDELINES,,,rc_r_capital.csv,,,,,,
tier2_capital_baselIII,base,False,HC-R-I,stock,thousands_usd,any,BHCA5311,all,,,TIER 2 (SUPPLEMENTARY) CAPITAL,,,rc_r_capital.csv,,,,,,
rwa_baselIII,base,False,HC-R-I,stock,thousands_usd,any,BHCAA223,all,,,RISK-WEIGHTED ASSETS (NET OF ALLOWANCES AND OTHER DEDUCTIONS),,,rc_r_capital.csv,,,,,,
cet1_common_stock_surplus,base,True,HC-R-I,stock,thousands_usd,any,BHCAP742,all,,,COMMON EQUITY TIER 1 CAPITAL: COMMON STOCK PLUS RELATED SURPLUS; NET OF TREASURY STOCK AND UNEARNED EMPLOYEE STOCK OWN,,,rc_r_capital.csv,20788.0,0.11,2014Q1,2026Q2,0.0237,34134730218.0
cet1_minority_interest,base,True,HC-R-I,stock,thousands_usd,any,BHCAP839,all,,,COMMON EQUITY TIER 1 MINORITY INTEREST INCLUDABLE IN COMMON EQUITY TIER 1 CAPITAL,,,rc_r_capital.csv,20783.0,0.11,2014Q1,2026Q2,0.9632,107470651.0
cet1_adjustments_deductions_p858,base,False,HC-R-I,stock,thousands_usd,any,BHCAP858,all,,,TOTAL ADJUSTMENTS AND DEDUCTIONS FOR COMMON EQUITY TIER 1 CAPITAL,,,rc_r_capital.csv,,,,,,
cet1_adjustments_deductions_aa,base,False,HC-R-I,stock,thousands_usd,any,BHCWP858,all,,,"TOTAL ADJUSTMENTS AND DEDUCTIONS FOR COMMON EQUITY TIER 1 CAPITAL -- advanced approaches institutions' column (RCFW) on the 031, from 2020Q1",,,rc_r_capital.csv,,,,,,
tier1_minority_interest_not_cet1,base,True,HC-R-I,stock,thousands_usd,any,BHCAP862,all,,,TIER 1 MINORITY INTEREST NOT INCLUDED IN COMMON EQUITY TIER 1 CAPITAL,,,rc_r_capital.csv,20780.0,0.11,2014Q1,2026Q2,0.8984,198355697.0
cet1_adjustments_deductions,derived,True,HC-R-I,stock,thousands_usd,any,,,,,"Total adjustments and deductions for common equity tier 1 capital: RCFAP858 (031) / RCOAP858 (041, 051); from 2020Q1 advanced approaches institutions on the 031 file the line in their own column (RCFWP858) instead. The two are never filed together and cover every 031 filer.",cet1_adjustments_deductions_p858.fillna(cet1_adjustments_deductions_aa),cet1_adjustments_deductions_aa cet1_adjustments_deductions_p858,rc_r_capital.csv,20777.0,0.11,2014Q1,2026Q2,0.9029,304181534.0
tier1_capital,derived,True,HC-R-I,stock,thousands_usd,any,,,,,Tier 1 capital on a consistent basis; Basel III (RCOA8274) from 2015Q1 falling back to Basel I (RCFD8274) before,tier1_capital_baselIII.fillna(tier1_capital_baselI),tier1_capital_baselI tier1_capital_baselIII,rc_r_capital.csv,128597.0,0.6807,1996Q1,2026Q2,0.0026,148140761631.0
tier2_capital,derived,True,HC-R-I,stock,thousands_usd,any,,,,,Tier 2 capital on a consistent basis across the Basel I / Basel III change,tier2_capital_baselIII.fillna(tier2_capital_baselI),tier2_capital_baselI tier2_capital_baselIII,rc_r_capital.csv,98164.0,0.5196,2001Q1,2026Q2,0.0034,27849972460.0
rwa,derived,True,HC-R-I,stock,thousands_usd,any,,,,,Risk-weighted assets on a consistent basis across the Basel I / Basel III change,rwa_baselIII.fillna(rwa_baselI),rwa_baselI rwa_baselIII,rc_r_capital.csv,127989.0,0.6775,1996Q1,2026Q2,0.0029,1210312006322.0
total_capital,derived,True,HC-R-I,stock,thousands_usd,any,,,,,Total regulatory capital: tier 1 plus tier 2,tier1_capital + tier2_capital,tier1_capital tier2_capital,rc_r_capital.csv,98143.0,0.5195,2001Q1,2026Q2,0.0013,168204975757.0
tier1_rbc_ratio,derived,True,HC-R-I,rate,ratio,any,,,,,Tier 1 risk-based capital ratio; COMPUTED as tier 1 capital over risk-weighted assets (the primary series; the reported ratio changes units across eras and is published separately as tier1_rbc_ratio_reported); see docs/schedules/RC-R-I.md,tier1_capital / rwa,rwa tier1_capital,rc_r_capital.csv,127612.0,0.6755,1996Q1,2026Q2,0.0,18004.0
total_rbc_ratio,derived,True,HC-R-I,rate,ratio,any,,,,,Total risk-based capital ratio; COMPUTED as total capital over risk-weighted assets,total_capital / rwa,rwa total_capital,rc_r_capital.csv,97961.0,0.5186,2001Q1,2026Q2,0.0,14808.0
cet1_ratio,derived,True,HC-R-I,rate,ratio,any,,,,,Common equity tier 1 ratio; COMPUTED as cet1 over risk-weighted assets. Basel III only; so NaN before 2015Q1,cet1 / rwa,cet1 rwa,rc_r_capital.csv,20147.0,0.1066,2014Q1,2026Q2,0.0,2708.0
leverage_ratio_reported_uncorrected,derived,True,HC-R-I,rate,ratio,any,,,,,"Tier 1 leverage ratio as filed, one unit (fraction) across the source eras, BEFORE the filer unit-error correction (published so the correction is auditable): RCFD7204 (fraction; percent 2008Q4-2010Q4) else RCFA/RCOA7204 (fraction when filed by the 2014 Basel III early adopters, percent from 2015Q1). Y-9C: BHCK7204 (to 2014) and BHCA7204 (2014 early adopters and 2015-) are filed in PERCENT in every quarter, so the whole series is rescaled by 1/100 (no Chicago-Fed fraction era, and the BHCA early-adopter filings are percent, unlike the Call Report's).",leverage_ratio_rep_pre15.fillna(leverage_ratio_rep_post15) / 100,leverage_ratio_rep_post15 leverage_ratio_rep_pre15,rc_r_capital.csv,98968.0,0.5239,2001Q1,2026Q2,0.0035,9641.0
leverage_ratio_reported,derived,True,HC-R-I,rate,ratio,any,,,,,"Tier 1 leverage ratio AS REPORTED, as a FRACTION across every era (Basel I definition to 2014, Basel III after; the 2014 early adopters file Basel III). Filer unit errors are corrected: where the filed value is 30-300x (or 1/300-1/30 of) the ratio implied by the bank's own amounts (tier1_capital / assets) it is rescaled by 100; capital_ratio_unit_corrected counts the corrections in the row. See docs/schedules/RC-R-I.md.","leverage_ratio_reported_uncorrected.where(~((leverage_ratio_reported_uncorrected.abs() >= 30 * (tier1_capital / assets).abs()) & (leverage_ratio_reported_uncorrected.abs() <= 300 * (tier1_capital / assets).abs())), leverage_ratio_reported_uncorrected / 100).where(~((leverage_ratio_reported_uncorrected.abs() * 30 <= (tier1_capital / assets).abs()) & (leverage_ratio_reported_uncorrected.abs() * 300 >= (tier1_capital / assets).abs())), leverage_ratio_reported_uncorrected * 100)",assets leverage_ratio_reported_uncorrected tier1_capital,rc_r_capital.csv,98968.0,0.5239,2001Q1,2026Q2,0.0035,9478.0
leverage_ratio_reported_baselI,derived,True,HC-R-I,rate,ratio,any,,,,,"Tier 1 leverage ratio as reported under Basel I (RCFD7204, 2001Q1-2014Q4) as a fraction, unit errors corrected; the 1.0 name, kept. Blank where the bank filed the Basel III code instead (the 2014 early adopters).",leverage_ratio_reported.where(leverage_ratio_rep_pre15.notna()),leverage_ratio_rep_pre15 leverage_ratio_reported,rc_r_capital.csv,78179.0,0.4138,2001Q1,2014Q4,0.0044,7277.0
tier1_rbc_ratio_reported_uncorrected,derived,True,HC-R-I,rate,ratio,any,,,,,"Tier 1 risk-based capital ratio as filed, one unit (fraction) across the source eras, BEFORE the filer unit-error correction (published so the correction is auditable): RCFD7206 (fraction; percent 2008Q4-2010Q4) else RCFA/RCOA7206 (fraction when filed by the 2014 Basel III early adopters, percent from 2015Q1). Y-9C: BHCK7206 (to 2014) and BHCA7206 (2014 early adopters and 2015-) are filed in PERCENT in every quarter, so the whole series is rescaled by 1/100 (no Chicago-Fed fraction era, and the BHCA early-adopter filings are percent, unlike the Call Report's).",tier1_rbc_ratio_rep_pre15.fillna(tier1_rbc_ratio_rep_post15) / 100,tier1_rbc_ratio_rep_post15 tier1_rbc_ratio_rep_pre15,rc_r_capital.csv,98339.0,0.5206,2001Q1,2026Q2,0.0038,13499.0
tier1_rbc_ratio_reported,derived,True,HC-R-I,rate,ratio,any,,,,,"Tier 1 risk-based capital ratio AS REPORTED, as a FRACTION across every era (Basel I definition to 2014, Basel III after; the 2014 early adopters file Basel III). Filer unit errors are corrected: where the filed value is 30-300x (or 1/300-1/30 of) the ratio implied by the bank's own amounts (tier1_rbc_ratio) it is rescaled by 100; capital_ratio_unit_corrected counts the corrections in the row. See docs/schedules/RC-R-I.md.","tier1_rbc_ratio_reported_uncorrected.where(~((tier1_rbc_ratio_reported_uncorrected.abs() >= 30 * (tier1_rbc_ratio).abs()) & (tier1_rbc_ratio_reported_uncorrected.abs() <= 300 * (tier1_rbc_ratio).abs())), tier1_rbc_ratio_reported_uncorrected / 100).where(~((tier1_rbc_ratio_reported_uncorrected.abs() * 30 <= (tier1_rbc_ratio).abs()) & (tier1_rbc_ratio_reported_uncorrected.abs() * 300 >= (tier1_rbc_ratio).abs())), tier1_rbc_ratio_reported_uncorrected * 100)",tier1_rbc_ratio tier1_rbc_ratio_reported_uncorrected,rc_r_capital.csv,98339.0,0.5206,2001Q1,2026Q2,0.0038,13300.0
tier1_rbc_ratio_reported_baselI,derived,True,HC-R-I,rate,ratio,any,,,,,"Tier 1 risk-based capital ratio as reported under Basel I (RCFD7206, 2001Q1-2014Q4) as a fraction, unit errors corrected; the 1.0 name, kept. Blank where the bank filed the Basel III code instead (the 2014 early adopters).",tier1_rbc_ratio_reported.where(tier1_rbc_ratio_rep_pre15.notna()),tier1_rbc_ratio_rep_pre15 tier1_rbc_ratio_reported,rc_r_capital.csv,78177.0,0.4138,2001Q1,2014Q4,0.0045,10344.0
total_rbc_ratio_reported_uncorrected,derived,True,HC-R-I,rate,ratio,any,,,,,"Total risk-based capital ratio as filed, one unit (fraction) across the source eras, BEFORE the filer unit-error correction (published so the correction is auditable): RCFD7205 (fraction; percent 2008Q4-2010Q4) else RCFA/RCOA7205 (fraction when filed by the 2014 Basel III early adopters, percent from 2015Q1). Y-9C: BHCK7205 (to 2014) and BHCA7205 (2014 early adopters and 2015-) are filed in PERCENT in every quarter, so the whole series is rescaled by 1/100 (no Chicago-Fed fraction era, and the BHCA early-adopter filings are percent, unlike the Call Report's).",total_rbc_ratio_rep_pre15.fillna(total_rbc_ratio_rep_post15) / 100,total_rbc_ratio_rep_post15 total_rbc_ratio_rep_pre15,rc_r_capital.csv,98339.0,0.5206,2001Q1,2026Q2,0.0038,15037.0
total_rbc_ratio_reported,derived,True,HC-R-I,rate,ratio,any,,,,,"Total risk-based capital ratio AS REPORTED, as a FRACTION across every era (Basel I definition to 2014, Basel III after; the 2014 early adopters file Basel III). Filer unit errors are corrected: where the filed value is 30-300x (or 1/300-1/30 of) the ratio implied by the bank's own amounts (total_rbc_ratio) it is rescaled by 100; capital_ratio_unit_corrected counts the corrections in the row. See docs/schedules/RC-R-I.md.","total_rbc_ratio_reported_uncorrected.where(~((total_rbc_ratio_reported_uncorrected.abs() >= 30 * (total_rbc_ratio).abs()) & (total_rbc_ratio_reported_uncorrected.abs() <= 300 * (total_rbc_ratio).abs())), total_rbc_ratio_reported_uncorrected / 100).where(~((total_rbc_ratio_reported_uncorrected.abs() * 30 <= (total_rbc_ratio).abs()) & (total_rbc_ratio_reported_uncorrected.abs() * 300 >= (total_rbc_ratio).abs())), total_rbc_ratio_reported_uncorrected * 100)",total_rbc_ratio total_rbc_ratio_reported_uncorrected,rc_r_capital.csv,98339.0,0.5206,2001Q1,2026Q2,0.0038,14798.0
total_rbc_ratio_reported_baselI,derived,True,HC-R-I,rate,ratio,any,,,,,"Total risk-based capital ratio as reported under Basel I (RCFD7205, 2001Q1-2014Q4) as a fraction, unit errors corrected; the 1.0 name, kept. Blank where the bank filed the Basel III code instead (the 2014 early adopters).",total_rbc_ratio_reported.where(total_rbc_ratio_rep_pre15.notna()),total_rbc_ratio_rep_pre15 total_rbc_ratio_reported,rc_r_capital.csv,78177.0,0.4138,2001Q1,2014Q4,0.0045,11515.0
cet1_ratio_reported_uncorrected,derived,True,HC-R-I,rate,ratio,any,,,,,"CET1 ratio as filed (RCFA/RCOA P793) as a fraction, before the unit-error correction: the 2014 early adopters file fractions, everyone from 2015Q1 percent. Y-9C: BHCAP793 is percent in every quarter including 2014; rescaled by 1/100.",cet1_ratio_rep_raw / 100,cet1_ratio_rep_raw,rc_r_capital.csv,20164.0,0.1067,2014Q1,2026Q2,0.0008,2721.0
cet1_ratio_reported,derived,True,HC-R-I,rate,ratio,any,,,,,"Common equity tier 1 ratio AS REPORTED (RCFA/RCOA P793) as a fraction, 2014 early adopters and everyone from 2015Q1; filer unit errors corrected against cet1_ratio (see leverage_ratio_reported).","cet1_ratio_reported_uncorrected.where(~((cet1_ratio_reported_uncorrected.abs() >= 30 * (cet1_ratio).abs()) & (cet1_ratio_reported_uncorrected.abs() <= 300 * (cet1_ratio).abs())), cet1_ratio_reported_uncorrected / 100).where(~((cet1_ratio_reported_uncorrected.abs() * 30 <= (cet1_ratio).abs()) & (cet1_ratio_reported_uncorrected.abs() * 300 >= (cet1_ratio).abs())), cet1_ratio_reported_uncorrected * 100)",cet1_ratio cet1_ratio_reported_uncorrected,rc_r_capital.csv,20164.0,0.1067,2014Q1,2026Q2,0.0008,2709.0
capital_ratio_unit_corrected,derived,True,HC-R-I,rate,ratio,any,,,,,"Number of the four reported capital ratios (leverage, tier 1, total, CET1) in this row whose filed value was rescaled by 100 as a filer unit error (0 = none). Blank where no reported ratio was filed.",(((leverage_ratio_reported != leverage_ratio_reported_uncorrected) & leverage_ratio_reported_uncorrected.notna()) * 1 + ((tier1_rbc_ratio_reported != tier1_rbc_ratio_reported_uncorrected) & tier1_rbc_ratio_reported_uncorrected.notna()) * 1 + ((total_rbc_ratio_reported != total_rbc_ratio_reported_uncorrected) & total_rbc_ratio_reported_uncorrected.notna()) * 1 + ((cet1_ratio_reported != cet1_ratio_reported_uncorrected) & cet1_ratio_reported_uncorrected.notna()) * 1).where(leverage_ratio_reported_uncorrected.notna() | tier1_rbc_ratio_reported_uncorrected.notna() | cet1_ratio_reported_uncorrected.notna()),cet1_ratio_reported cet1_ratio_reported_uncorrected leverage_ratio_reported leverage_ratio_reported_uncorrected tier1_rbc_ratio_reported tier1_rbc_ratio_reported_uncorrected total_rbc_ratio_reported total_rbc_ratio_reported_uncorrected,rc_r_capital.csv,98968.0,0.5239,2001Q1,2026Q2,0.9996,83.0
equity_end,base,True,HI-A,stock,thousands_usd,any,BHCK3210,all,,,TOTAL EQUITY CAPITAL,,,ri_a_equity.csv,188913.0,1.0,1986Q3,2026Q2,0.0,204418449423.0
equity_prev_yearend,base,True,HI-A,stock,thousands_usd,any,BHCK3217,all,,,EQUITY CAPITAL; MOST RECENTLY REPORTED FOR THE END OF PREVIOUS CALENDAR YEAR (I.E.; AFTER ADJUSTMENTS FROM AMENDED REPORTS OF INCOME),,,ri_a_equity.csv,188906.0,1.0,1986Q3,2026Q2,0.0059,194666540265.0
equity_prev_yearend_restated,base,True,HI-A,stock,thousands_usd,any,BHCKB508,all,,,BALANCE END OF PREVIOUS CALENDAR YEAR AS RESTATED,,,ri_a_equity.csv,101226.0,0.5358,2001Q1,2026Q2,0.0037,176235461662.0
ytd_oth_comprehensive_income,base,True,HI-A,ytd,thousands_usd,any,BHCKB511,all,,,OTHER COMPREHENSIVE INCOME,,,ri_a_equity.csv,101216.0,0.5358,2001Q1,2026Q2,0.0183,-410413448.0
ytd_div_common,base,True,HI-A,ytd,thousands_usd,any,BHCK4460,all,,,CASH DIVIDENDS DECLARED ON COMMON STOCK,,,ri_a_equity.csv,188159.0,0.996,1986Q3,2026Q2,0.3398,4224532240.0
ytd_div_preferred,base,True,HI-A,ytd,thousands_usd,any,BHCK4598,all,,,LESS: CASH DIVIDENDS DECLARED ON PERPETUAL PREFERRED STOCK,,,ri_a_equity.csv,187101.0,0.9904,1986Q3,2026Q2,0.8756,504651886.0
ytd_div_tot,derived,True,HI-A,ytd,thousands_usd,any,,,,,Cash dividends declared on common and preferred stock,ytd_div_common + ytd_div_preferred,ytd_div_common ytd_div_preferred,ri_a_equity.csv,187017.0,0.99,1986Q3,2026Q2,0.2974,4725479264.0
ytd_co_farmland,base,True,HI-B,ytd,thousands_usd,nonneg,BHCK3584,all,,,CHARGE-OFFS ON LOANS SECURED BY FARMLAND,,,ri_b_chargeoffs.csv,164597.0,0.8713,1990Q3,2026Q2,0.9075,4919495.0
ytd_rec_farmland,base,True,HI-B,ytd,thousands_usd,any,BHCK3585,all,,,RECOVERIES ON LOANS SECURED BY FARMLAND,,,ri_b_chargeoffs.csv,164614.0,0.8714,1990Q3,2026Q2,0.9015,1431565.0
ytd_co_multifam,base,True,HI-B,ytd,thousands_usd,nonneg,BHCK3588,all,,,CHARGE-OFFS ON LOANS SECURED BY MULTIFAMILY (5 OR MORE) RESIDENTIAL PROPERTIES,,,ri_b_chargeoffs.csv,164615.0,0.8714,1990Q3,2026Q2,0.8787,31130295.0
ytd_rec_multifam,base,True,HI-B,ytd,thousands_usd,any,BHCK3589,all,,,RECOVERIES ON LOANS SECURED BY MULTIFAMILY (5 OR MORE) RESIDENTIAL PROPERTIES,,,ri_b_chargeoffs.csv,164595.0,0.8713,1990Q3,2026Q2,0.8913,4856906.0
ytd_co_depinst,base,True,HI-B,ytd,thousands_usd,nonneg,BHCK4654,all,,,CHARGE-OFFS ON LOANS TO DEPOSITORY INSTITUTIONS AND ACCEPTANCES OF OTHER BANKS TO FOREIGN BANKS,,,ri_b_chargeoffs.csv,148490.0,0.786,1991Q1,2017Q4,0.9953,5212833.0
ytd_rec_depinst,base,True,HI-B,ytd,thousands_usd,any,BHCK4664,all,,,RECOVERIES ON LOANS TO DEPOSITORY INSTITUTIONS AND ACCEPTANCES OF OTHER BANKS TO FOREIGN BANKS,,,ri_b_chargeoffs.csv,148488.0,0.786,1991Q1,2017Q4,0.9936,1536071.0
ytd_rec_tot,base,True,HI-B,ytd,thousands_usd,any,BHCK4605,all,,,RECOVERIES ON ALLOWANCE FOR LOAN AND LEASE LOSSES,,,ri_b_chargeoffs.csv,188778.0,0.9993,1986Q3,2026Q2,0.0297,1278844548.0
ytd_rec_forgovt,base,True,HI-B,ytd,thousands_usd,any,BHCK4627,all,,,RECOVERIES ON LOANS TO FOREIGN GOVERNMENTS AND OFFICIAL INSTITUTIONS,,,ri_b_chargeoffs.csv,183100.0,0.9692,1986Q3,2026Q2,0.9883,6387299.0
ytd_rec_othln,base,True,HI-B,ytd,thousands_usd,any,BHCK4628,all,,,RECOVERIES ON ALL OTHER LOANS,,,ri_b_chargeoffs.csv,161913.0,0.8571,1991Q1,2026Q2,0.7412,35865857.0
ytd_co_tot,base,True,HI-B,ytd,thousands_usd,nonneg,BHCK4635,all,,,CHARGE-OFFS ON ALLOWANCE FOR LOAN AND LEASE LOSSES,,,ri_b_chargeoffs.csv,188804.0,0.9994,1986Q3,2026Q2,0.0267,6607367112.0
ytd_co_forgovt,base,True,HI-B,ytd,thousands_usd,nonneg,BHCK4643,all,,,CHARGE-OFFS ON LOANS TO FOREIGN GOVERNMENTS AND OFFICIAL INSTITUTIONS,,,ri_b_chargeoffs.csv,183106.0,0.9693,1986Q3,2026Q2,0.9898,57354843.0
ytd_co_othln,base,True,HI-B,ytd,thousands_usd,nonneg,BHCK4644,all,,,CHARGE-OFFS ON ALL OTHER LOANS,,,ri_b_chargeoffs.csv,161923.0,0.8571,1991Q1,2026Q2,0.7401,145420236.0
ytd_co_agprod,base,True,HI-B,ytd,thousands_usd,nonneg,BHCK4655,all,,,CHARGE-OFFS ON LOANS TO FINANCE AGRICULTURAL PRODUCTION AND OTHER LOANS TO FARMERS,,,ri_b_chargeoffs.csv,187305.0,0.9915,1986Q3,2026Q2,0.848,16194834.0
ytd_rec_agprod,base,True,HI-B,ytd,thousands_usd,any,BHCK4665,all,,,RECOVERIES ON LOANS TO FINANCE AGRICULTURAL PRODUCTION AND OTHER LOANS TO FARMERS,,,ri_b_chargeoffs.csv,187314.0,0.9915,1986Q3,2026Q2,0.8255,5484214.0
ytd_co_finance_cre,base,True,HI-B,ytd,thousands_usd,nonneg,BHCK5409,all,,,CHARGE-OFFS ON LOANS TO FINANCE COMMERCIAL REAL ESTATE; CONSTRUCTION; AND LAND DEVELOPMENT ACTIVITIES INCLUDED IN ITEMS 4645; 4646; AND 4644,,,ri_b_chargeoffs.csv,161392.0,0.8543,1991Q1,2026Q2,0.9474,19581844.0
ytd_rec_finance_cre,base,True,HI-B,ytd,thousands_usd,any,BHCK5410,all,,,RECOVERIES ON LOANS TO FINANCE COMMERCIAL REAL ESTATE; CONSTRUCTION; AND LAND DEVELOPMENT ACTIVITIES INCLUDED IN ITEMS 4617; 4618; AND 4628,,,ri_b_chargeoffs.csv,161373.0,0.8542,1991Q1,2026Q2,0.9444,3805037.0
ytd_co_heloc,base,True,HI-B,ytd,thousands_usd,nonneg,BHCK5411,all,,,CHARGE-OFFS ON REVOLVING; OPEN-END LOANS SECURED BY 1-4 FAMILY RESIDENTIAL PROPERTIES AND EXTENDED UNDER LINES OF CREDIT,,,ri_b_chargeoffs.csv,161545.0,0.8551,1991Q1,2026Q2,0.7333,261819175.0
ytd_rec_heloc,base,True,HI-B,ytd,thousands_usd,any,BHCK5412,all,,,RECOVERIES ON REVOLVING; OPEN-END LOANS SECURED BY 1-4 FAMILY RESIDENTIAL PROPERTIES AND EXTENDED UNDER LINES OF CREDIT,,,ri_b_chargeoffs.csv,161498.0,0.8549,1991Q1,2026Q2,0.7633,40375781.0
ytd_co_cc,base,True,HI-B,ytd,thousands_usd,nonneg,BHCKB514,all,,,CHARGE-OFFS ON LOANS TO CREDIT CARDS,,,ri_b_chargeoffs.csv,100856.0,0.5339,2001Q1,2026Q2,0.6584,2222041479.0
ytd_rec_cc,base,True,HI-B,ytd,thousands_usd,any,BHCKB515,all,,,RECOVERIES ON LOANS TO CREDIT CARDS,,,ri_b_chargeoffs.csv,100799.0,0.5336,2001Q1,2026Q2,0.6911,372033959.0
ytd_rec_famres_first,base,True,HI-B,ytd,thousands_usd,any,BHCKC217,all,,,RECOVERIES ON CLOSED-END LOANS SECURED BY 1-4 FAMILY RESIDENTIAL PROPERTIES:SECURED BY FIRST LIENS,,,ri_b_chargeoffs.csv,93536.0,0.4951,2002Q1,2026Q2,0.4547,44729053.0
ytd_rec_famres_junior,base,True,HI-B,ytd,thousands_usd,any,BHCKC218,all,,,RECOVERIES ON CLOSED-END LOANS SECURED BY 1-4 FAMILY RESIDENTIAL PROPERTIES:SECURED BY JUNIOR LIENS,,,ri_b_chargeoffs.csv,93468.0,0.4948,2002Q1,2026Q2,0.6266,17621177.0
ytd_co_famres_first,base,True,HI-B,ytd,thousands_usd,nonneg,BHCKC234,all,,,CHARGE-OFFS ON CLOSED-END LOANS BY 1-4 FAMILY RESIDENTIAL PROPERTIES:SECURED BY FIRST LIENS,,,ri_b_chargeoffs.csv,93561.0,0.4953,2002Q1,2026Q2,0.4045,380184686.0
ytd_co_famres_junior,base,True,HI-B,ytd,thousands_usd,nonneg,BHCKC235,all,,,CHARGE-OFFS ON CLOSED-END LOANS SECURED BY 1-4 FAMILY RESIDENTIAL PROPERTIES:SECURED BY JUNIOR LIENS,,,ri_b_chargeoffs.csv,93483.0,0.4948,2002Q1,2026Q2,0.6393,145618492.0
ytd_cc_fees_reversed,base,True,HI-B,ytd,thousands_usd,nonneg,BHCKC388,all,,,UNCOLLECTIBLE CREDIT CARD FEES & FINANCE CHARGES REVERSED AGAINST INCOME (I.E.; NOT INCLUDED IN CHARGE-OFFS AGAINST THE ALLOWANCE FOR LOAN AND LEASE LOSSES),,,ri_b_chargeoffs.csv,72442.0,0.3835,2003Q1,2026Q2,0.9687,450914295.0
ytd_co_constr_res14,base,True,HI-B,ytd,thousands_usd,nonneg,BHCKC891,all,,,1-4 FAMILY RESIDENTIAL CONSTRUCTION LOANS; CHARGE-OFFS,,,ri_b_chargeoffs.csv,54895.0,0.2906,2007Q1,2026Q2,0.7266,57984358.0
ytd_rec_constr_res14,base,True,HI-B,ytd,thousands_usd,any,BHCKC892,all,,,1-4 FAMILY RESIDENTIAL CONSTRUCTION LOANS RECOVERIES,,,ri_b_chargeoffs.csv,54895.0,0.2906,2007Q1,2026Q2,0.7496,5372636.0
ytd_co_constr_oth,base,True,HI-B,ytd,thousands_usd,nonneg,BHCKC893,all,,,OTHER CONSTRUCTION LOANS AND ALL LAND DEVELOPMENT AND OTHER LAND LOANS; CHARGE-OFFS,,,ri_b_chargeoffs.csv,54896.0,0.2906,2007Q1,2026Q2,0.5956,132055024.0
ytd_rec_constr_oth,base,True,HI-B,ytd,thousands_usd,any,BHCKC894,all,,,OTHER CONSTRUCTION LOANS AND ALL LAND DEVELOPMENT AND OTHER LAND LOANS; RECOVERIES,,,ri_b_chargeoffs.csv,54894.0,0.2906,2007Q1,2026Q2,0.6124,15068011.0
ytd_co_nfnres_owner,base,True,HI-B,ytd,thousands_usd,nonneg,BHCKC895,all,,,LOANS SECURED BY OWNER-OCCUPIED NONFARM NONRESIDENTIAL PROPERTIES: CHARGE-OFFS,,,ri_b_chargeoffs.csv,54895.0,0.2906,2007Q1,2026Q2,0.533,46389461.0
ytd_rec_nfnres_owner,base,True,HI-B,ytd,thousands_usd,any,BHCKC896,all,,,LOANS SECURED BY OWNER-OCCUPIED NONFARM NONRESIDENTIAL PROPERTIES: RECOVERIES,,,ri_b_chargeoffs.csv,54905.0,0.2906,2007Q1,2026Q2,0.5461,9595374.0
ytd_co_nfnres_oth,base,True,HI-B,ytd,thousands_usd,nonneg,BHCKC897,all,,,LOANS SECURED BY OTHER NONFARM NONRESIDENTIAL PROPERTIES: CHARGE-OFFS,,,ri_b_chargeoffs.csv,54898.0,0.2906,2007Q1,2026Q2,0.5538,114248088.0
ytd_rec_nfnres_oth,base,True,HI-B,ytd,thousands_usd,any,BHCKC898,all,,,LOANS SECURED BY OTHER NONFARM NONRESIDENTIAL PROPERTIES: RECOVERIES,,,ri_b_chargeoffs.csv,54895.0,0.2906,2007Q1,2026Q2,0.5736,16026668.0
ytd_co_auto,base,True,HI-B,ytd,thousands_usd,nonneg,BHCKK129,all,,,CHARGE-OFFS ON AUTOMOBILE LOANS,,,ri_b_chargeoffs.csv,38875.0,0.2058,2011Q1,2026Q2,0.4845,342308965.0
ytd_rec_auto,base,True,HI-B,ytd,thousands_usd,any,BHCKK133,all,,,RECOVERIES ON AUTOMOBILE LOANS,,,ri_b_chargeoffs.csv,38875.0,0.2058,2011Q1,2026Q2,0.4512,164500297.0
ytd_co_consumer_oth_ex_auto,base,True,HI-B,ytd,thousands_usd,nonneg,BHCKK205,all,,,CHARGE-OFFS ALL OTHER (INCLUDES SINGLE PAYMENT; INSTALLMENT; ALL STUDENT LOANS; AND REVOLVING CREDIT PLANS OTHER THAN CREDIT CARDS),,,ri_b_chargeoffs.csv,38881.0,0.2058,2011Q1,2026Q2,0.1867,238568282.0
ytd_rec_consumer_oth_ex_auto,base,True,HI-B,ytd,thousands_usd,any,BHCKK206,all,,,RECOVERIES ALL OTHER (INCLUDES SINGLE PAYMENT; INSTALLMENT; ALL STUDENT LOANS; AND REVOLVING CREDIT PLANS OTHER THAN CREDIT CARDS),,,ri_b_chargeoffs.csv,38881.0,0.2058,2011Q1,2026Q2,0.2012,52821775.0
alll_end,base,True,HI-B,stock,thousands_usd,any,BHCK3123,all,,,ALLOWANCE FOR LOAN AND LEASE LOSSES,,,ri_b_chargeoffs.csv,188913.0,1.0,1986Q3,2026Q2,0.0015,19053581048.0
ytd_alll_adjustments,base,True,HI-B,ytd,thousands_usd,any,BHCKC233,all,,,ADJUSTMENTS,,,ri_b_chargeoffs.csv,93554.0,0.4952,2002Q1,2026Q2,0.8672,410871810.0
ytd_writedowns_transfer_to_hfs,base,True,HI-B,ytd,thousands_usd,nonneg,BHCK5523,all,,,WRITE DOWNS ARISING FROM TRANSFER TO HFS,,,ri_b_chargeoffs.csv,99044.0,0.5243,2001Q2,2026Q2,0.974,131339667.0
acl_oth_fin_assets,base,True,HI-B,stock,thousands_usd,any,BHCKJJ03,all,,,Allowance for credit losses on other financial assets measured at amortized cost,,,ri_b_chargeoffs.csv,7589.0,0.0402,2019Q1,2026Q2,0.9111,46195912.0
ytd_co_cc_incl_revolving_4656,base,True,HI-B,ytd,thousands_usd,nonneg,BHCK4656,all,,,CHARGE-OFFS ON LOANS TO INDIVIDUALS FOR HOUSEHOLD; FAMILY; AND OTHER PERSONAL EXPENDITURES - CREDIT CARDS AND RELATED PLANS,,,ri_b_chargeoffs.csv,61467.0,0.3254,1991Q1,2000Q4,0.3643,256744511.0
ytd_co_consumer_oth_4657,base,False,HI-B,ytd,thousands_usd,nonneg,BHCK4657,all,,,CHARGE-OFFS ON LOANS TO INDIVIDUALS FOR HOUSEHOLD; FAMILY; AND OTHER PERSONAL EXPENDITURES - OTHER LOANS,,,ri_b_chargeoffs.csv,,,,,,
ytd_co_consumer_oth_b516,base,False,HI-B,ytd,thousands_usd,nonneg,BHCKB516,all,,,CHARGE-OFF ON LOANS - OTHER,,,ri_b_chargeoffs.csv,,,,,,
ytd_co_consumer_tot_4639,base,False,HI-B,ytd,thousands_usd,nonneg,BHCK4639,all,,,CHARGE-OFFS ON LOANS TO INDIVIDUALS FOR HOUSEHOLD; FAMILY; AND OTHER PERSONAL EXPENDITURES,,,ri_b_chargeoffs.csv,,,,,,
ytd_rec_cc_incl_revolving_4666,base,True,HI-B,ytd,thousands_usd,any,BHCK4666,all,,,RECOVERIES ON LOANS TO INDIVIDUALS FOR HOUSEHOLD; FAMILY; AND OTHER PERSONAL EXPENDITURES - CREDIT CARDS AND RELATED PLANS,,,ri_b_chargeoffs.csv,61390.0,0.325,1991Q1,2000Q4,0.4734,35533275.0
ytd_rec_consumer_oth_4667,base,False,HI-B,ytd,thousands_usd,any,BHCK4667,all,,,RECOVERIES ON LOANS TO INDIVIDUALS FOR HOUSEHOLD; FAMILY; AND OTHER PERSONAL EXPENDITURES - OTHER LOANS,,,ri_b_chargeoffs.csv,,,,,,
ytd_rec_consumer_oth_b517,base,False,HI-B,ytd,thousands_usd,any,BHCKB517,all,,,RECOVERIES ON LOANS - OTHER,,,ri_b_chargeoffs.csv,,,,,,
ytd_rec_consumer_tot_4609,base,False,HI-B,ytd,thousands_usd,any,BHCK4609,all,,,RECOVERIES ON LOANS TO INDIVIDUALS FOR HOUSEHOLD; FAMILY; AND OTHER PERSONAL EXPENDITURES,,,ri_b_chargeoffs.csv,,,,,,
ytd_co_ci_us,base,True,HI-B,ytd,thousands_usd,nonneg,BHCK4645,all,,,CHARGE-OFFS ON COMMERCIAL AND INDUSTRIAL LOANS TO U.S. ADDRESSEES,,,ri_b_chargeoffs.csv,184690.0,0.9776,1986Q3,2026Q2,0.1829,918131355.0
ytd_co_ci_nonus,base,True,HI-B,ytd,thousands_usd,nonneg,BHCK4646,all,,,CHARGE-OFFS ON COMMERCIAL AND INDUSTRIAL LOANS TO NON-U.S. ADDRESSEES,,,ri_b_chargeoffs.csv,183065.0,0.969,1986Q3,2026Q2,0.9735,147104438.0
ytd_rec_ci_us,base,True,HI-B,ytd,thousands_usd,any,BHCK4617,all,,,RECOVERIES ON COMMERCIAL AND INDUSTRIAL LOANS TO U.S. ADDRESSEES (DOMICILE),,,ri_b_chargeoffs.csv,184730.0,0.9779,1986Q3,2026Q2,0.1659,190899964.0
ytd_rec_ci_nonus,base,True,HI-B,ytd,thousands_usd,any,BHCK4618,all,,,RECOVERIES ON COMMERCIAL AND INDUSTRIAL LOANS TO NON-U.S. ADDRESSEES (DOMICILE),,,ri_b_chargeoffs.csv,183060.0,0.969,1986Q3,2026Q2,0.9699,36119247.0
ytd_co_lease_us_pre07,base,True,HI-B,ytd,thousands_usd,nonneg,BHCK4658,all,,,CHARGE-OFFS ON LEASE FINANCING RECEIVABLES OF U.S. ADDRESSEES (DOMICILE),,,ri_b_chargeoffs.csv,132283.0,0.7002,1986Q3,2006Q4,0.8882,42057618.0
ytd_co_lease_nonus_pre07,base,True,HI-B,ytd,thousands_usd,nonneg,BHCK4659,all,,,CHARGE-OFFS ON LEASE FINANCING RECEIVABLES OF NON-U.S. ADDRESSEES (DOMICILE),,,ri_b_chargeoffs.csv,131906.0,0.6982,1986Q3,2006Q4,0.9964,3679046.0
ytd_rec_lease_us_pre07,base,True,HI-B,ytd,thousands_usd,any,BHCK4668,all,,,RECOVERIES ON LEASE FINANCING RECEIVABLES OF U.S. ADDRESSEES (DOMICILE),,,ri_b_chargeoffs.csv,132265.0,0.7001,1986Q3,2006Q4,0.8949,9664968.0
ytd_rec_lease_nonus_pre07,base,True,HI-B,ytd,thousands_usd,any,BHCK4669,all,,,RECOVERIES ON LEASE FINANCING RECEIVABLES OF NON-U.S. ADDRESSEES (DOMICILE),,,ri_b_chargeoffs.csv,131901.0,0.6982,1986Q3,2006Q4,0.9966,1228233.0
ytd_co_lease_oth_07,base,True,HI-B,ytd,thousands_usd,nonneg,BHCKC880,all,,,CHARGE-OFFS OF ALL OTHER LEASE FINANCING RECEIVABLES,,,ri_b_chargeoffs.csv,51142.0,0.2707,2007Q1,2026Q2,0.9006,27219382.0
ytd_rec_lease_oth_07,base,True,HI-B,ytd,thousands_usd,any,BHCKF188,all,,,RECOVERIES OF ALL OTHER LEASE FINANCING RECEIVABLES,,,ri_b_chargeoffs.csv,51142.0,0.2707,2007Q1,2026Q2,0.8953,8247563.0
ytd_co_consumer_oth,derived,True,HI-B,ytd,thousands_usd,nonneg,,,,,"Consumer loans other than credit cards, charge-offs: automobile + other from 2011, the single other line 2001Q1-2010Q4. Consistent from 2001; before 2001 only 031 filers reported it (RIAD4657).",(ytd_co_auto + ytd_co_consumer_oth_ex_auto).fillna(ytd_co_consumer_oth_b516).fillna(ytd_co_consumer_oth_4657),ytd_co_auto ytd_co_consumer_oth_4657 ytd_co_consumer_oth_b516 ytd_co_consumer_oth_ex_auto,ri_b_chargeoffs.csv,162885.0,0.8622,1991Q1,2026Q2,0.1131,1263517388.0
ytd_co_consumer_tot,derived,True,HI-B,ytd,thousands_usd,nonneg,,,,,"Total consumer (loans to individuals) charge-offs, consistent across the 2001 and 2011 splits: credit cards + automobile + other from 2011; credit cards + other 2001-2010 (equals the FDIC-derived RIAD4639 for 100% of banks); the reported total RIAD4639 for 031 filers before 2001. Blank before 2001 for other filers, which reported only credit cards and related plans.",(ytd_co_cc + ytd_co_auto + ytd_co_consumer_oth_ex_auto).fillna(ytd_co_cc + ytd_co_consumer_oth_b516).fillna(ytd_co_consumer_tot_4639),ytd_co_auto ytd_co_cc ytd_co_consumer_oth_b516 ytd_co_consumer_oth_ex_auto ytd_co_consumer_tot_4639,ri_b_chargeoffs.csv,126623.0,0.6703,1986Q3,2026Q2,0.1016,3411821625.0
ytd_rec_consumer_oth,derived,True,HI-B,ytd,thousands_usd,any,,,,,"Consumer loans other than credit cards, recoveries: automobile + other from 2011, the single other line 2001Q1-2010Q4. Consistent from 2001; before 2001 only 031 filers reported it (RIAD4667).",(ytd_rec_auto + ytd_rec_consumer_oth_ex_auto).fillna(ytd_rec_consumer_oth_b517).fillna(ytd_rec_consumer_oth_4667),ytd_rec_auto ytd_rec_consumer_oth_4667 ytd_rec_consumer_oth_b517 ytd_rec_consumer_oth_ex_auto,ri_b_chargeoffs.csv,162867.0,0.8621,1991Q1,2026Q2,0.1267,362151287.0
ytd_rec_consumer_tot,derived,True,HI-B,ytd,thousands_usd,any,,,,,"Total consumer (loans to individuals) recoveries, consistent across the 2001 and 2011 splits: credit cards + automobile + other from 2011; credit cards + other 2001-2010 (equals the FDIC-derived RIAD4609 for 100% of banks); the reported total RIAD4609 for 031 filers before 2001. Blank before 2001 for other filers, which reported only credit cards and related plans.",(ytd_rec_cc + ytd_rec_auto + ytd_rec_consumer_oth_ex_auto).fillna(ytd_rec_cc + ytd_rec_consumer_oth_b517).fillna(ytd_rec_consumer_tot_4609),ytd_rec_auto ytd_rec_cc ytd_rec_consumer_oth_b517 ytd_rec_consumer_oth_ex_auto ytd_rec_consumer_tot_4609,ri_b_chargeoffs.csv,126557.0,0.6699,1986Q3,2026Q2,0.1212,704439549.0
ytd_net_chargeoffs_tot,derived,True,HI-B,ytd,thousands_usd,any,,,,,Net charge-offs: gross charge-offs less recoveries,ytd_co_tot - ytd_rec_tot,ytd_co_tot ytd_rec_tot,ri_b_chargeoffs.csv,188754.0,0.9992,1986Q3,2026Q2,0.0158,5328520780.0
ytd_co_ci,derived,True,HI-B,ytd,thousands_usd,nonneg,,,,,"ytd_co_ci on the FR Y-9C, same definition as the Call Report column. Y-9C: charge-offs on C&I loans are filed by addressee (BHCK4645 U.S. + BHCK4646 non-U.S.).",ytd_co_ci_us + ytd_co_ci_nonus.fillna(0),ytd_co_ci_nonus ytd_co_ci_us,ri_b_chargeoffs.csv,184690.0,0.9776,1986Q3,2026Q2,0.1819,1065235374.0
ytd_rec_ci,derived,True,HI-B,ytd,thousands_usd,any,,,,,"ytd_rec_ci on the FR Y-9C, same definition as the Call Report column. Y-9C: recoveries on C&I loans by addressee (BHCK4617 + BHCK4618).",ytd_rec_ci_us + ytd_rec_ci_nonus.fillna(0),ytd_rec_ci_nonus ytd_rec_ci_us,ri_b_chargeoffs.csv,184730.0,0.9779,1986Q3,2026Q2,0.1651,227019175.0
ytd_co_lease,derived,True,HI-B,ytd,thousands_usd,nonneg,,,,,"ytd_co_lease on the FR Y-9C, same definition as the Call Report column. Y-9C: by addressee (BHCK4658+4659) to 2006Q4; 'all other lease financing receivables' (BHCKC880) from 2007 (the leases-to-individuals line is separate from 2007).",(ytd_co_lease_us_pre07 + ytd_co_lease_nonus_pre07.fillna(0)).fillna(ytd_co_lease_oth_07),ytd_co_lease_nonus_pre07 ytd_co_lease_oth_07 ytd_co_lease_us_pre07,ri_b_chargeoffs.csv,183425.0,0.9709,1986Q3,2026Q2,0.8911,72956040.0
ytd_rec_lease,derived,True,HI-B,ytd,thousands_usd,any,,,,,"ytd_rec_lease on the FR Y-9C, same definition as the Call Report column. Y-9C: by addressee (BHCK4668+4669) to 2006Q4; BHCKF188 from 2007.",(ytd_rec_lease_us_pre07 + ytd_rec_lease_nonus_pre07.fillna(0)).fillna(ytd_rec_lease_oth_07),ytd_rec_lease_nonus_pre07 ytd_rec_lease_oth_07 ytd_rec_lease_us_pre07,ri_b_chargeoffs.csv,183407.0,0.9709,1986Q3,2026Q2,0.8944,19132761.0
ytd_provision_ll,base,True,HI,ytd,thousands_usd,any,BHCK4230,all,,,PROVISION FOR LOAN AND LEASE LOSSES,,,ri_provisions.csv,188825.0,0.9995,1986Q3,2026Q2,0.0585,5681463427.0
ytd_provision_credit_tot,base,True,HI,ytd,thousands_usd,any,BHCKJJ33,all,,,PROVISIONS FOR CREDIT LOSSES ON FINANCIAL ASSETS,,,ri_provisions.csv,11041.0,0.0584,2019Q1,2026Q2,0.0492,1289134302.0
ytd_provision_htm,base,True,HI-B,ytd,thousands_usd,any,BHCKJH90,all,,,Provisions for credit losses; Held-to-maturity debt securities,,,ri_provisions.csv,7590.0,0.0402,2019Q1,2026Q2,0.8349,839684.0
ytd_provision_afs,base,True,HI-B,ytd,thousands_usd,any,BHCKJH96,all,,,Provisions for credit losses; Available-for-sale debt securities,,,ri_provisions.csv,7590.0,0.0402,2019Q1,2026Q2,0.9011,1889280.0
ytd_provision_oth_fin,base,True,HI-B,ytd,thousands_usd,any,BHCKJJ02,all,,,Provisions for credit losses on other financial assets measured at amortized cost,,,ri_provisions.csv,7590.0,0.0402,2019Q1,2026Q2,0.9196,10351966.0
ytd_provision_obs,base,True,HI-B,ytd,thousands_usd,any,BHCKMG93,all,,,Provisions for credit losses on off-balance-sheet exposures,,,ri_provisions.csv,6888.0,0.0365,2021Q1,2026Q2,0.2266,1921033.0
q_net_inc,flow,True,HI,quarterly,thousands_usd,any,,all,,,Quarterly flow of ytd_net_inc: NET INCOME (LOSS),"ytd_net_inc(t) - ytd_net_inc(t-1) within the bank-year; Q1 = ytd_net_inc; NaN where the prior quarter is missing or blank (an annual filer's Q4 total stays in ytd_net_inc, its flows are NaN)",ytd_net_inc,core_series.csv,184850.0,0.9785,1986Q4,2026Q2,0.0002,4904564584.0
q_int_inc_ffrepo,flow,True,HI,quarterly,thousands_usd,nonneg,,all,,,Quarterly flow of ytd_int_inc_ffrepo: INTEREST INCOME ON FEDERAL FUNDS SOLD AND SECURITIES PURCHASED UNDER AGREEMENTS TO RESELL,"ytd_int_inc_ffrepo(t) - ytd_int_inc_ffrepo(t-1) within the bank-year; Q1 = ytd_int_inc_ffrepo; NaN where the prior quarter is missing or blank (an annual filer's Q4 total stays in ytd_int_inc_ffrepo, its flows are NaN)",ytd_int_inc_ffrepo,core_series.csv,184809.0,0.9783,1986Q4,2026Q2,0.1995,1340659660.0
q_int_exp_ffrepo,flow,True,HI,quarterly,thousands_usd,nonneg,,all,,,Quarterly flow of ytd_int_exp_ffrepo: EXPENSE OF FEDERAL FUNDS PURCHASED AND SECURITIES SOLD UNDER AGREEMENTS TO REPURCHASE,"ytd_int_exp_ffrepo(t) - ytd_int_exp_ffrepo(t-1) within the bank-year; Q1 = ytd_int_exp_ffrepo; NaN where the prior quarter is missing or blank (an annual filer's Q4 total stays in ytd_int_exp_ffrepo, its flows are NaN)",ytd_int_exp_ffrepo,core_series.csv,184404.0,0.9761,1986Q4,2026Q2,0.2591,1575999540.0
q_int_exp_oth_dep_y9c,flow,True,HI,quarterly,thousands_usd,nonneg,,all,,,Quarterly flow of ytd_int_exp_oth_dep_y9c: INTEREST ON OTHER DEPOSITS,"ytd_int_exp_oth_dep_y9c(t) - ytd_int_exp_oth_dep_y9c(t-1) within the bank-year; Q1 = ytd_int_exp_oth_dep_y9c; NaN where the prior quarter is missing or blank (an annual filer's Q4 total stays in ytd_int_exp_oth_dep_y9c, its flows are NaN)",ytd_int_exp_oth_dep_y9c,core_series.csv,162499.0,0.8602,1990Q4,2026Q2,0.0057,2008564415.0
q_allowance_chg_mergers,flow,True,HI-B,quarterly,thousands_usd,any,,all,,,Quarterly flow of ytd_allowance_chg_mergers: CHANGES INCIDENT TO MERGERS AND ABSORPTIONS; NET FOR ALLOWANCES FOR LOAN AND LEASE LOSSES,"ytd_allowance_chg_mergers(t) - ytd_allowance_chg_mergers(t-1) within the bank-year; Q1 = ytd_allowance_chg_mergers; NaN where the prior quarter is missing or blank (an annual filer's Q4 total stays in ytd_allowance_chg_mergers, its flows are NaN)",ytd_allowance_chg_mergers,hi_mergers.csv,83096.0,0.4399,1986Q4,2000Q4,0.9236,60073896.0
q_cecl_htm_dsec_cp_bal,flow,True,HI-B,quarterly,thousands_usd,any,,all,,,Quarterly flow of ytd_cecl_htm_dsec_cp_bal: Balance end of current period; Held-to-maturity debt securities,"ytd_cecl_htm_dsec_cp_bal(t) - ytd_cecl_htm_dsec_cp_bal(t-1) within the bank-year; Q1 = ytd_cecl_htm_dsec_cp_bal; NaN where the prior quarter is missing or blank (an annual filer's Q4 total stays in ytd_cecl_htm_dsec_cp_bal, its flows are NaN)",ytd_cecl_htm_dsec_cp_bal,income_statement.csv,7507.0,0.0397,2019Q1,2026Q2,0.828,2895442.0
q_net_gain_ass_fv,flow,True,HI,quarterly,thousands_usd,any,,all,,,Quarterly flow of ytd_net_gain_ass_fv: NET GAINS (LOSSES) RECOGNIZED IN EARNINGS ON ASSETS THAT ARE REPORTED AT FAIR VALUE OPTION,"ytd_net_gain_ass_fv(t) - ytd_net_gain_ass_fv(t-1) within the bank-year; Q1 = ytd_net_gain_ass_fv; NaN where the prior quarter is missing or blank (an annual filer's Q4 total stays in ytd_net_gain_ass_fv, its flows are NaN)",ytd_net_gain_ass_fv,income_statement.csv,30256.0,0.1602,2008Q1,2026Q2,0.7147,375067476.0
q_int_inc_ln_rre,flow,True,HI,quarterly,thousands_usd,nonneg,,all,,,Quarterly flow of ytd_int_inc_ln_rre: INTEREST AND FEE INCOME ON LOANS SECURED BY 1-4 FAMILY RESIDENTIAL PROPERTIES,"ytd_int_inc_ln_rre(t) - ytd_int_inc_ln_rre(t-1) within the bank-year; Q1 = ytd_int_inc_ln_rre; NaN where the prior quarter is missing or blank (an annual filer's Q4 total stays in ytd_int_inc_ln_rre, its flows are NaN)",ytd_int_inc_ln_rre,income_statement.csv,50791.0,0.2689,2008Q1,2026Q2,0.0143,1726128991.0
q_int_inc_ln_oth_re,flow,True,HI,quarterly,thousands_usd,nonneg,,all,,,Quarterly flow of ytd_int_inc_ln_oth_re: INTEREST AND FEE INCOME ON ALL OTHER LOANS SECURED BY REAL ESTATE,"ytd_int_inc_ln_oth_re(t) - ytd_int_inc_ln_oth_re(t-1) within the bank-year; Q1 = ytd_int_inc_ln_oth_re; NaN where the prior quarter is missing or blank (an annual filer's Q4 total stays in ytd_int_inc_ln_oth_re, its flows are NaN)",ytd_int_inc_ln_oth_re,income_statement.csv,50791.0,0.2689,2008Q1,2026Q2,0.0133,1544466011.0
q_int_exp_time_lt250k_dom,flow,True,HI,quarterly,thousands_usd,nonneg,,all,,,Quarterly flow of ytd_int_exp_time_lt250k_dom: INTEREST EXPENSE; INTEREST ON DEPOSITS; NONTRANSACTION ACCOUNTS; TIME DEPOSITS OF 250000 OR LESS,"ytd_int_exp_time_lt250k_dom(t) - ytd_int_exp_time_lt250k_dom(t-1) within the bank-year; Q1 = ytd_int_exp_time_lt250k_dom; NaN where the prior quarter is missing or blank (an annual filer's Q4 total stays in ytd_int_exp_time_lt250k_dom, its flows are NaN)",ytd_int_exp_time_lt250k_dom,income_statement.csv,15645.0,0.0828,2017Q1,2026Q2,0.0275,273503675.0
q_int_exp_time_gt250k_dom,flow,True,HI,quarterly,thousands_usd,nonneg,,all,,,Quarterly flow of ytd_int_exp_time_gt250k_dom: INTEREST EXPENSE; INTEREST ON DEPOSITS; NONTRANSACTION ACCOUNTS; TIME DEPOSITS OF MORE THAN 250000,"ytd_int_exp_time_gt250k_dom(t) - ytd_int_exp_time_gt250k_dom(t-1) within the bank-year; Q1 = ytd_int_exp_time_gt250k_dom; NaN where the prior quarter is missing or blank (an annual filer's Q4 total stays in ytd_int_exp_time_gt250k_dom, its flows are NaN)",ytd_int_exp_time_gt250k_dom,income_statement.csv,15645.0,0.0828,2017Q1,2026Q2,0.034,119853363.0
q_int_exp_for,flow,True,HI,quarterly,thousands_usd,nonneg,,all,,,Quarterly flow of ytd_int_exp_for: INTEREST ON DEPOSITS IN FOREIGN OFFICES; EDGE AND AGREEMENT SUBSIDIARIES; AND IBFS,"ytd_int_exp_for(t) - ytd_int_exp_for(t-1) within the bank-year; Q1 = ytd_int_exp_for; NaN where the prior quarter is missing or blank (an annual filer's Q4 total stays in ytd_int_exp_for, its flows are NaN)",ytd_int_exp_for,income_statement.csv,143306.0,0.7586,1986Q4,2026Q2,0.9191,969688879.0
q_int_exp_time_lt100k_dom,flow,True,HI,quarterly,thousands_usd,nonneg,,all,,,Quarterly flow of ytd_int_exp_time_lt100k_dom: INTEREST ON TIME DEPOSITS OF LESS THAN $100;000,"ytd_int_exp_time_lt100k_dom(t) - ytd_int_exp_time_lt100k_dom(t-1) within the bank-year; Q1 = ytd_int_exp_time_lt100k_dom; NaN where the prior quarter is missing or blank (an annual filer's Q4 total stays in ytd_int_exp_time_lt100k_dom, its flows are NaN)",ytd_int_exp_time_lt100k_dom,income_statement.csv,110025.0,0.5824,1997Q1,2016Q4,0.0103,512451092.0
q_int_exp_trad_othbor,flow,True,HI,quarterly,thousands_usd,nonneg,,all,,,Quarterly flow of ytd_int_exp_trad_othbor: INTEREST ON TRADING LIABILITIES AND OTHER BORROWED MONEY,"ytd_int_exp_trad_othbor(t) - ytd_int_exp_trad_othbor(t-1) within the bank-year; Q1 = ytd_int_exp_trad_othbor; NaN where the prior quarter is missing or blank (an annual filer's Q4 total stays in ytd_int_exp_trad_othbor, its flows are NaN)",ytd_int_exp_trad_othbor,income_statement.csv,96766.0,0.5122,2001Q1,2026Q2,0.0969,2084616888.0
q_int_exp_subdebt,flow,True,HI,quarterly,thousands_usd,nonneg,,all,,,Quarterly flow of ytd_int_exp_subdebt: INTEREST ON SUBORDINATED NOTES AND DEBENTURES AND ON MANDATORY CONVERTIBLE SECURITIES,"ytd_int_exp_subdebt(t) - ytd_int_exp_subdebt(t-1) within the bank-year; Q1 = ytd_int_exp_subdebt; NaN where the prior quarter is missing or blank (an annual filer's Q4 total stays in ytd_int_exp_subdebt, its flows are NaN)",ytd_int_exp_subdebt,income_statement.csv,179497.0,0.9502,1986Q4,2026Q2,0.7757,352383134.0
q_int_exp_oth_dep,flow,True,HI,quarterly,thousands_usd,nonneg,,all,,,Quarterly flow of ytd_int_exp_oth_dep: INTEREST ON OTHER DEPOSITS,"ytd_int_exp_oth_dep(t) - ytd_int_exp_oth_dep(t-1) within the bank-year; Q1 = ytd_int_exp_oth_dep; NaN where the prior quarter is missing or blank (an annual filer's Q4 total stays in ytd_int_exp_oth_dep, its flows are NaN)",ytd_int_exp_oth_dep,income_statement.csv,20811.0,0.1102,1986Q4,1990Q2,0.0004,264425391.0
q_fiduc_inc,flow,True,HC-T,quarterly,thousands_usd,nonneg,,all,,,Quarterly flow of ytd_fiduc_inc: INCOME FROM FIDUCIARY ACTIVITIES,"ytd_fiduc_inc(t) - ytd_fiduc_inc(t-1) within the bank-year; Q1 = ytd_fiduc_inc; NaN where the prior quarter is missing or blank (an annual filer's Q4 total stays in ytd_fiduc_inc, its flows are NaN)",ytd_fiduc_inc,income_statement.csv,182551.0,0.9663,1986Q4,2026Q2,0.4716,1323512361.0
q_nonint_inc_srv_chrg_dep,flow,True,HI,quarterly,thousands_usd,any,,all,,,Quarterly flow of ytd_nonint_inc_srv_chrg_dep: SERVICE CHARGES ON DEPOSIT ACCOUNTS,"ytd_nonint_inc_srv_chrg_dep(t) - ytd_nonint_inc_srv_chrg_dep(t-1) within the bank-year; Q1 = ytd_nonint_inc_srv_chrg_dep; NaN where the prior quarter is missing or blank (an annual filer's Q4 total stays in ytd_nonint_inc_srv_chrg_dep, its flows are NaN)",ytd_nonint_inc_srv_chrg_dep,income_statement.csv,184870.0,0.9786,1986Q4,2026Q2,0.0088,1149787341.0
q_tradrev_inc,flow,True,HI,quarterly,thousands_usd,any,,all,,,Quarterly flow of ytd_tradrev_inc: TRADING REVENUE,"ytd_tradrev_inc(t) - ytd_tradrev_inc(t-1) within the bank-year; Q1 = ytd_tradrev_inc; NaN where the prior quarter is missing or blank (an annual filer's Q4 total stays in ytd_tradrev_inc, its flows are NaN)",ytd_tradrev_inc,income_statement.csv,126353.0,0.6688,1996Q1,2026Q2,0.8705,1433265805.0
q_nonint_inc_sb,flow,True,HI,quarterly,thousands_usd,any,,all,,,Quarterly flow of ytd_nonint_inc_sb: FEES AND COMMISSIONS FROM SECURITIES BROKERAGE,"ytd_nonint_inc_sb(t) - ytd_nonint_inc_sb(t-1) within the bank-year; Q1 = ytd_nonint_inc_sb; NaN where the prior quarter is missing or blank (an annual filer's Q4 total stays in ytd_nonint_inc_sb, its flows are NaN)",ytd_nonint_inc_sb,income_statement.csv,50928.0,0.2696,2007Q1,2026Q2,0.4283,954635980.0
q_nonint_inc_fees_adv,flow,True,HI,quarterly,thousands_usd,any,,all,,,Quarterly flow of ytd_nonint_inc_fees_adv: INVESTMENT BANKING; ADVISORY; AND UNDERWRITING FEES AND COMMISSIONS,"ytd_nonint_inc_fees_adv(t) - ytd_nonint_inc_fees_adv(t-1) within the bank-year; Q1 = ytd_nonint_inc_fees_adv; NaN where the prior quarter is missing or blank (an annual filer's Q4 total stays in ytd_nonint_inc_fees_adv, its flows are NaN)",ytd_nonint_inc_fees_adv,income_statement.csv,50927.0,0.2696,2007Q1,2026Q2,0.7062,1467674741.0
q_nonint_inc_fees_annu,flow,True,HI,quarterly,thousands_usd,any,,all,,,Quarterly flow of ytd_nonint_inc_fees_annu: FEES AND COMMISSIONS FROM ANNUITY SALES,"ytd_nonint_inc_fees_annu(t) - ytd_nonint_inc_fees_annu(t-1) within the bank-year; Q1 = ytd_nonint_inc_fees_annu; NaN where the prior quarter is missing or blank (an annual filer's Q4 total stays in ytd_nonint_inc_fees_annu, its flows are NaN)",ytd_nonint_inc_fees_annu,income_statement.csv,50928.0,0.2696,2007Q1,2026Q2,0.5816,80953454.0
q_nonint_inc_ins_underw,flow,True,HI,quarterly,thousands_usd,any,,all,,,Quarterly flow of ytd_nonint_inc_ins_underw: INSURANCE AND REINSURANCE UNDERWRITING INCOME,"ytd_nonint_inc_ins_underw(t) - ytd_nonint_inc_ins_underw(t-1) within the bank-year; Q1 = ytd_nonint_inc_ins_underw; NaN where the prior quarter is missing or blank (an annual filer's Q4 total stays in ytd_nonint_inc_ins_underw, its flows are NaN)",ytd_nonint_inc_ins_underw,income_statement.csv,81431.0,0.4311,2003Q1,2026Q2,0.9332,753383162.0
q_nonint_inc_oth_ins_act,flow,True,HI,quarterly,thousands_usd,any,,all,,,Quarterly flow of ytd_nonint_inc_oth_ins_act: INCOME FROM OTHER INSURANCE AND REINSURANCE ACTIVITIES,"ytd_nonint_inc_oth_ins_act(t) - ytd_nonint_inc_oth_ins_act(t-1) within the bank-year; Q1 = ytd_nonint_inc_oth_ins_act; NaN where the prior quarter is missing or blank (an annual filer's Q4 total stays in ytd_nonint_inc_oth_ins_act, its flows are NaN)",ytd_nonint_inc_oth_ins_act,income_statement.csv,81465.0,0.4312,2003Q1,2026Q2,0.4064,217157496.0
q_sectn_inc,flow,True,HI,quarterly,thousands_usd,any,,all,,,Quarterly flow of ytd_sectn_inc: NET SECURITIZATION INCOME,"ytd_sectn_inc(t) - ytd_sectn_inc(t-1) within the bank-year; Q1 = ytd_sectn_inc; NaN where the prior quarter is missing or blank (an annual filer's Q4 total stays in ytd_sectn_inc, its flows are NaN)",ytd_sectn_inc,income_statement.csv,95842.0,0.5073,2001Q1,2026Q2,0.9673,191900869.0
q_nonint_inc_oth,flow,True,HI,quarterly,thousands_usd,any,,all,,,Quarterly flow of ytd_nonint_inc_oth: OTHER NONINTEREST INCOME,"ytd_nonint_inc_oth(t) - ytd_nonint_inc_oth(t-1) within the bank-year; Q1 = ytd_nonint_inc_oth; NaN where the prior quarter is missing or blank (an annual filer's Q4 total stays in ytd_nonint_inc_oth, its flows are NaN)",ytd_nonint_inc_oth,income_statement.csv,100312.0,0.531,2001Q1,2026Q2,0.001,3181826274.0
q_nonint_inc,flow,True,HI,quarterly,thousands_usd,any,,all,,,Quarterly flow of ytd_nonint_inc: TOTAL NONINTEREST INCOME,"ytd_nonint_inc(t) - ytd_nonint_inc(t-1) within the bank-year; Q1 = ytd_nonint_inc; NaN where the prior quarter is missing or blank (an annual filer's Q4 total stays in ytd_nonint_inc, its flows are NaN)",ytd_nonint_inc,income_statement.csv,184850.0,0.9785,1986Q4,2026Q2,0.0001,12767058912.0
q_nonint_inc_ins_fee,flow,True,HI,quarterly,thousands_usd,any,,all,,,Quarterly flow of ytd_nonint_inc_ins_fee: INSURANCE COMMISSIONS AND FEES,"ytd_nonint_inc_ins_fee(t) - ytd_nonint_inc_ins_fee(t-1) within the bank-year; Q1 = ytd_nonint_inc_ins_fee; NaN where the prior quarter is missing or blank (an annual filer's Q4 total stays in ytd_nonint_inc_ins_fee, its flows are NaN)",ytd_nonint_inc_ins_fee,income_statement.csv,14805.0,0.0784,2001Q1,2002Q4,0.3707,77211385.0
q_nonint_inc_ib_adv_fee,flow,True,HI,quarterly,thousands_usd,any,,all,,,Quarterly flow of ytd_nonint_inc_ib_adv_fee: INVESTMENT BANKING; ADVISORY; BROKERAGE; AND UNDERWRITING FEES AND COMMISSIONS,"ytd_nonint_inc_ib_adv_fee(t) - ytd_nonint_inc_ib_adv_fee(t-1) within the bank-year; Q1 = ytd_nonint_inc_ib_adv_fee; NaN where the prior quarter is missing or blank (an annual filer's Q4 total stays in ytd_nonint_inc_ib_adv_fee, its flows are NaN)",ytd_nonint_inc_ib_adv_fee,income_statement.csv,45281.0,0.2397,2001Q1,2006Q4,0.4346,308824107.0
q_nonint_inc_oth_pre2001,flow,True,HI,quarterly,thousands_usd,any,,all,,,Quarterly flow of ytd_nonint_inc_oth_pre2001: OTHER NONINTEREST INCOME,"ytd_nonint_inc_oth_pre2001(t) - ytd_nonint_inc_oth_pre2001(t-1) within the bank-year; Q1 = ytd_nonint_inc_oth_pre2001; NaN where the prior quarter is missing or blank (an annual filer's Q4 total stays in ytd_nonint_inc_oth_pre2001, its flows are NaN)",ytd_nonint_inc_oth_pre2001,income_statement.csv,84366.0,0.4466,1986Q4,2000Q4,0.0605,305032425.0
q_nonint_inc_net_gain_ll,flow,True,HI,quarterly,thousands_usd,any,,all,,,Quarterly flow of ytd_nonint_inc_net_gain_ll: NET GAINS ON SALES OF LOANS,"ytd_nonint_inc_net_gain_ll(t) - ytd_nonint_inc_net_gain_ll(t-1) within the bank-year; Q1 = ytd_nonint_inc_net_gain_ll; NaN where the prior quarter is missing or blank (an annual filer's Q4 total stays in ytd_nonint_inc_net_gain_ll, its flows are NaN)",ytd_nonint_inc_net_gain_ll,income_statement.csv,140789.0,0.7453,1994Q1,2026Q2,0.4324,206598897.0
q_nonint_inc_oreo,flow,True,HI,quarterly,thousands_usd,any,,all,,,Quarterly flow of ytd_nonint_inc_oreo: NET GAINS ON OTHER REAL ESTATE OWNED,"ytd_nonint_inc_oreo(t) - ytd_nonint_inc_oreo(t-1) within the bank-year; Q1 = ytd_nonint_inc_oreo; NaN where the prior quarter is missing or blank (an annual filer's Q4 total stays in ytd_nonint_inc_oreo, its flows are NaN)",ytd_nonint_inc_oreo,income_statement.csv,140547.0,0.744,1994Q1,2026Q2,0.5321,-10983470.0
q_nonint_inc_net_gain_oth_ass,flow,True,HI,quarterly,thousands_usd,any,,all,,,Quarterly flow of ytd_nonint_inc_net_gain_oth_ass: NET GAINS (LOSSES) ON SALES OF OTHER ASSETS (EXCLUDING SECURITIES),"ytd_nonint_inc_net_gain_oth_ass(t) - ytd_nonint_inc_net_gain_oth_ass(t-1) within the bank-year; Q1 = ytd_nonint_inc_net_gain_oth_ass; NaN where the prior quarter is missing or blank (an annual filer's Q4 total stays in ytd_nonint_inc_net_gain_oth_ass, its flows are NaN)",ytd_nonint_inc_net_gain_oth_ass,income_statement.csv,99830.0,0.5284,2001Q1,2026Q2,0.5125,99090399.0
q_nonint_exp_comp,flow,True,HI,quarterly,thousands_usd,nonneg,,all,,,Quarterly flow of ytd_nonint_exp_comp: SALARIES AND EMPLOYEE BENEFITS,"ytd_nonint_exp_comp(t) - ytd_nonint_exp_comp(t-1) within the bank-year; Q1 = ytd_nonint_exp_comp; NaN where the prior quarter is missing or blank (an annual filer's Q4 total stays in ytd_nonint_exp_comp, its flows are NaN)",ytd_nonint_exp_comp,income_statement.csv,184850.0,0.9785,1986Q4,2026Q2,0.0001,8311296841.0
q_nonint_exp_fass,flow,True,HI,quarterly,thousands_usd,nonneg,,all,,,Quarterly flow of ytd_nonint_exp_fass: EXPENSES OF PREMISES AND FIXED ASSETS,"ytd_nonint_exp_fass(t) - ytd_nonint_exp_fass(t-1) within the bank-year; Q1 = ytd_nonint_exp_fass; NaN where the prior quarter is missing or blank (an annual filer's Q4 total stays in ytd_nonint_exp_fass, its flows are NaN)",ytd_nonint_exp_fass,income_statement.csv,184878.0,0.9786,1986Q4,2026Q2,0.0004,1713121115.0
q_nonint_exp_oth,flow,True,HI,quarterly,thousands_usd,nonneg,,all,,,Quarterly flow of ytd_nonint_exp_oth: OTHER NONINTEREST EXPENSE,"ytd_nonint_exp_oth(t) - ytd_nonint_exp_oth(t-1) within the bank-year; Q1 = ytd_nonint_exp_oth; NaN where the prior quarter is missing or blank (an annual filer's Q4 total stays in ytd_nonint_exp_oth, its flows are NaN)",ytd_nonint_exp_oth,income_statement.csv,184878.0,0.9786,1986Q4,2026Q2,0.0001,7151321920.0
q_nonint_exp,flow,True,HI,quarterly,thousands_usd,nonneg,,all,,,Quarterly flow of ytd_nonint_exp: TOTAL NONINTEREST EXPENSE,"ytd_nonint_exp(t) - ytd_nonint_exp(t-1) within the bank-year; Q1 = ytd_nonint_exp; NaN where the prior quarter is missing or blank (an annual filer's Q4 total stays in ytd_nonint_exp, its flows are NaN)",ytd_nonint_exp,income_statement.csv,184850.0,0.9785,1986Q4,2026Q2,0.0,17543348878.0
q_taxes_inc,flow,True,HI,quarterly,thousands_usd,any,,all,,,Quarterly flow of ytd_taxes_inc: APPLICABLE INCOME TAXES,"ytd_taxes_inc(t) - ytd_taxes_inc(t-1) within the bank-year; Q1 = ytd_taxes_inc; NaN where the prior quarter is missing or blank (an annual filer's Q4 total stays in ytd_taxes_inc, its flows are NaN)",ytd_taxes_inc,income_statement.csv,184700.0,0.9777,1986Q4,2026Q2,0.0625,1830507240.0
q_int_inc,flow,True,HI,quarterly,thousands_usd,nonneg,,all,,,Quarterly flow of ytd_int_inc: TOTAL INTEREST INCOME,"ytd_int_inc(t) - ytd_int_inc(t-1) within the bank-year; Q1 = ytd_int_inc; NaN where the prior quarter is missing or blank (an annual filer's Q4 total stays in ytd_int_inc, its flows are NaN)",ytd_int_inc,income_statement.csv,184878.0,0.9786,1986Q4,2026Q2,0.0001,23265681482.0
q_int_exp,flow,True,HI,quarterly,thousands_usd,nonneg,,all,,,Quarterly flow of ytd_int_exp: TOTAL INTEREST EXPENSE,"ytd_int_exp(t) - ytd_int_exp(t-1) within the bank-year; Q1 = ytd_int_exp; NaN where the prior quarter is missing or blank (an annual filer's Q4 total stays in ytd_int_exp, its flows are NaN)",ytd_int_exp,income_statement.csv,184872.0,0.9786,1986Q4,2026Q2,0.0001,9514706323.0
q_tradrev_inc_1_pre01,flow,True,HI,quarterly,thousands_usd,any,,all,,,Quarterly flow of ytd_tradrev_inc_1_pre01: NONINTEREST INCOME ON OTHER GAINS (LOSSES) AND FEES FROM TRADING ASSETS AND LIABILITIES,"ytd_tradrev_inc_1_pre01(t) - ytd_tradrev_inc_1_pre01(t-1) within the bank-year; Q1 = ytd_tradrev_inc_1_pre01; NaN where the prior quarter is missing or blank (an annual filer's Q4 total stays in ytd_tradrev_inc_1_pre01, its flows are NaN)",ytd_tradrev_inc_1_pre01,income_statement.csv,52683.0,0.2789,1986Q4,1995Q4,0.8317,31152403.0
q_int_exp_time_gt100k_dom_pre97,flow,True,HI,quarterly,thousands_usd,nonneg,,all,,,Quarterly flow of ytd_int_exp_time_gt100k_dom_pre97: INTEREST ON TIME CD'S OF $100;000 OR MORE ISSUED BY DOMESTIC OFFICES,"ytd_int_exp_time_gt100k_dom_pre97(t) - ytd_int_exp_time_gt100k_dom_pre97(t-1) within the bank-year; Q1 = ytd_int_exp_time_gt100k_dom_pre97; NaN where the prior quarter is missing or blank (an annual filer's Q4 total stays in ytd_int_exp_time_gt100k_dom_pre97, its flows are NaN)",ytd_int_exp_time_gt100k_dom_pre97,income_statement.csv,59188.0,0.3133,1986Q4,1996Q4,0.0056,166848133.0
q_int_exp_time_gt100k_dom_97,flow,True,HI,quarterly,thousands_usd,nonneg,,all,,,Quarterly flow of ytd_int_exp_time_gt100k_dom_97: INTEREST ON TIME DEPOSITS OF $100;000 OR MORE,"ytd_int_exp_time_gt100k_dom_97(t) - ytd_int_exp_time_gt100k_dom_97(t-1) within the bank-year; Q1 = ytd_int_exp_time_gt100k_dom_97; NaN where the prior quarter is missing or blank (an annual filer's Q4 total stays in ytd_int_exp_time_gt100k_dom_97, its flows are NaN)",ytd_int_exp_time_gt100k_dom_97,income_statement.csv,110034.0,0.5825,1997Q1,2016Q4,0.0057,384465945.0
q_structflag_business_combo,flow,True,HI-A,quarterly,thousands_usd,any,,all,,,Quarterly flow of ytd_structflag_business_combo: CHANGES INCIDENT TO BUSINESS COMBINATIONS; NET,"ytd_structflag_business_combo(t) - ytd_structflag_business_combo(t-1) within the bank-year; Q1 = ytd_structflag_business_combo; NaN where the prior quarter is missing or blank (an annual filer's Q4 total stays in ytd_structflag_business_combo, its flows are NaN)",ytd_structflag_business_combo,income_statement.csv,182399.0,0.9655,1986Q4,2026Q2,0.9603,1325679096.0
q_structflag_restatement,flow,True,HI-A,quarterly,thousands_usd,any,,all,,,Quarterly flow of ytd_structflag_restatement: RESTATEMENTS DUE TO CORRECTIONS OF MATERIAL ACCOUNTING ERRORS AND CHANGES IN ACCOUNTING PRINCIPLES,"ytd_structflag_restatement(t) - ytd_structflag_restatement(t-1) within the bank-year; Q1 = ytd_structflag_restatement; NaN where the prior quarter is missing or blank (an annual filer's Q4 total stays in ytd_structflag_restatement, its flows are NaN)",ytd_structflag_restatement,income_statement.csv,99686.0,0.5277,2001Q1,2026Q2,0.9688,-58321807.0
q_structflag_discontinued_ops,flow,True,HI,quarterly,thousands_usd,any,,all,,,Quarterly flow of ytd_structflag_discontinued_ops: DISCONTINUED OPERATIONS; NET OF APPLICABLE INCOME TAXES,"ytd_structflag_discontinued_ops(t) - ytd_structflag_discontinued_ops(t-1) within the bank-year; Q1 = ytd_structflag_discontinued_ops; NaN where the prior quarter is missing or blank (an annual filer's Q4 total stays in ytd_structflag_discontinued_ops, its flows are NaN)",ytd_structflag_discontinued_ops,income_statement.csv,16290.0,0.0862,2016Q4,2026Q2,0.9818,9759159.0
q_int_inc_ln_rre_08,flow,True,HI,quarterly,thousands_usd,nonneg,,all,,,Quarterly flow of ytd_int_inc_ln_rre_08: INTEREST AND FEE INCOME ON LOANS SECURED BY 1-4 FAMILY RESIDENTIAL PROPERTIES,"ytd_int_inc_ln_rre_08(t) - ytd_int_inc_ln_rre_08(t-1) within the bank-year; Q1 = ytd_int_inc_ln_rre_08; NaN where the prior quarter is missing or blank (an annual filer's Q4 total stays in ytd_int_inc_ln_rre_08, its flows are NaN)",ytd_int_inc_ln_rre_08,income_statement.csv,50791.0,0.2689,2008Q1,2026Q2,0.0143,1726128991.0
q_int_inc_ln_oth_re_08,flow,True,HI,quarterly,thousands_usd,nonneg,,all,,,Quarterly flow of ytd_int_inc_ln_oth_re_08: INTEREST AND FEE INCOME ON ALL OTHER LOANS SECURED BY REAL ESTATE,"ytd_int_inc_ln_oth_re_08(t) - ytd_int_inc_ln_oth_re_08(t-1) within the bank-year; Q1 = ytd_int_inc_ln_oth_re_08; NaN where the prior quarter is missing or blank (an annual filer's Q4 total stays in ytd_int_inc_ln_oth_re_08, its flows are NaN)",ytd_int_inc_ln_oth_re_08,income_statement.csv,50791.0,0.2689,2008Q1,2026Q2,0.0133,1544466011.0
q_int_inc_ln_alloth_dom_08,flow,True,HI,quarterly,thousands_usd,nonneg,,all,,,Quarterly flow of ytd_int_inc_ln_alloth_dom_08: INTEREST AND FEE INCOME ON ALL OTHER LOANS IN DOMESTIC OFFICES,"ytd_int_inc_ln_alloth_dom_08(t) - ytd_int_inc_ln_alloth_dom_08(t-1) within the bank-year; Q1 = ytd_int_inc_ln_alloth_dom_08; NaN where the prior quarter is missing or blank (an annual filer's Q4 total stays in ytd_int_inc_ln_alloth_dom_08, its flows are NaN)",ytd_int_inc_ln_alloth_dom_08,income_statement.csv,50791.0,0.2689,2008Q1,2026Q2,0.0022,5054089082.0
q_int_inc_ln_foreign,flow,True,HI,quarterly,thousands_usd,nonneg,,all,,,Quarterly flow of ytd_int_inc_ln_foreign: INTEREST AND FEE INCOME ON LOANS IN FOREIGN OFFICES; EDGE AND AGREEMENT SUBSIDIARIES; AND IBFS,"ytd_int_inc_ln_foreign(t) - ytd_int_inc_ln_foreign(t-1) within the bank-year; Q1 = ytd_int_inc_ln_foreign; NaN where the prior quarter is missing or blank (an annual filer's Q4 total stays in ytd_int_inc_ln_foreign, its flows are NaN)",ytd_int_inc_ln_foreign,income_statement.csv,142777.0,0.7558,1986Q4,2026Q2,0.9357,1506659671.0
q_int_inc_ln_pre01,flow,True,HI,quarterly,thousands_usd,nonneg,,all,,,Quarterly flow of ytd_int_inc_ln_pre01: INTEREST AND FEE INCOME ON LOANS EXCLUDING OBLIGATIONS (OTHER THAN SECURITIES) OF STATES AND POLITICAL SUBDIVISIONS IN THE U.S.,"ytd_int_inc_ln_pre01(t) - ytd_int_inc_ln_pre01(t-1) within the bank-year; Q1 = ytd_int_inc_ln_pre01; NaN where the prior quarter is missing or blank (an annual filer's Q4 total stays in ytd_int_inc_ln_pre01, its flows are NaN)",ytd_int_inc_ln_pre01,income_statement.csv,84532.0,0.4475,1986Q4,2000Q4,0.0006,3235230261.0
q_int_inc_ln_taxexempt_pre01,flow,True,HI,quarterly,thousands_usd,nonneg,,all,,,Quarterly flow of ytd_int_inc_ln_taxexempt_pre01: INTEREST AND FEE INCOME ON TAX-EXEMPT OBLIGATIONS (OTHER THAN SECURITIES AND LEASES) OF STATES AND POLITICAL SUBDIVISIONS IN THE U.S.,"ytd_int_inc_ln_taxexempt_pre01(t) - ytd_int_inc_ln_taxexempt_pre01(t-1) within the bank-year; Q1 = ytd_int_inc_ln_taxexempt_pre01; NaN where the prior quarter is missing or blank (an annual filer's Q4 total stays in ytd_int_inc_ln_taxexempt_pre01, its flows are NaN)",ytd_int_inc_ln_taxexempt_pre01,income_statement.csv,78760.0,0.4169,1987Q4,2000Q4,0.3232,27797639.0
q_oth_comprehensive_income,flow,True,HI-A,quarterly,thousands_usd,any,,all,,,Quarterly flow of ytd_oth_comprehensive_income: OTHER COMPREHENSIVE INCOME,"ytd_oth_comprehensive_income(t) - ytd_oth_comprehensive_income(t-1) within the bank-year; Q1 = ytd_oth_comprehensive_income; NaN where the prior quarter is missing or blank (an annual filer's Q4 total stays in ytd_oth_comprehensive_income, its flows are NaN)",ytd_oth_comprehensive_income,ri_a_equity.csv,100322.0,0.531,2001Q1,2026Q2,0.0189,-187686026.0
q_div_common,flow,True,HI-A,quarterly,thousands_usd,any,,all,,,Quarterly flow of ytd_div_common: CASH DIVIDENDS DECLARED ON COMMON STOCK,"ytd_div_common(t) - ytd_div_common(t-1) within the bank-year; Q1 = ytd_div_common; NaN where the prior quarter is missing or blank (an annual filer's Q4 total stays in ytd_div_common, its flows are NaN)",ytd_div_common,ri_a_equity.csv,183764.0,0.9727,1986Q4,2026Q2,0.4033,1760212164.0
q_div_preferred,flow,True,HI-A,quarterly,thousands_usd,any,,all,,,Quarterly flow of ytd_div_preferred: LESS: CASH DIVIDENDS DECLARED ON PERPETUAL PREFERRED STOCK,"ytd_div_preferred(t) - ytd_div_preferred(t-1) within the bank-year; Q1 = ytd_div_preferred; NaN where the prior quarter is missing or blank (an annual filer's Q4 total stays in ytd_div_preferred, its flows are NaN)",ytd_div_preferred,ri_a_equity.csv,182406.0,0.9656,1986Q4,2026Q2,0.8855,206368574.0
q_co_farmland,flow,True,HI-B,quarterly,thousands_usd,nonneg,,all,,,Quarterly flow of ytd_co_farmland: CHARGE-OFFS ON LOANS SECURED BY FARMLAND,"ytd_co_farmland(t) - ytd_co_farmland(t-1) within the bank-year; Q1 = ytd_co_farmland; NaN where the prior quarter is missing or blank (an annual filer's Q4 total stays in ytd_co_farmland, its flows are NaN)",ytd_co_farmland,ri_b_chargeoffs.csv,160175.0,0.8479,1990Q4,2026Q2,0.9413,2131439.0
q_rec_farmland,flow,True,HI-B,quarterly,thousands_usd,any,,all,,,Quarterly flow of ytd_rec_farmland: RECOVERIES ON LOANS SECURED BY FARMLAND,"ytd_rec_farmland(t) - ytd_rec_farmland(t-1) within the bank-year; Q1 = ytd_rec_farmland; NaN where the prior quarter is missing or blank (an annual filer's Q4 total stays in ytd_rec_farmland, its flows are NaN)",ytd_rec_farmland,ri_b_chargeoffs.csv,160198.0,0.848,1990Q4,2026Q2,0.9301,572149.0
q_co_multifam,flow,True,HI-B,quarterly,thousands_usd,nonneg,,all,,,Quarterly flow of ytd_co_multifam: CHARGE-OFFS ON LOANS SECURED BY MULTIFAMILY (5 OR MORE) RESIDENTIAL PROPERTIES,"ytd_co_multifam(t) - ytd_co_multifam(t-1) within the bank-year; Q1 = ytd_co_multifam; NaN where the prior quarter is missing or blank (an annual filer's Q4 total stays in ytd_co_multifam, its flows are NaN)",ytd_co_multifam,ri_b_chargeoffs.csv,160206.0,0.848,1990Q4,2026Q2,0.916,13883523.0
q_rec_multifam,flow,True,HI-B,quarterly,thousands_usd,any,,all,,,Quarterly flow of ytd_rec_multifam: RECOVERIES ON LOANS SECURED BY MULTIFAMILY (5 OR MORE) RESIDENTIAL PROPERTIES,"ytd_rec_multifam(t) - ytd_rec_multifam(t-1) within the bank-year; Q1 = ytd_rec_multifam; NaN where the prior quarter is missing or blank (an annual filer's Q4 total stays in ytd_rec_multifam, its flows are NaN)",ytd_rec_multifam,ri_b_chargeoffs.csv,160182.0,0.8479,1990Q4,2026Q2,0.9149,2017087.0
q_co_depinst,flow,True,HI-B,quarterly,thousands_usd,nonneg,,all,,,Quarterly flow of ytd_co_depinst: CHARGE-OFFS ON LOANS TO DEPOSITORY INSTITUTIONS AND ACCEPTANCES OF OTHER BANKS TO FOREIGN BANKS,"ytd_co_depinst(t) - ytd_co_depinst(t-1) within the bank-year; Q1 = ytd_co_depinst; NaN where the prior quarter is missing or blank (an annual filer's Q4 total stays in ytd_co_depinst, its flows are NaN)",ytd_co_depinst,ri_b_chargeoffs.csv,145815.0,0.7719,1991Q1,2017Q4,0.9971,2154282.0
q_rec_depinst,flow,True,HI-B,quarterly,thousands_usd,any,,all,,,Quarterly flow of ytd_rec_depinst: RECOVERIES ON LOANS TO DEPOSITORY INSTITUTIONS AND ACCEPTANCES OF OTHER BANKS TO FOREIGN BANKS,"ytd_rec_depinst(t) - ytd_rec_depinst(t-1) within the bank-year; Q1 = ytd_rec_depinst; NaN where the prior quarter is missing or blank (an annual filer's Q4 total stays in ytd_rec_depinst, its flows are NaN)",ytd_rec_depinst,ri_b_chargeoffs.csv,145813.0,0.7719,1991Q1,2017Q4,0.9954,635199.0
q_rec_tot,flow,True,HI-B,quarterly,thousands_usd,any,,all,,,Quarterly flow of ytd_rec_tot: RECOVERIES ON ALLOWANCE FOR LOAN AND LEASE LOSSES,"ytd_rec_tot(t) - ytd_rec_tot(t-1) within the bank-year; Q1 = ytd_rec_tot; NaN where the prior quarter is missing or blank (an annual filer's Q4 total stays in ytd_rec_tot, its flows are NaN)",ytd_rec_tot,ri_b_chargeoffs.csv,184666.0,0.9775,1986Q4,2026Q2,0.047,520480216.0
q_rec_forgovt,flow,True,HI-B,quarterly,thousands_usd,any,,all,,,Quarterly flow of ytd_rec_forgovt: RECOVERIES ON LOANS TO FOREIGN GOVERNMENTS AND OFFICIAL INSTITUTIONS,"ytd_rec_forgovt(t) - ytd_rec_forgovt(t-1) within the bank-year; Q1 = ytd_rec_forgovt; NaN where the prior quarter is missing or blank (an annual filer's Q4 total stays in ytd_rec_forgovt, its flows are NaN)",ytd_rec_forgovt,ri_b_chargeoffs.csv,178287.0,0.9438,1986Q4,2026Q2,0.9905,2466664.0
q_rec_othln,flow,True,HI-B,quarterly,thousands_usd,any,,all,,,Quarterly flow of ytd_rec_othln: RECOVERIES ON ALL OTHER LOANS,"ytd_rec_othln(t) - ytd_rec_othln(t-1) within the bank-year; Q1 = ytd_rec_othln; NaN where the prior quarter is missing or blank (an annual filer's Q4 total stays in ytd_rec_othln, its flows are NaN)",ytd_rec_othln,ri_b_chargeoffs.csv,159280.0,0.8431,1991Q1,2026Q2,0.7652,14574656.0
q_co_tot,flow,True,HI-B,quarterly,thousands_usd,nonneg,,all,,,Quarterly flow of ytd_co_tot: CHARGE-OFFS ON ALLOWANCE FOR LOAN AND LEASE LOSSES,"ytd_co_tot(t) - ytd_co_tot(t-1) within the bank-year; Q1 = ytd_co_tot; NaN where the prior quarter is missing or blank (an annual filer's Q4 total stays in ytd_co_tot, its flows are NaN)",ytd_co_tot,ri_b_chargeoffs.csv,184706.0,0.9777,1986Q4,2026Q2,0.0431,2712837576.0
q_co_forgovt,flow,True,HI-B,quarterly,thousands_usd,nonneg,,all,,,Quarterly flow of ytd_co_forgovt: CHARGE-OFFS ON LOANS TO FOREIGN GOVERNMENTS AND OFFICIAL INSTITUTIONS,"ytd_co_forgovt(t) - ytd_co_forgovt(t-1) within the bank-year; Q1 = ytd_co_forgovt; NaN where the prior quarter is missing or blank (an annual filer's Q4 total stays in ytd_co_forgovt, its flows are NaN)",ytd_co_forgovt,ri_b_chargeoffs.csv,178297.0,0.9438,1986Q4,2026Q2,0.992,23726820.0
q_co_othln,flow,True,HI-B,quarterly,thousands_usd,nonneg,,all,,,Quarterly flow of ytd_co_othln: CHARGE-OFFS ON ALL OTHER LOANS,"ytd_co_othln(t) - ytd_co_othln(t-1) within the bank-year; Q1 = ytd_co_othln; NaN where the prior quarter is missing or blank (an annual filer's Q4 total stays in ytd_co_othln, its flows are NaN)",ytd_co_othln,ri_b_chargeoffs.csv,159303.0,0.8433,1991Q1,2026Q2,0.7638,61470002.0
q_co_agprod,flow,True,HI-B,quarterly,thousands_usd,nonneg,,all,,,Quarterly flow of ytd_co_agprod: CHARGE-OFFS ON LOANS TO FINANCE AGRICULTURAL PRODUCTION AND OTHER LOANS TO FARMERS,"ytd_co_agprod(t) - ytd_co_agprod(t-1) within the bank-year; Q1 = ytd_co_agprod; NaN where the prior quarter is missing or blank (an annual filer's Q4 total stays in ytd_co_agprod, its flows are NaN)",ytd_co_agprod,ri_b_chargeoffs.csv,182577.0,0.9665,1986Q4,2026Q2,0.8879,6479573.0
q_rec_agprod,flow,True,HI-B,quarterly,thousands_usd,any,,all,,,Quarterly flow of ytd_rec_agprod: RECOVERIES ON LOANS TO FINANCE AGRICULTURAL PRODUCTION AND OTHER LOANS TO FARMERS,"ytd_rec_agprod(t) - ytd_rec_agprod(t-1) within the bank-year; Q1 = ytd_rec_agprod; NaN where the prior quarter is missing or blank (an annual filer's Q4 total stays in ytd_rec_agprod, its flows are NaN)",ytd_rec_agprod,ri_b_chargeoffs.csv,182593.0,0.9665,1986Q4,2026Q2,0.8583,2199661.0
q_co_finance_cre,flow,True,HI-B,quarterly,thousands_usd,nonneg,,all,,,Quarterly flow of ytd_co_finance_cre: CHARGE-OFFS ON LOANS TO FINANCE COMMERCIAL REAL ESTATE; CONSTRUCTION; AND LAND DEVELOPMENT ACTIVITIES INCLUDED IN ITEMS 4645; 4646; AND 4644,"ytd_co_finance_cre(t) - ytd_co_finance_cre(t-1) within the bank-year; Q1 = ytd_co_finance_cre; NaN where the prior quarter is missing or blank (an annual filer's Q4 total stays in ytd_co_finance_cre, its flows are NaN)",ytd_co_finance_cre,ri_b_chargeoffs.csv,158595.0,0.8395,1991Q1,2026Q2,0.959,8250117.0
q_rec_finance_cre,flow,True,HI-B,quarterly,thousands_usd,any,,all,,,Quarterly flow of ytd_rec_finance_cre: RECOVERIES ON LOANS TO FINANCE COMMERCIAL REAL ESTATE; CONSTRUCTION; AND LAND DEVELOPMENT ACTIVITIES INCLUDED IN ITEMS 4617; 4618; AND 4628,"ytd_rec_finance_cre(t) - ytd_rec_finance_cre(t-1) within the bank-year; Q1 = ytd_rec_finance_cre; NaN where the prior quarter is missing or blank (an annual filer's Q4 total stays in ytd_rec_finance_cre, its flows are NaN)",ytd_rec_finance_cre,ri_b_chargeoffs.csv,158569.0,0.8394,1991Q1,2026Q2,0.9519,1673838.0
q_co_heloc,flow,True,HI-B,quarterly,thousands_usd,nonneg,,all,,,Quarterly flow of ytd_co_heloc: CHARGE-OFFS ON REVOLVING; OPEN-END LOANS SECURED BY 1-4 FAMILY RESIDENTIAL PROPERTIES AND EXTENDED UNDER LINES OF CREDIT,"ytd_co_heloc(t) - ytd_co_heloc(t-1) within the bank-year; Q1 = ytd_co_heloc; NaN where the prior quarter is missing or blank (an annual filer's Q4 total stays in ytd_co_heloc, its flows are NaN)",ytd_co_heloc,ri_b_chargeoffs.csv,158789.0,0.8405,1991Q1,2026Q2,0.7888,105318497.0
q_rec_heloc,flow,True,HI-B,quarterly,thousands_usd,any,,all,,,Quarterly flow of ytd_rec_heloc: RECOVERIES ON REVOLVING; OPEN-END LOANS SECURED BY 1-4 FAMILY RESIDENTIAL PROPERTIES AND EXTENDED UNDER LINES OF CREDIT,"ytd_rec_heloc(t) - ytd_rec_heloc(t-1) within the bank-year; Q1 = ytd_rec_heloc; NaN where the prior quarter is missing or blank (an annual filer's Q4 total stays in ytd_rec_heloc, its flows are NaN)",ytd_rec_heloc,ri_b_chargeoffs.csv,158731.0,0.8402,1991Q1,2026Q2,0.7983,16541357.0
q_co_cc,flow,True,HI-B,quarterly,thousands_usd,nonneg,,all,,,Quarterly flow of ytd_co_cc: CHARGE-OFFS ON LOANS TO CREDIT CARDS,"ytd_co_cc(t) - ytd_co_cc(t-1) within the bank-year; Q1 = ytd_co_cc; NaN where the prior quarter is missing or blank (an annual filer's Q4 total stays in ytd_co_cc, its flows are NaN)",ytd_co_cc,ri_b_chargeoffs.csv,99762.0,0.5281,2001Q1,2026Q2,0.6952,894917996.0
q_rec_cc,flow,True,HI-B,quarterly,thousands_usd,any,,all,,,Quarterly flow of ytd_rec_cc: RECOVERIES ON LOANS TO CREDIT CARDS,"ytd_rec_cc(t) - ytd_rec_cc(t-1) within the bank-year; Q1 = ytd_rec_cc; NaN where the prior quarter is missing or blank (an annual filer's Q4 total stays in ytd_rec_cc, its flows are NaN)",ytd_rec_cc,ri_b_chargeoffs.csv,99683.0,0.5277,2001Q1,2026Q2,0.7389,150929334.0
q_rec_famres_first,flow,True,HI-B,quarterly,thousands_usd,any,,all,,,Quarterly flow of ytd_rec_famres_first: RECOVERIES ON CLOSED-END LOANS SECURED BY 1-4 FAMILY RESIDENTIAL PROPERTIES:SECURED BY FIRST LIENS,"ytd_rec_famres_first(t) - ytd_rec_famres_first(t-1) within the bank-year; Q1 = ytd_rec_famres_first; NaN where the prior quarter is missing or blank (an annual filer's Q4 total stays in ytd_rec_famres_first, its flows are NaN)",ytd_rec_famres_first,ri_b_chargeoffs.csv,92653.0,0.4905,2002Q1,2026Q2,0.5337,18394232.0
q_rec_famres_junior,flow,True,HI-B,quarterly,thousands_usd,any,,all,,,Quarterly flow of ytd_rec_famres_junior: RECOVERIES ON CLOSED-END LOANS SECURED BY 1-4 FAMILY RESIDENTIAL PROPERTIES:SECURED BY JUNIOR LIENS,"ytd_rec_famres_junior(t) - ytd_rec_famres_junior(t-1) within the bank-year; Q1 = ytd_rec_famres_junior; NaN where the prior quarter is missing or blank (an annual filer's Q4 total stays in ytd_rec_famres_junior, its flows are NaN)",ytd_rec_famres_junior,ri_b_chargeoffs.csv,92554.0,0.4899,2002Q1,2026Q2,0.6814,7181882.0
q_co_famres_first,flow,True,HI-B,quarterly,thousands_usd,nonneg,,all,,,Quarterly flow of ytd_co_famres_first: CHARGE-OFFS ON CLOSED-END LOANS BY 1-4 FAMILY RESIDENTIAL PROPERTIES:SECURED BY FIRST LIENS,"ytd_co_famres_first(t) - ytd_co_famres_first(t-1) within the bank-year; Q1 = ytd_co_famres_first; NaN where the prior quarter is missing or blank (an annual filer's Q4 total stays in ytd_co_famres_first, its flows are NaN)",ytd_co_famres_first,ri_b_chargeoffs.csv,92686.0,0.4906,2002Q1,2026Q2,0.4978,155507598.0
q_co_famres_junior,flow,True,HI-B,quarterly,thousands_usd,nonneg,,all,,,Quarterly flow of ytd_co_famres_junior: CHARGE-OFFS ON CLOSED-END LOANS SECURED BY 1-4 FAMILY RESIDENTIAL PROPERTIES:SECURED BY JUNIOR LIENS,"ytd_co_famres_junior(t) - ytd_co_famres_junior(t-1) within the bank-year; Q1 = ytd_co_famres_junior; NaN where the prior quarter is missing or blank (an annual filer's Q4 total stays in ytd_co_famres_junior, its flows are NaN)",ytd_co_famres_junior,ri_b_chargeoffs.csv,92575.0,0.49,2002Q1,2026Q2,0.7245,58688287.0
q_cc_fees_reversed,flow,True,HI-B,quarterly,thousands_usd,nonneg,,all,,,Quarterly flow of ytd_cc_fees_reversed: UNCOLLECTIBLE CREDIT CARD FEES & FINANCE CHARGES REVERSED AGAINST INCOME (I.E.; NOT INCLUDED IN CHARGE-OFFS AGAINST THE ALLOWANCE FOR LOAN AND LEASE LOSSES),"ytd_cc_fees_reversed(t) - ytd_cc_fees_reversed(t-1) within the bank-year; Q1 = ytd_cc_fees_reversed; NaN where the prior quarter is missing or blank (an annual filer's Q4 total stays in ytd_cc_fees_reversed, its flows are NaN)",ytd_cc_fees_reversed,ri_b_chargeoffs.csv,71634.0,0.3792,2003Q1,2026Q2,0.9689,180676393.0
q_co_constr_res14,flow,True,HI-B,quarterly,thousands_usd,nonneg,,all,,,Quarterly flow of ytd_co_constr_res14: 1-4 FAMILY RESIDENTIAL CONSTRUCTION LOANS; CHARGE-OFFS,"ytd_co_constr_res14(t) - ytd_co_constr_res14(t-1) within the bank-year; Q1 = ytd_co_constr_res14; NaN where the prior quarter is missing or blank (an annual filer's Q4 total stays in ytd_co_constr_res14, its flows are NaN)",ytd_co_constr_res14,ri_b_chargeoffs.csv,54653.0,0.2893,2007Q1,2026Q2,0.797,25049755.0
q_rec_constr_res14,flow,True,HI-B,quarterly,thousands_usd,any,,all,,,Quarterly flow of ytd_rec_constr_res14: 1-4 FAMILY RESIDENTIAL CONSTRUCTION LOANS RECOVERIES,"ytd_rec_constr_res14(t) - ytd_rec_constr_res14(t-1) within the bank-year; Q1 = ytd_rec_constr_res14; NaN where the prior quarter is missing or blank (an annual filer's Q4 total stays in ytd_rec_constr_res14, its flows are NaN)",ytd_rec_constr_res14,ri_b_chargeoffs.csv,54653.0,0.2893,2007Q1,2026Q2,0.8058,2192476.0
q_co_constr_oth,flow,True,HI-B,quarterly,thousands_usd,nonneg,,all,,,Quarterly flow of ytd_co_constr_oth: OTHER CONSTRUCTION LOANS AND ALL LAND DEVELOPMENT AND OTHER LAND LOANS; CHARGE-OFFS,"ytd_co_constr_oth(t) - ytd_co_constr_oth(t-1) within the bank-year; Q1 = ytd_co_constr_oth; NaN where the prior quarter is missing or blank (an annual filer's Q4 total stays in ytd_co_constr_oth, its flows are NaN)",ytd_co_constr_oth,ri_b_chargeoffs.csv,54655.0,0.2893,2007Q1,2026Q2,0.6833,58223349.0
q_rec_constr_oth,flow,True,HI-B,quarterly,thousands_usd,any,,all,,,Quarterly flow of ytd_rec_constr_oth: OTHER CONSTRUCTION LOANS AND ALL LAND DEVELOPMENT AND OTHER LAND LOANS; RECOVERIES,"ytd_rec_constr_oth(t) - ytd_rec_constr_oth(t-1) within the bank-year; Q1 = ytd_rec_constr_oth; NaN where the prior quarter is missing or blank (an annual filer's Q4 total stays in ytd_rec_constr_oth, its flows are NaN)",ytd_rec_constr_oth,ri_b_chargeoffs.csv,54651.0,0.2893,2007Q1,2026Q2,0.6774,6314602.0
q_co_nfnres_owner,flow,True,HI-B,quarterly,thousands_usd,nonneg,,all,,,Quarterly flow of ytd_co_nfnres_owner: LOANS SECURED BY OWNER-OCCUPIED NONFARM NONRESIDENTIAL PROPERTIES: CHARGE-OFFS,"ytd_co_nfnres_owner(t) - ytd_co_nfnres_owner(t-1) within the bank-year; Q1 = ytd_co_nfnres_owner; NaN where the prior quarter is missing or blank (an annual filer's Q4 total stays in ytd_co_nfnres_owner, its flows are NaN)",ytd_co_nfnres_owner,ri_b_chargeoffs.csv,54653.0,0.2893,2007Q1,2026Q2,0.6375,19911154.0
q_rec_nfnres_owner,flow,True,HI-B,quarterly,thousands_usd,any,,all,,,Quarterly flow of ytd_rec_nfnres_owner: LOANS SECURED BY OWNER-OCCUPIED NONFARM NONRESIDENTIAL PROPERTIES: RECOVERIES,"ytd_rec_nfnres_owner(t) - ytd_rec_nfnres_owner(t-1) within the bank-year; Q1 = ytd_rec_nfnres_owner; NaN where the prior quarter is missing or blank (an annual filer's Q4 total stays in ytd_rec_nfnres_owner, its flows are NaN)",ytd_rec_nfnres_owner,ri_b_chargeoffs.csv,54662.0,0.2894,2007Q1,2026Q2,0.618,3979901.0
q_co_nfnres_oth,flow,True,HI-B,quarterly,thousands_usd,nonneg,,all,,,Quarterly flow of ytd_co_nfnres_oth: LOANS SECURED BY OTHER NONFARM NONRESIDENTIAL PROPERTIES: CHARGE-OFFS,"ytd_co_nfnres_oth(t) - ytd_co_nfnres_oth(t-1) within the bank-year; Q1 = ytd_co_nfnres_oth; NaN where the prior quarter is missing or blank (an annual filer's Q4 total stays in ytd_co_nfnres_oth, its flows are NaN)",ytd_co_nfnres_oth,ri_b_chargeoffs.csv,54653.0,0.2893,2007Q1,2026Q2,0.6583,49461028.0
q_rec_nfnres_oth,flow,True,HI-B,quarterly,thousands_usd,any,,all,,,Quarterly flow of ytd_rec_nfnres_oth: LOANS SECURED BY OTHER NONFARM NONRESIDENTIAL PROPERTIES: RECOVERIES,"ytd_rec_nfnres_oth(t) - ytd_rec_nfnres_oth(t-1) within the bank-year; Q1 = ytd_rec_nfnres_oth; NaN where the prior quarter is missing or blank (an annual filer's Q4 total stays in ytd_rec_nfnres_oth, its flows are NaN)",ytd_rec_nfnres_oth,ri_b_chargeoffs.csv,54652.0,0.2893,2007Q1,2026Q2,0.6437,6726482.0
q_co_auto,flow,True,HI-B,quarterly,thousands_usd,nonneg,,all,,,Quarterly flow of ytd_co_auto: CHARGE-OFFS ON AUTOMOBILE LOANS,"ytd_co_auto(t) - ytd_co_auto(t-1) within the bank-year; Q1 = ytd_co_auto; NaN where the prior quarter is missing or blank (an annual filer's Q4 total stays in ytd_co_auto, its flows are NaN)",ytd_co_auto,ri_b_chargeoffs.csv,38718.0,0.205,2011Q1,2026Q2,0.5566,142093407.0
q_rec_auto,flow,True,HI-B,quarterly,thousands_usd,any,,all,,,Quarterly flow of ytd_rec_auto: RECOVERIES ON AUTOMOBILE LOANS,"ytd_rec_auto(t) - ytd_rec_auto(t-1) within the bank-year; Q1 = ytd_rec_auto; NaN where the prior quarter is missing or blank (an annual filer's Q4 total stays in ytd_rec_auto, its flows are NaN)",ytd_rec_auto,ri_b_chargeoffs.csv,38718.0,0.205,2011Q1,2026Q2,0.5116,66645918.0
q_co_consumer_oth_ex_auto,flow,True,HI-B,quarterly,thousands_usd,nonneg,,all,,,Quarterly flow of ytd_co_consumer_oth_ex_auto: CHARGE-OFFS ALL OTHER (INCLUDES SINGLE PAYMENT; INSTALLMENT; ALL STUDENT LOANS; AND REVOLVING CREDIT PLANS OTHER THAN CREDIT CARDS),"ytd_co_consumer_oth_ex_auto(t) - ytd_co_consumer_oth_ex_auto(t-1) within the bank-year; Q1 = ytd_co_consumer_oth_ex_auto; NaN where the prior quarter is missing or blank (an annual filer's Q4 total stays in ytd_co_consumer_oth_ex_auto, its flows are NaN)",ytd_co_consumer_oth_ex_auto,ri_b_chargeoffs.csv,38725.0,0.205,2011Q1,2026Q2,0.2392,94878430.0
q_rec_consumer_oth_ex_auto,flow,True,HI-B,quarterly,thousands_usd,any,,all,,,Quarterly flow of ytd_rec_consumer_oth_ex_auto: RECOVERIES ALL OTHER (INCLUDES SINGLE PAYMENT; INSTALLMENT; ALL STUDENT LOANS; AND REVOLVING CREDIT PLANS OTHER THAN CREDIT CARDS),"ytd_rec_consumer_oth_ex_auto(t) - ytd_rec_consumer_oth_ex_auto(t-1) within the bank-year; Q1 = ytd_rec_consumer_oth_ex_auto; NaN where the prior quarter is missing or blank (an annual filer's Q4 total stays in ytd_rec_consumer_oth_ex_auto, its flows are NaN)",ytd_rec_consumer_oth_ex_auto,ri_b_chargeoffs.csv,38725.0,0.205,2011Q1,2026Q2,0.2501,20998247.0
q_alll_adjustments,flow,True,HI-B,quarterly,thousands_usd,any,,all,,,Quarterly flow of ytd_alll_adjustments: ADJUSTMENTS,"ytd_alll_adjustments(t) - ytd_alll_adjustments(t-1) within the bank-year; Q1 = ytd_alll_adjustments; NaN where the prior quarter is missing or blank (an annual filer's Q4 total stays in ytd_alll_adjustments, its flows are NaN)",ytd_alll_adjustments,ri_b_chargeoffs.csv,92685.0,0.4906,2002Q1,2026Q2,0.9031,112957601.0
q_writedowns_transfer_to_hfs,flow,True,HI-B,quarterly,thousands_usd,nonneg,,all,,,Quarterly flow of ytd_writedowns_transfer_to_hfs: WRITE DOWNS ARISING FROM TRANSFER TO HFS,"ytd_writedowns_transfer_to_hfs(t) - ytd_writedowns_transfer_to_hfs(t-1) within the bank-year; Q1 = ytd_writedowns_transfer_to_hfs; NaN where the prior quarter is missing or blank (an annual filer's Q4 total stays in ytd_writedowns_transfer_to_hfs, its flows are NaN)",ytd_writedowns_transfer_to_hfs,ri_b_chargeoffs.csv,96224.0,0.5094,2001Q3,2026Q2,0.9782,53873139.0
q_co_cc_incl_revolving_4656,flow,True,HI-B,quarterly,thousands_usd,nonneg,,all,,,Quarterly flow of ytd_co_cc_incl_revolving_4656: CHARGE-OFFS ON LOANS TO INDIVIDUALS FOR HOUSEHOLD; FAMILY; AND OTHER PERSONAL EXPENDITURES - CREDIT CARDS AND RELATED PLANS,"ytd_co_cc_incl_revolving_4656(t) - ytd_co_cc_incl_revolving_4656(t-1) within the bank-year; Q1 = ytd_co_cc_incl_revolving_4656; NaN where the prior quarter is missing or blank (an annual filer's Q4 total stays in ytd_co_cc_incl_revolving_4656, its flows are NaN)",ytd_co_cc_incl_revolving_4656,ri_b_chargeoffs.csv,60061.0,0.3179,1991Q1,2000Q4,0.4218,104870879.0
q_rec_cc_incl_revolving_4666,flow,True,HI-B,quarterly,thousands_usd,any,,all,,,Quarterly flow of ytd_rec_cc_incl_revolving_4666: RECOVERIES ON LOANS TO INDIVIDUALS FOR HOUSEHOLD; FAMILY; AND OTHER PERSONAL EXPENDITURES - CREDIT CARDS AND RELATED PLANS,"ytd_rec_cc_incl_revolving_4666(t) - ytd_rec_cc_incl_revolving_4666(t-1) within the bank-year; Q1 = ytd_rec_cc_incl_revolving_4666; NaN where the prior quarter is missing or blank (an annual filer's Q4 total stays in ytd_rec_cc_incl_revolving_4666, its flows are NaN)",ytd_rec_cc_incl_revolving_4666,ri_b_chargeoffs.csv,59966.0,0.3174,1991Q1,2000Q4,0.5444,14447756.0
q_co_ci_us,flow,True,HI-B,quarterly,thousands_usd,nonneg,,all,,,Quarterly flow of ytd_co_ci_us: CHARGE-OFFS ON COMMERCIAL AND INDUSTRIAL LOANS TO U.S. ADDRESSEES,"ytd_co_ci_us(t) - ytd_co_ci_us(t-1) within the bank-year; Q1 = ytd_co_ci_us; NaN where the prior quarter is missing or blank (an annual filer's Q4 total stays in ytd_co_ci_us, its flows are NaN)",ytd_co_ci_us,ri_b_chargeoffs.csv,180397.0,0.9549,1986Q4,2026Q2,0.2678,386177783.0
q_co_ci_nonus,flow,True,HI-B,quarterly,thousands_usd,nonneg,,all,,,Quarterly flow of ytd_co_ci_nonus: CHARGE-OFFS ON COMMERCIAL AND INDUSTRIAL LOANS TO NON-U.S. ADDRESSEES,"ytd_co_ci_nonus(t) - ytd_co_ci_nonus(t-1) within the bank-year; Q1 = ytd_co_ci_nonus; NaN where the prior quarter is missing or blank (an annual filer's Q4 total stays in ytd_co_ci_nonus, its flows are NaN)",ytd_co_ci_nonus,ri_b_chargeoffs.csv,178243.0,0.9435,1986Q4,2026Q2,0.978,60690956.0
q_rec_ci_us,flow,True,HI-B,quarterly,thousands_usd,any,,all,,,Quarterly flow of ytd_rec_ci_us: RECOVERIES ON COMMERCIAL AND INDUSTRIAL LOANS TO U.S. ADDRESSEES (DOMICILE),"ytd_rec_ci_us(t) - ytd_rec_ci_us(t-1) within the bank-year; Q1 = ytd_rec_ci_us; NaN where the prior quarter is missing or blank (an annual filer's Q4 total stays in ytd_rec_ci_us, its flows are NaN)",ytd_rec_ci_us,ri_b_chargeoffs.csv,180467.0,0.9553,1986Q4,2026Q2,0.232,78794412.0
q_rec_ci_nonus,flow,True,HI-B,quarterly,thousands_usd,any,,all,,,Quarterly flow of ytd_rec_ci_nonus: RECOVERIES ON COMMERCIAL AND INDUSTRIAL LOANS TO NON-U.S. ADDRESSEES (DOMICILE),"ytd_rec_ci_nonus(t) - ytd_rec_ci_nonus(t-1) within the bank-year; Q1 = ytd_rec_ci_nonus; NaN where the prior quarter is missing or blank (an annual filer's Q4 total stays in ytd_rec_ci_nonus, its flows are NaN)",ytd_rec_ci_nonus,ri_b_chargeoffs.csv,178242.0,0.9435,1986Q4,2026Q2,0.9741,15136923.0
q_co_lease_us_pre07,flow,True,HI-B,quarterly,thousands_usd,nonneg,,all,,,Quarterly flow of ytd_co_lease_us_pre07: CHARGE-OFFS ON LEASE FINANCING RECEIVABLES OF U.S. ADDRESSEES (DOMICILE),"ytd_co_lease_us_pre07(t) - ytd_co_lease_us_pre07(t-1) within the bank-year; Q1 = ytd_co_lease_us_pre07; NaN where the prior quarter is missing or blank (an annual filer's Q4 total stays in ytd_co_lease_us_pre07, its flows are NaN)",ytd_co_lease_us_pre07,ri_b_chargeoffs.csv,127766.0,0.6763,1986Q4,2006Q4,0.9033,17774073.0
q_co_lease_nonus_pre07,flow,True,HI-B,quarterly,thousands_usd,nonneg,,all,,,Quarterly flow of ytd_co_lease_nonus_pre07: CHARGE-OFFS ON LEASE FINANCING RECEIVABLES OF NON-U.S. ADDRESSEES (DOMICILE),"ytd_co_lease_nonus_pre07(t) - ytd_co_lease_nonus_pre07(t-1) within the bank-year; Q1 = ytd_co_lease_nonus_pre07; NaN where the prior quarter is missing or blank (an annual filer's Q4 total stays in ytd_co_lease_nonus_pre07, its flows are NaN)",ytd_co_lease_nonus_pre07,ri_b_chargeoffs.csv,127309.0,0.6739,1986Q4,2006Q4,0.9969,1549695.0
q_rec_lease_us_pre07,flow,True,HI-B,quarterly,thousands_usd,any,,all,,,Quarterly flow of ytd_rec_lease_us_pre07: RECOVERIES ON LEASE FINANCING RECEIVABLES OF U.S. ADDRESSEES (DOMICILE),"ytd_rec_lease_us_pre07(t) - ytd_rec_lease_us_pre07(t-1) within the bank-year; Q1 = ytd_rec_lease_us_pre07; NaN where the prior quarter is missing or blank (an annual filer's Q4 total stays in ytd_rec_lease_us_pre07, its flows are NaN)",ytd_rec_lease_us_pre07,ri_b_chargeoffs.csv,127742.0,0.6762,1986Q4,2006Q4,0.9073,3901793.0
q_rec_lease_nonus_pre07,flow,True,HI-B,quarterly,thousands_usd,any,,all,,,Quarterly flow of ytd_rec_lease_nonus_pre07: RECOVERIES ON LEASE FINANCING RECEIVABLES OF NON-U.S. ADDRESSEES (DOMICILE),"ytd_rec_lease_nonus_pre07(t) - ytd_rec_lease_nonus_pre07(t-1) within the bank-year; Q1 = ytd_rec_lease_nonus_pre07; NaN where the prior quarter is missing or blank (an annual filer's Q4 total stays in ytd_rec_lease_nonus_pre07, its flows are NaN)",ytd_rec_lease_nonus_pre07,ri_b_chargeoffs.csv,127302.0,0.6739,1986Q4,2006Q4,0.9969,498291.0
q_co_lease_oth_07,flow,True,HI-B,quarterly,thousands_usd,nonneg,,all,,,Quarterly flow of ytd_co_lease_oth_07: CHARGE-OFFS OF ALL OTHER LEASE FINANCING RECEIVABLES,"ytd_co_lease_oth_07(t) - ytd_co_lease_oth_07(t-1) within the bank-year; Q1 = ytd_co_lease_oth_07; NaN where the prior quarter is missing or blank (an annual filer's Q4 total stays in ytd_co_lease_oth_07, its flows are NaN)",ytd_co_lease_oth_07,ri_b_chargeoffs.csv,50918.0,0.2695,2007Q1,2026Q2,0.9159,10872123.0
q_rec_lease_oth_07,flow,True,HI-B,quarterly,thousands_usd,any,,all,,,Quarterly flow of ytd_rec_lease_oth_07: RECOVERIES OF ALL OTHER LEASE FINANCING RECEIVABLES,"ytd_rec_lease_oth_07(t) - ytd_rec_lease_oth_07(t-1) within the bank-year; Q1 = ytd_rec_lease_oth_07; NaN where the prior quarter is missing or blank (an annual filer's Q4 total stays in ytd_rec_lease_oth_07, its flows are NaN)",ytd_rec_lease_oth_07,ri_b_chargeoffs.csv,50918.0,0.2695,2007Q1,2026Q2,0.9073,3292383.0
q_provision_ll,flow,True,HI,quarterly,thousands_usd,any,,all,,,Quarterly flow of ytd_provision_ll: PROVISION FOR LOAN AND LEASE LOSSES,"ytd_provision_ll(t) - ytd_provision_ll(t-1) within the bank-year; Q1 = ytd_provision_ll; NaN where the prior quarter is missing or blank (an annual filer's Q4 total stays in ytd_provision_ll, its flows are NaN)",ytd_provision_ll,ri_provisions.csv,184743.0,0.9779,1986Q4,2026Q2,0.0873,2326900091.0
q_provision_credit_tot,flow,True,HI,quarterly,thousands_usd,any,,all,,,Quarterly flow of ytd_provision_credit_tot: PROVISIONS FOR CREDIT LOSSES ON FINANCIAL ASSETS,"ytd_provision_credit_tot(t) - ytd_provision_credit_tot(t-1) within the bank-year; Q1 = ytd_provision_credit_tot; NaN where the prior quarter is missing or blank (an annual filer's Q4 total stays in ytd_provision_credit_tot, its flows are NaN)",ytd_provision_credit_tot,ri_provisions.csv,11000.0,0.0582,2019Q1,2026Q2,0.0755,511430293.0
q_provision_htm,flow,True,HI-B,quarterly,thousands_usd,any,,all,,,Quarterly flow of ytd_provision_htm: Provisions for credit losses; Held-to-maturity debt securities,"ytd_provision_htm(t) - ytd_provision_htm(t-1) within the bank-year; Q1 = ytd_provision_htm; NaN where the prior quarter is missing or blank (an annual filer's Q4 total stays in ytd_provision_htm, its flows are NaN)",ytd_provision_htm,ri_provisions.csv,7505.0,0.0397,2019Q1,2026Q2,0.8521,254687.0
q_provision_afs,flow,True,HI-B,quarterly,thousands_usd,any,,all,,,Quarterly flow of ytd_provision_afs: Provisions for credit losses; Available-for-sale debt securities,"ytd_provision_afs(t) - ytd_provision_afs(t-1) within the bank-year; Q1 = ytd_provision_afs; NaN where the prior quarter is missing or blank (an annual filer's Q4 total stays in ytd_provision_afs, its flows are NaN)",ytd_provision_afs,ri_provisions.csv,7505.0,0.0397,2019Q1,2026Q2,0.9135,572562.0
q_provision_oth_fin,flow,True,HI-B,quarterly,thousands_usd,any,,all,,,Quarterly flow of ytd_provision_oth_fin: Provisions for credit losses on other financial assets measured at amortized cost,"ytd_provision_oth_fin(t) - ytd_provision_oth_fin(t-1) within the bank-year; Q1 = ytd_provision_oth_fin; NaN where the prior quarter is missing or blank (an annual filer's Q4 total stays in ytd_provision_oth_fin, its flows are NaN)",ytd_provision_oth_fin,ri_provisions.csv,7504.0,0.0397,2019Q1,2026Q2,0.9222,4109512.0
q_provision_obs,flow,True,HI-B,quarterly,thousands_usd,any,,all,,,Quarterly flow of ytd_provision_obs: Provisions for credit losses on off-balance-sheet exposures,"ytd_provision_obs(t) - ytd_provision_obs(t-1) within the bank-year; Q1 = ytd_provision_obs; NaN where the prior quarter is missing or blank (an annual filer's Q4 total stays in ytd_provision_obs, its flows are NaN)",ytd_provision_obs,ri_provisions.csv,6831.0,0.0362,2021Q1,2026Q2,0.2648,1553698.0
q_op_inc,flow,True,HI,quarterly,thousands_usd,any,,,,,Quarterly flow of ytd_op_inc: Total operating income: RIAD4000 as filed to 2010; total interest income + total noninterest income after (identical 1985-2010). Y-9C: total interest income (BHCK4107) + total noninterest income (BHCK4079).,"ytd_op_inc(t) - ytd_op_inc(t-1) within the bank-year; Q1 = ytd_op_inc; NaN where the prior quarter is missing or blank (an annual filer's Q4 total stays in ytd_op_inc, its flows are NaN)",ytd_op_inc,core_series.csv,184878.0,0.9786,1986Q4,2026Q2,0.0,36032740394.0
q_op_exp,flow,True,HI,quarterly,thousands_usd,any,,,,,Quarterly flow of ytd_op_exp: Total operating expense (excludes the loan-loss provision from 1985): RIAD4130 as filed to 2010; total interest expense + total noninterest expense after (identical 1985-2010). Y-9C: total interest expense (BHCK4073) + total noninterest expense (BHCK4093).,"ytd_op_exp(t) - ytd_op_exp(t-1) within the bank-year; Q1 = ytd_op_exp; NaN where the prior quarter is missing or blank (an annual filer's Q4 total stays in ytd_op_exp, its flows are NaN)",ytd_op_exp,core_series.csv,184872.0,0.9786,1986Q4,2026Q2,0.0,27058039225.0
q_int_exp_dep,flow,True,HI,quarterly,thousands_usd,nonneg,,,,,"Quarterly flow of ytd_int_exp_dep: Total interest expense on deposits: RIAD4170 as filed to 2010; after, foreign-office interest (RIAD4172) + domestic transaction (4508) + savings (0093) + time deposits (A517+A518 to 2016, HK03+HK04 from 2017), identical to the reported total 1987-2010. Y-9C: foreign offices (BHCK4172) + other domestic deposits (BHCK6761; BHCK4176 in 1986-89) + domestic time deposits (BHCK4174 to 1996, A517+A518 1997-2016, HK03+HK04 from 2017). No reported total exists on the Y-9C; checked by the continuity of the implied deposit rate across the 1997 and 2017 changes.","ytd_int_exp_dep(t) - ytd_int_exp_dep(t-1) within the bank-year; Q1 = ytd_int_exp_dep; NaN where the prior quarter is missing or blank (an annual filer's Q4 total stays in ytd_int_exp_dep, its flows are NaN)",ytd_int_exp_dep,core_series.csv,184861.0,0.9786,1986Q4,2026Q2,0.0022,4722467163.0
q_nonint_inc_sales,flow,True,CROSS,quarterly,thousands_usd,any,,,,,Quarterly flow of ytd_nonint_inc_sales: Noninterest Income on Sales [RIAD5416+RIAD5415+RIADB496],"ytd_nonint_inc_sales(t) - ytd_nonint_inc_sales(t-1) within the bank-year; Q1 = ytd_nonint_inc_sales; NaN where the prior quarter is missing or blank (an annual filer's Q4 total stays in ytd_nonint_inc_sales, its flows are NaN)",ytd_nonint_inc_sales,income_statement.csv,99671.0,0.5276,2001Q1,2026Q2,0.1643,269000559.0
q_int_exp_time_gt100k_dom,flow,True,CROSS,quarterly,thousands_usd,any,,,,,"Quarterly flow of ytd_int_exp_time_gt100k_dom: Interest on Time Deposits of $100,000 or more [RIADA517 / RIAD4174]","ytd_int_exp_time_gt100k_dom(t) - ytd_int_exp_time_gt100k_dom(t-1) within the bank-year; Q1 = ytd_int_exp_time_gt100k_dom; NaN where the prior quarter is missing or blank (an annual filer's Q4 total stays in ytd_int_exp_time_gt100k_dom, its flows are NaN)",ytd_int_exp_time_gt100k_dom,income_statement.csv,169222.0,0.8958,1986Q4,2016Q4,0.0057,551314078.0
q_int_inc_ln,flow,True,HI,quarterly,thousands_usd,nonneg,,,,,"Quarterly flow of ytd_int_inc_ln: ytd_int_inc_ln on the FR Y-9C, same definition as the Call Report column. Y-9C: BHCK4393 through 2000Q4 (excludes tax-exempt obligations of states, BHCK4504, kept separately); the total BHCK4010 2001-2007; from 2008 the sum of 1-4 family (4435) + other real estate (4436) + all other domestic (F821) + foreign offices (4059).","ytd_int_inc_ln(t) - ytd_int_inc_ln(t-1) within the bank-year; Q1 = ytd_int_inc_ln; NaN where the prior quarter is missing or blank (an annual filer's Q4 total stays in ytd_int_inc_ln, its flows are NaN)",ytd_int_inc_ln,income_statement.csv,184878.0,0.9786,1986Q4,2026Q2,0.0011,15012848169.0
q_div_tot,flow,True,HI-A,quarterly,thousands_usd,any,,,,,Quarterly flow of ytd_div_tot: Cash dividends declared on common and preferred stock,"ytd_div_tot(t) - ytd_div_tot(t-1) within the bank-year; Q1 = ytd_div_tot; NaN where the prior quarter is missing or blank (an annual filer's Q4 total stays in ytd_div_tot, its flows are NaN)",ytd_div_tot,ri_a_equity.csv,182286.0,0.9649,1986Q4,2026Q2,0.3616,1963933343.0
q_co_consumer_oth,flow,True,HI-B,quarterly,thousands_usd,nonneg,,,,,"Quarterly flow of ytd_co_consumer_oth: Consumer loans other than credit cards, charge-offs: automobile + other from 2011, the single other line 2001Q1-2010Q4. Consistent from 2001; before 2001 only 031 filers reported it (RIAD4657).","ytd_co_consumer_oth(t) - ytd_co_consumer_oth(t-1) within the bank-year; Q1 = ytd_co_consumer_oth; NaN where the prior quarter is missing or blank (an annual filer's Q4 total stays in ytd_co_consumer_oth, its flows are NaN)",ytd_co_consumer_oth,ri_b_chargeoffs.csv,160636.0,0.8503,1991Q1,2026Q2,0.1557,518272475.0
q_co_consumer_tot,flow,True,HI-B,quarterly,thousands_usd,nonneg,,,,,"Quarterly flow of ytd_co_consumer_tot: Total consumer (loans to individuals) charge-offs, consistent across the 2001 and 2011 splits: credit cards + automobile + other from 2011; credit cards + other 2001-2010 (equals the FDIC-derived RIAD4639 for 100% of banks); the reported total RIAD4639 for 031 filers before 2001. Blank before 2001 for other filers, which reported only credit cards and related plans.","ytd_co_consumer_tot(t) - ytd_co_consumer_tot(t-1) within the bank-year; Q1 = ytd_co_consumer_tot; NaN where the prior quarter is missing or blank (an annual filer's Q4 total stays in ytd_co_consumer_tot, its flows are NaN)",ytd_co_consumer_tot,ri_b_chargeoffs.csv,123604.0,0.6543,1986Q4,2026Q2,0.1398,1376339985.0
q_rec_consumer_oth,flow,True,HI-B,quarterly,thousands_usd,any,,,,,"Quarterly flow of ytd_rec_consumer_oth: Consumer loans other than credit cards, recoveries: automobile + other from 2011, the single other line 2001Q1-2010Q4. Consistent from 2001; before 2001 only 031 filers reported it (RIAD4667).","ytd_rec_consumer_oth(t) - ytd_rec_consumer_oth(t-1) within the bank-year; Q1 = ytd_rec_consumer_oth; NaN where the prior quarter is missing or blank (an annual filer's Q4 total stays in ytd_rec_consumer_oth, its flows are NaN)",ytd_rec_consumer_oth,ri_b_chargeoffs.csv,160609.0,0.8502,1991Q1,2026Q2,0.1717,145935085.0
q_rec_consumer_tot,flow,True,HI-B,quarterly,thousands_usd,any,,,,,"Quarterly flow of ytd_rec_consumer_tot: Total consumer (loans to individuals) recoveries, consistent across the 2001 and 2011 splits: credit cards + automobile + other from 2011; credit cards + other 2001-2010 (equals the FDIC-derived RIAD4609 for 100% of banks); the reported total RIAD4609 for 031 filers before 2001. Blank before 2001 for other filers, which reported only credit cards and related plans.","ytd_rec_consumer_tot(t) - ytd_rec_consumer_tot(t-1) within the bank-year; Q1 = ytd_rec_consumer_tot; NaN where the prior quarter is missing or blank (an annual filer's Q4 total stays in ytd_rec_consumer_tot, its flows are NaN)",ytd_rec_consumer_tot,ri_b_chargeoffs.csv,123510.0,0.6538,1986Q4,2026Q2,0.1633,283752280.0
q_net_chargeoffs_tot,flow,True,HI-B,quarterly,thousands_usd,any,,,,,Quarterly flow of ytd_net_chargeoffs_tot: Net charge-offs: gross charge-offs less recoveries,"ytd_net_chargeoffs_tot(t) - ytd_net_chargeoffs_tot(t-1) within the bank-year; Q1 = ytd_net_chargeoffs_tot; NaN where the prior quarter is missing or blank (an annual filer's Q4 total stays in ytd_net_chargeoffs_tot, its flows are NaN)",ytd_net_chargeoffs_tot,ri_b_chargeoffs.csv,184623.0,0.9773,1986Q4,2026Q2,0.0249,2192355191.0
q_co_ci,flow,True,HI-B,quarterly,thousands_usd,nonneg,,,,,"Quarterly flow of ytd_co_ci: ytd_co_ci on the FR Y-9C, same definition as the Call Report column. Y-9C: charge-offs on C&I loans are filed by addressee (BHCK4645 U.S. + BHCK4646 non-U.S.).","ytd_co_ci(t) - ytd_co_ci(t-1) within the bank-year; Q1 = ytd_co_ci; NaN where the prior quarter is missing or blank (an annual filer's Q4 total stays in ytd_co_ci, its flows are NaN)",ytd_co_ci,ri_b_chargeoffs.csv,180397.0,0.9549,1986Q4,2026Q2,0.267,446968552.0
q_rec_ci,flow,True,HI-B,quarterly,thousands_usd,any,,,,,"Quarterly flow of ytd_rec_ci: ytd_rec_ci on the FR Y-9C, same definition as the Call Report column. Y-9C: recoveries on C&I loans by addressee (BHCK4617 + BHCK4618).","ytd_rec_ci(t) - ytd_rec_ci(t-1) within the bank-year; Q1 = ytd_rec_ci; NaN where the prior quarter is missing or blank (an annual filer's Q4 total stays in ytd_rec_ci, its flows are NaN)",ytd_rec_ci,ri_b_chargeoffs.csv,180467.0,0.9553,1986Q4,2026Q2,0.2313,93931579.0
q_co_lease,flow,True,HI-B,quarterly,thousands_usd,nonneg,,,,,"Quarterly flow of ytd_co_lease: ytd_co_lease on the FR Y-9C, same definition as the Call Report column. Y-9C: by addressee (BHCK4658+4659) to 2006Q4; 'all other lease financing receivables' (BHCKC880) from 2007 (the leases-to-individuals line is separate from 2007).","ytd_co_lease(t) - ytd_co_lease(t-1) within the bank-year; Q1 = ytd_co_lease; NaN where the prior quarter is missing or blank (an annual filer's Q4 total stays in ytd_co_lease, its flows are NaN)",ytd_co_lease,ri_b_chargeoffs.csv,178684.0,0.9459,1986Q4,2026Q2,0.9064,30195888.0
q_rec_lease,flow,True,HI-B,quarterly,thousands_usd,any,,,,,"Quarterly flow of ytd_rec_lease: ytd_rec_lease on the FR Y-9C, same definition as the Call Report column. Y-9C: by addressee (BHCK4668+4669) to 2006Q4; BHCKF188 from 2007.","ytd_rec_lease(t) - ytd_rec_lease(t-1) within the bank-year; Q1 = ytd_rec_lease; NaN where the prior quarter is missing or blank (an annual filer's Q4 total stays in ytd_rec_lease, its flows are NaN)",ytd_rec_lease,ri_b_chargeoffs.csv,178660.0,0.9457,1986Q4,2026Q2,0.9067,7689467.0
