variable_name,variable_type,published,schedule,flow_type,unit,sign,mdrm_code,form_scope,era_start,era_end,description,formula,inputs,source_config,n_obs,coverage,first_quarter,last_quarter,pct_zero,total
non_ibb,base,True,RC,stock,thousands_usd,any,RCFD0081,all,,,NONINTEREST-BEARING BALANCES AND CURRENCY AND COIN,,,assets.csv,1408358.0,0.9953,1985Q1,2025Q3,0.0019,36781204341.0
ibb,base,True,RC,stock,thousands_usd,any,RCFD0071,all,,,INTEREST-BEARING BALANCES,,,assets.csv,1413821.0,0.9991,1985Q1,2025Q3,0.2793,133992965842.0
fv,base,True,RC,stock,thousands_usd,any,RCFD1754,all,,,HELD-TO-MATURITY SECURITIES; TOTAL,,,assets.csv,934784.0,0.6606,1994Q1,2025Q3,0.5055,86281422506.0
intang_total,base,True,RC,stock,thousands_usd,any,RCFD2143,all,,,INTANGIBLE ASSETS,,,assets.csv,1219715.0,0.862,1985Q1,2025Q3,0.7321,26103210576.0
intang_goodwill,base,True,RC,stock,thousands_usd,any,RCFD3163,all,,,GOODWILL,,,assets.csv,1393918.0,0.9851,1985Q2,2025Q3,0.8179,28602839965.0
intang_other,base,True,RC,stock,thousands_usd,any,RCFD0426,all,,,OTHER IDENTIFIABLE INTANGIBLE ASSETS,,,assets.csv,508175.0,0.3591,2001Q1,2018Q1,0.7158,5459721134.0
htm_sec_net_cred_loss,base,True,RC,stock,thousands_usd,any,RCFDJJ34,all,,,Held to maturity securities (ASU 2016-13 adoption),,,assets.csv,131294.0,0.0928,2019Q1,2025Q3,0.6376,53328546991.0
afssec,base,True,RC,stock,thousands_usd,any,RCFD1773,all,,,Available-for-sale debt securities (from Schedule RC-B; column D),,,assets.csv,934784.0,0.6606,1994Q1,2025Q3,0.0734,254098928050.0
equitysec_20,base,True,RC,stock,thousands_usd,any,RCFDJA22,all,,,Equity securities with readily determinable fair values not held for trading,,,assets.csv,114101.0,0.0806,2018Q1,2025Q3,0.7652,337209818.0
ffsold,base,True,RC,stock,thousands_usd,any,RCONB987,all,,,FEDERAL FUNDS SOLD,,,assets.csv,621331.0,0.4391,2002Q1,2025Q3,0.4381,8161839303.0
repo_purch,base,True,RC,stock,thousands_usd,any,RCFDB989,all,,,SECURITIES PURCHASED UNDER AGREEMENTS TO RESELL,,,assets.csv,621331.0,0.4391,2002Q1,2025Q3,0.9824,40063625541.0
ll_hfs,base,True,RC,stock,thousands_usd,any,RCFD5369,all,,,LOANS AND LEASES HELD FOR SALE,,,assets.csv,1080125.0,0.7633,1991Q1,2025Q3,0.7898,18248623050.0
ll_net_unearned_01,base,True,RC,stock,thousands_usd,any,RCFDB528,all,,,LOANS AND LEASES; NET OF UNEARNED INCOME - TOTALS,,,assets.csv,656045.0,0.4636,2001Q1,2025Q3,0.0141,793402488884.0
ll_res,base,True,RC,stock,thousands_usd,any,RCFD3123,all,,,ALLOWANCE FOR LOAN AND LEASE LOSSES,,,assets.csv,1414985.0,1.0,1985Q1,2025Q3,0.0113,17476784126.0
ll_net_allow_01,base,True,RC,stock,thousands_usd,any,RCFDB529,all,,,LOANS AND LEASES; NET OF UNEARNED INCOME AND ALLOWANCE,,,assets.csv,656045.0,0.4636,2001Q1,2025Q3,0.0141,779205968924.0
trad_ass,base,True,RC,stock,thousands_usd,any,RCFD3545,all,,,TRADING ASSETS; TOTAL,,,assets.csv,934782.0,0.6606,1994Q1,2025Q3,0.9727,73301517992.0
oreo,base,True,RC,stock,thousands_usd,any,RCFD2150,all,,,OTHER REAL ESTATE OWNED,,,assets.csv,1414992.0,1.0,1985Q1,2025Q3,0.4117,2230381589.0
accrued_int,base,True,RC-F,stock,thousands_usd,any,RCFDB556,all,,,ACCRUED INTEREST RECEIVABLE,,,assets.csv,656045.0,0.4636,2001Q1,2025Q3,0.0053,5291570740.0
t1_netdef_taxassets,base,True,RC-F,stock,thousands_usd,any,RCFD2148,all,,,NET DEFERRED TAX ASSETS,,,assets.csv,1413818.0,0.9991,1985Q1,2025Q3,0.5427,5869125407.0
io_strip_18,base,True,RC-F,stock,thousands_usd,any,RCFDHT80,all,,,Other Assets; Interest-only strips receivable (not in the form of a security),,,assets.csv,147870.0,0.1045,2018Q2,2025Q3,0.9915,5274342.0
deriv_pos_fv,base,True,RC-F,stock,thousands_usd,any,RCFDC010,all,,,DERIVATIVES WITH A POSITION FAIR VALUE HELD FOR PURPOSES OTHER THAN TRADING,,,assets.csv,559051.0,0.3951,2001Q1,2025Q3,0.9707,539936900.0
debt_security_maturity_3mo_less,base,True,RC-B,stock,thousands_usd,any,RCFDA549,all,,,SECURITIES ISSUED BY THE U.S. TREASURY; U.S. GOVERNMENT AGENCIES; AND STATES AND POLITICAL SUBDIVISIONS IN THE U.S.; OTHER NON-MORTGAGE DEBT SECURITIES; AND MORTGAGE PASS-THROUGH SECURITIES OTHER THAN THOSE BACKED BY CLOSED-END FIRST LIEN 1-4 FAMILY RESIDENTIAL MORTGAGES WITH A REMAINING MATURITY OR NEXT REPRICING DATE OF THREE MONTHS OF LESS,,,assets.csv,795915.0,0.5625,1997Q2,2025Q3,0.3274,27663403659.0
debt_security_maturity_3mo_12mo,base,True,RC-B,stock,thousands_usd,any,RCFDA550,all,,,SECURITIES ISSUED BY THE U.S. TREASURY; U.S. GOVERNMENT AGENCIES; AND STATES AND POLITICAL SUBDIVISIONS IN THE U.S.; OTHER NON-MORTGAGE DEBT SECURITIES; AND MORTGAGE PASS-THROUGH SECURITIES OTHER THAN THOSE BACKED BY CLOSED-END FIRST LIEN 1-4 FAMILY RESIDENTIAL MORTGAGES WITH A REMAINING MATURITY OR NEXT REPRICING DATE OF OVER THREE MONTHS THROUGH 12 MONTHS,,,assets.csv,795915.0,0.5625,1997Q2,2025Q3,0.2483,14198110207.0
debt_security_maturity_1y_3y,base,True,RC-B,stock,thousands_usd,any,RCFDA551,all,,,SECURITIES ISSUED BY THE U.S. TREASURY; U.S. GOVERNMENT AGENCIES; AND STATES AND POLITICAL SUBDIVISIONS IN THE U.S.; OTHER NON-MORTGAGE DEBT SECURITIES; AND MORTGAGE PASS-THROUGH SECURITIES OTHER THAN THOSE BACKED BY CLOSED-END FIRST LIEN 1-4 FAMILY RESIDENTIAL MORTGAGES WITH A REMAINING MATURITY OR NEXT REPRICING DATE OF OVER ONE YEAR THROUGH THREE YEARS,,,assets.csv,795913.0,0.5625,1997Q2,2025Q3,0.1538,32602907780.0
debt_security_maturity_3y_5y,base,True,RC-B,stock,thousands_usd,any,RCFDA552,all,,,SECURITIES ISSUED BY THE U.S. TREASURY; U.S. GOVERNMENT AGENCIES; AND STATES AND POLITICAL SUBDIVISIONS IN THE U.S.; OTHER NON-MORTGAGE DEBT SECURITIES; AND MORTGAGE PASS-THROUGH SECURITIES OTHER THAN THOSE BACKED BY CLOSED-END FIRST LIEN 1-4 FAMILY RESIDENTIAL MORTGAGES WITH A REMAINING MATURITY OR NEXT REPRICING DATE OF OVER THREE YEARS THROUGH FIVE YEARS,,,assets.csv,795915.0,0.5625,1997Q2,2025Q3,0.1839,25793898638.0
debt_security_maturity_5y_15y,base,True,RC-B,stock,thousands_usd,any,RCFDA553,all,,,SECURITIES ISSUED BY THE U.S. TREASURY; U.S. GOVERNMENT AGENCIES; AND STATES AND POLITICAL SUBDIVISIONS IN THE U.S.; OTHER NON-MORTGAGE DEBT SECURITIES; AND MORTGAGE PASS-THROUGH SECURITIES OTHER THAN THOSE BACKED BY CLOSED-END FIRST LIEN 1-4 FAMILY RESIDENTIAL MORTGAGES WITH A REMAINING MATURITY OR NEXT REPRICING DATE OF OVER FIVE YEARS THROUGH FIFTEEN YEARS,,,assets.csv,795915.0,0.5625,1997Q2,2025Q3,0.192,37063171948.0
debt_security_maturity_15y_over,base,True,RC-B,stock,thousands_usd,any,RCFDA554,all,,,SECURITIES ISSUED BY THE U.S. TREASURY; U.S. GOVERNMENT AGENCIES; AND STATES AND POLITICAL SUBDIVISIONS IN THE U.S.; OTHER NON-MORTGAGE DEBT SECURITIES; AND MORTGAGE PASS-THROUGH SECURITIES OTHER THAN THOSE BACKED BY CLOSED-END FIRST LIEN 1-4 FAMILY RESIDENTIAL MORTGAGES WITH A REMAINING MATURITY OR NEXT REPRICING OF OVER FFTEEN YEARS,,,assets.csv,795915.0,0.5625,1997Q2,2025Q3,0.5844,13360524111.0
res_mbs_maturity_3mo_less,base,True,RC-B,stock,thousands_usd,any,RCFDA555,all,,,MORTGAGE PASS-THROUGH SECURITIES BACKED BY CLOSED-END FIRST LIEN 1-4 FAMILY RESIDENTIAL MORTGAGES WITH A REMAINING MATURITY OR NEXT REPRICING DATE OF THREE MONTHS OR LESS,,,assets.csv,795915.0,0.5625,1997Q2,2025Q3,0.658,2575074206.0
res_mbs_maturity_3mo_12mo,base,True,RC-B,stock,thousands_usd,any,RCFDA556,all,,,MORTGAGE PASS-THROUGH SECURITIES BACKED BY CLOSED-END FIRST LIEN 1-4 FAMILY RESIDENTIAL MORTGAGES WITH A REMAINING MATURITY OR NEXT REPRICING DATE OF OVER THREE MONTHS THROUGH 12 MONTHS,,,assets.csv,795915.0,0.5625,1997Q2,2025Q3,0.6131,1695133076.0
res_mbs_maturity_1y_3y,base,True,RC-B,stock,thousands_usd,any,RCFDA557,all,,,MORTGAGE PASS-THROUGH SECURITIES BACKED BY CLOSED-END FIRST LIEN 1-4 FAMILY RESIDENTIAL MORTGAGES WITH A REMAINING MATURITY OR NEXT REPRICING DATE OF OVER ONE YEAR THROUGH THREE YEARS,,,assets.csv,795915.0,0.5625,1997Q2,2025Q3,0.6288,1797618049.0
res_mbs_maturity_3y_5y,base,True,RC-B,stock,thousands_usd,any,RCFDA558,all,,,MORTGAGE PASS-THROUGH SECURITIES BACKED BY CLOSED-END FIRST LIEN 1-4 FAMILY RESIDENTIAL MORTGAGES WITH A REMAINING MATURITY OR NEXT REPRICING DATE OF OVER THREE YEARS THROUGH FIVE YEARS,,,assets.csv,795915.0,0.5625,1997Q2,2025Q3,0.608,2503310933.0
res_mbs_maturity_5y_15y,base,True,RC-B,stock,thousands_usd,any,RCFDA559,all,,,MORTGAGE PASS-THROUGH SECURITIES BACKED BY CLOSED-END FIRST LIEN 1-4 FAMILY RESIDENTIAL MORTGAGES WITH A REMAINING MATURITY OR NEXT REPRICING DATE OF OVER FIVE YEARS THROUGH 15 YEARS,,,assets.csv,795915.0,0.5625,1997Q2,2025Q3,0.3825,25184143421.0
res_mbs_maturity_15y_over,base,True,RC-B,stock,thousands_usd,any,RCFDA560,all,,,MORTGAGE PASS-THROUGH SECURITIES BACKED BY CLOSED-END FIRST LIEN 1-4 FAMILY RESIDENTIAL MORTGAGES WITH A REMAINING MATURITY OR NEXT REPRICING DATE OF OVER 15 YEARS,,,assets.csv,795915.0,0.5625,1997Q2,2025Q3,0.5167,83444216299.0
other_mbs_maturity_3y_less,base,True,RC-B,stock,thousands_usd,any,RCFDA561,all,,,OTHER MORTGAGE-BACKED SECURITIES (INCLUDE CMOs; REMICs; AND STRIPPED MBS) WITH AN EXPECTED AVERAGE LIFE OF THREE YEARS OR LESS,,,assets.csv,795915.0,0.5625,1997Q2,2025Q3,0.5893,16364070039.0
other_mbs_maturity_3y_more,base,True,RC-B,stock,thousands_usd,any,RCFDA562,all,,,OTHER MORTGAGE-BACKED SECURITIES (INCLUDE CMOs; REMICs; AND STRIPPED MBS) WITH AN EXPECTED AVERAGE LIFE OF OVER THREE YEARS,,,assets.csv,795915.0,0.5625,1997Q2,2025Q3,0.5959,42548631861.0
htm_fv_tot_sec,base,True,RC-B,stock,thousands_usd,any,RCFD1771,all,,,TOTAL FAIR VALUE OF HELD-TO-MATURITY SECURITIES,,,assets.csv,934784.0,0.6606,1994Q1,2025Q3,0.5054,82230624353.0
afs_am_tot_sec,base,True,RC-B,stock,thousands_usd,any,RCFD1772,all,,,TOTAL AMORTIZED COST OF AVAILABLE-FOR-SALE SECURITIES,,,assets.csv,934784.0,0.6606,1994Q1,2025Q3,0.0737,256280303708.0
htm_ust,base,True,RC-B,stock,thousands_usd,any,RCFD0211,all,,,AMORTIZED COST OF HELD-TO-MATURITY U.S. TREASURY SECURITIES,,,assets.csv,934783.0,0.6606,1994Q1,2025Q3,0.8711,13313800029.0
ac_htm_agency_exmbs_18,base,True,RC-B,stock,thousands_usd,any,RCFDHT50,all,,,US government agency obligations (exclude mortgage-backed securities); Held-to-maturity; Amortized Cost,,,assets.csv,147870.0,0.1045,2018Q2,2025Q3,0.8917,902639326.0
ac_htm_states_01,base,True,RC-B,stock,thousands_usd,any,RCFD8496,all,,,AMORTIZED COST OF HELD-TO-MATURITY SECURITIES ISSUED BY STATES AND POLITICAL SUBDIVISIONS IN THE U.S.,,,assets.csv,934782.0,0.6606,1994Q1,2025Q3,0.6274,6937564172.0
fv_htm_ust,base,True,RC-B,stock,thousands_usd,any,RCFD0213,all,,,FAIR VALUE OF HELD-TO-MATURITY U.S. TREASURY SECURITIES,,,assets.csv,934783.0,0.6606,1994Q1,2025Q3,0.8711,12647421423.0
fv_htm_agency_exmbs_18,base,True,RC-B,stock,thousands_usd,any,RCFDHT51,all,,,US government agency obligations (exclude mortgage-backed securities); Held-to-maturity; Fair Value,,,assets.csv,147870.0,0.1045,2018Q2,2025Q3,0.8917,846326779.0
fv_htm_sec_sts,base,True,RC-B,stock,thousands_usd,any,RCFD8497,all,,,FAIR VALUE OF HELD-TO-MATURITY SECURITIES ISSUED BY STATES AND POLITICAL SUBDIVISIONS IN THE U.S.,,,assets.csv,934782.0,0.6606,1994Q1,2025Q3,0.6274,6865175308.0
fv_afs_ust,base,True,RC-B,stock,thousands_usd,any,RCFD1287,all,,,FAIR VALUE OF AVAILABLE-FOR-SALE U.S. TREASURY SECURITIES,,,assets.csv,934784.0,0.6606,1994Q1,2025Q3,0.6445,37222206284.0
fv_afs_agency_exmbs_18,base,True,RC-B,stock,thousands_usd,any,RCFDHT53,all,,,US government agency obligations (exclude mortgage-backed securities); Available for sale; Fair Value,,,assets.csv,147870.0,0.1045,2018Q2,2025Q3,0.3092,3526694072.0
fv_afs_states_01,base,True,RC-B,stock,thousands_usd,any,RCFD8499,all,,,FAIR VALUE OF AVAILABLE-FOR-SALE SECURITIES ISSUED BY STATES AND POLITICAL SUBDIVISIONS IN THE U.S.,,,assets.csv,934783.0,0.6606,1994Q1,2025Q3,0.411,19574918747.0
ac_htm_gnma_09,base,True,RC-B,stock,thousands_usd,any,RCFDG300,all,,,MORTGAGE-BACKED SECURITIES (MBS): RESIDENTIAL PASS-THROUGH SECURITIES: GUARANTEED BY GNMA: HELD-TO-MATURITY AMORTIZED COST,,,assets.csv,280930.0,0.1985,2009Q2,2025Q3,0.8911,7804162068.0
ac_htm_fnma_09,base,True,RC-B,stock,thousands_usd,any,RCFDG304,all,,,MORTGAGE-BACKED SECURITIES (MBS): RESIDENTIAL PASS-THROUGH SECURITIES: ISSUED BY FNMA AND FHLMC: HELD-TO-MATURITY AMORTIZED COST,,,assets.csv,280930.0,0.1985,2009Q2,2025Q3,0.8575,29739679700.0
ac_htm_ombs_09,base,True,RC-B,stock,thousands_usd,any,RCFDG308,all,,,MORTGAGE-BACKED SECURITIES (MBS): RESIDENTIAL PASS-THROUGH SECURITIES: OTHER PASS-THROUGH SECURITIES: HELD-TO-MATURITY AMORTIZED COST,,,assets.csv,388360.0,0.2745,2009Q2,2025Q3,0.9956,39191885.0
fv_htm_gnma_09,base,True,RC-B,stock,thousands_usd,any,RCFDG301,all,,,MORTGAGE-BACKED SECURITIES (MBS): RESIDENTIAL PASS-THROUGH SECURITIES: GUARANTEED BY GNMA: HELD-TO-MATURITY FAIR VALUE,,,assets.csv,280930.0,0.1985,2009Q2,2025Q3,0.8911,7546427854.0
fv_htm_fnma_09,base,True,RC-B,stock,thousands_usd,any,RCFDG305,all,,,MORTGAGE-BACKED SECURITIES (MBS): RESIDENTIAL PASS-THROUGH SECURITIES: ISSUED BY FNMA AND FHLMC: HELD-TO-MATURITY FAIR VALUE,,,assets.csv,280930.0,0.1985,2009Q2,2025Q3,0.8575,27463153722.0
fv_htm_ombs_09,base,True,RC-B,stock,thousands_usd,any,RCFDG309,all,,,MORTGAGE-BACKED SECURITIES (MBS): RESIDENTIAL PASS-THROUGH SECURITIES: OTHER PASS-THROUGH SECURITIES: HELD-TO-MATURITY FAIR VALUE,,,assets.csv,388360.0,0.2745,2009Q2,2025Q3,0.9956,40598858.0
fv_afs_gnma_09,base,True,RC-B,stock,thousands_usd,any,RCFDG303,all,,,MORTGAGE-BACKED SECURITIES (MBS): RESIDENTIAL PASS-THROUGH SECURITIES: GUARANTEED BY GNMA: AVAILABLE-FOR-SALE FAIR VALUE,,,assets.csv,280930.0,0.1985,2009Q2,2025Q3,0.4459,13255221640.0
fv_afs_fnma_09,base,True,RC-B,stock,thousands_usd,any,RCFDG307,all,,,MORTGAGE-BACKED SECURITIES (MBS): RESIDENTIAL PASS-THROUGH SECURITIES: ISSUED BY FNMA AND FHLMC: AVAILABLE-FOR-SALE FAIR VALUE,,,assets.csv,280930.0,0.1985,2009Q2,2025Q3,0.2892,40465132100.0
fv_afs_ombs_09,base,True,RC-B,stock,thousands_usd,any,RCFDG311,all,,,MORTGAGE-BACKED SECURITIES (MBS): RESIDENTIAL PASS-THROUGH SECURITIES: OTHER PASS-THROUGH SECURITIES: AVAILABLE-FOR-SALE FAIR VALUE,,,assets.csv,388359.0,0.2744,2009Q2,2025Q3,0.9788,479652216.0
ac_htm_ombs_1_09,base,True,RC-B,stock,thousands_usd,any,RCFDG312,all,,,MORTGAGE-BACKED SECURITIES (MBS): OTHER RESIDENTIAL MBS (INCLUDE CMOS; REMICS; AND STRIPPED MBS): ISSUED OR GUARANTEED BY FNMA; FHLMC; OR GNMA - HELD-TO-MATURITY AMORTIZED COST,,,assets.csv,388360.0,0.2745,2009Q2,2025Q3,0.936,6603223531.0
ac_htm_ombs_1_pre09,base,True,RC,stock,thousands_usd,any,RCFD1714,all,,,AMORTIZED COST OF OTHER HELD-TO-MATURITY MORTGAGE-BACKED SECURITIES (INCLUDE CMOS; REMICS; AND STRIPPED MBS) ISSUED OR GUARANTEED BY FNMA; FHLMC; OR GNMA,,,assets.csv,546422.0,0.3862,1994Q1,2009Q1,0.8878,1600104575.0
ac_htm_ombs_2_09,base,True,RC-B,stock,thousands_usd,any,RCFDG316,all,,,MORTGAGE-BACKED SECURITIES (MBS): OTHER RESIDENTIAL MBS (INCLUDE CMOS; REMICS; AND STRIPPED MBS): COLLATERALIZED BY MBS ISSUED OR GUARANTEED BY FNMA; FHLMC; OR GNMA - HELD-TO-MATURITY AMORTIZED COST,,,assets.csv,388360.0,0.2745,2009Q2,2025Q3,0.9973,15208355.0
ac_htm_ombs_2_pre09,base,True,RC,stock,thousands_usd,any,RCFD1718,all,,,AMORTIZED COST OF OTHER HELD-TO-MATURITY MORTGAGE-BACKED SECURITIES (INCLUDE CMOS; REMICS AND STRIPPED MBS) COLLATERALIZED BY MBS ISSUED OR GUARANTEED BY FNMA; FHLMC; OR GNMA,,,assets.csv,546421.0,0.3862,1994Q1,2009Q1,0.9768,36000986.0
ac_htm_ombs_3_09,base,True,RC-B,stock,thousands_usd,any,RCFDG320,all,,,MORTGAGE-BACKED SECURITIES (MBS): OTHER RESIDENTIAL MBS (INCLUDE CMOS; REMICS; AND STRIPPED MBS): ALL OTHER RESIDENTIAL MBS - HELD-TO-MATURITY AMORTIZED COST,,,assets.csv,388360.0,0.2745,2009Q2,2025Q3,0.9842,669461952.0
ac_htm_ombs_3_pre09,base,True,RC,stock,thousands_usd,any,RCFD1733,all,,,AMORTIZED COST OF ALL OTHER HELD-TO-MATURITY MORTGAGE-BACKED SECURITIES (INCLUDE CMOS; REMICS; AND STRIPPED MBS),,,assets.csv,551488.0,0.3897,1994Q1,2025Q3,0.9743,1462382653.0
fv_htm_ombs_1_09,base,True,RC-B,stock,thousands_usd,any,RCFDG313,all,,,MORTGAGE-BACKED SECURITIES (MBS): OTHER RESIDENTIAL MBS (INCLUDE CMOS; REMICS; AND STRIPPED MBS): ISSUED OR GUARANTEED BY FNMA; FHLMC; OR GNMA - HELD-TO-MATURITY FAIR VALUE,,,assets.csv,388360.0,0.2745,2009Q2,2025Q3,0.936,6241534872.0
fv_htm_ombs_1_pre09,base,True,RC,stock,thousands_usd,any,RCFD1715,all,,,FAIR VALUE OF OTHER HELD-TO-MATURITY MORTGAGE-BACKED SECURITIES (INCLUDE CMOS; REMICS; AND STRIPPED MBS) ISSUED OR GUARANTEED BY FNMA; FHLMC; OR GNMA,,,assets.csv,546422.0,0.3862,1994Q1,2009Q1,0.8878,1575135868.0
fv_htm_ombs_2_09,base,True,RC-B,stock,thousands_usd,any,RCFDG317,all,,,MORTGAGE-BACKED SECURITIES (MBS): OTHER RESIDENTIAL MBS (INCLUDE CMOS; REMICS; AND STRIPPED MBS): COLLATERALIZED BY MBS ISSUED OR GUARANTEED BY FNMA; FHLMC; OR GNMA - HELD-TO-MATURITY FAIR VALUE,,,assets.csv,388360.0,0.2745,2009Q2,2025Q3,0.9973,15254699.0
fv_htm_ombs_2_pre09,base,True,RC,stock,thousands_usd,any,RCFD1719,all,,,FAIR VALUE OF OTHER HELD-TO-MATURITY MORTGAGE-BACKED SECURITIES (INCLUDE CMOS; REMICS AND STRIPPED MBS) COLLATERALIZED BY MBS ISSUED OR GUARANTEED BY FNMA; FHLMC; OR GNMA,,,assets.csv,546421.0,0.3862,1994Q1,2009Q1,0.9768,35690604.0
fv_htm_ombs_3_09,base,True,RC-B,stock,thousands_usd,any,RCFDG321,all,,,MORTGAGE-BACKED SECURITIES (MBS): OTHER RESIDENTIAL MBS (INCLUDE CMOS; REMICS; AND STRIPPED MBS): ALL OTHER RESIDENTIAL MBS - HELD-TO-MATURITY FAIR VALUE,,,assets.csv,388360.0,0.2745,2009Q2,2025Q3,0.9841,651816989.0
fv_htm_ombs_3_pre09,base,True,RC,stock,thousands_usd,any,RCFD1734,all,,,FAIR VALUE OF ALL OTHER HELD-TO-MATURITY MORTGAGE-BACKED SECURITIES (INCLUDE CMOS; REMICS; AND STRIPPED MBS),,,assets.csv,546421.0,0.3862,1994Q1,2009Q1,0.9756,640907172.0
fv_afs_ombs_1_09,base,True,RC-B,stock,thousands_usd,any,RCFDG315,all,,,MORTGAGE-BACKED SECURITIES (MBS): OTHER RESIDENTIAL MBS (INCLUDE CMOS; REMICS; AND STRIPPED MBS): ISSUED OR GUARANTEED BY FNMA; FHLMC; OR GNMA - AVAILABLE-FOR-SALE FAIR VALUE,,,assets.csv,388360.0,0.2745,2009Q2,2025Q3,0.4902,22529281779.0
fv_afs_ombs_1_pre09,base,True,RC,stock,thousands_usd,any,RCFD1717,all,,,FAIR VALUE OF OTHER AVAILABLE-FOR-SALE MORTGAGE-BACKED SECURITIES (INCLUDE CMOS; REMICS; AND STRIPPED MBS) ISSUED OR GUARANTEED BY FNMA; FHLMC; OR GNMA,,,assets.csv,546421.0,0.3862,1994Q1,2009Q1,0.6165,7514031137.0
fv_afs_ombs_2_09,base,True,RC-B,stock,thousands_usd,any,RCFDG319,all,,,MORTGAGE-BACKED SECURITIES (MBS): OTHER RESIDENTIAL MBS (INCLUDE CMOS; REMICS; AND STRIPPED MBS): COLLATERALIZED BY MBS ISSUED OR GUARANTEED BY FNMA; FHLMC; OR GNMA - AVAILABLE-FOR-SALE FAIR VALUE,,,assets.csv,388360.0,0.2745,2009Q2,2025Q3,0.9795,132395703.0
fv_afs_ombs_2_pre09,base,True,RC,stock,thousands_usd,any,RCFD1732,all,,,FAIR VALUE OF OTHER AVAILABLE-FOR-SALE MORTGAGE-BACKED SECURITIES (INCLUDE CMOS; REMICS AND STRIPPED MBS) COLLATERALIZED BY MBS ISSUED OR GUARANTEED BY FNMA; FHLMC; OR GNMA,,,assets.csv,546421.0,0.3862,1994Q1,2009Q1,0.9344,338159559.0
fv_afs_ombs_3_09,base,True,RC-B,stock,thousands_usd,any,RCFDG323,all,,,MORTGAGE-BACKED SECURITIES (MBS): OTHER RESIDENTIAL MBS (INCLUDE CMOS; REMICS; AND STRIPPED MBS): ALL OTHER RESIDENTIAL MBS - AVAILABLE-FOR-SALE FAIR VALUE,,,assets.csv,388360.0,0.2745,2009Q2,2025Q3,0.8973,4875102989.0
fv_afs_ombs_3_pre09,base,True,RC,stock,thousands_usd,any,RCFD1736,all,,,FAIR VALUE OF ALL OTHER AVAILABLE-FOR-SALE MORTGAGE BACKED SECURITIES (MBA) (INCLUDE CMOS; REMICS; AND STRIPPED MBS),,,assets.csv,551488.0,0.3897,1994Q1,2025Q3,0.911,8800754032.0
ac_htm_cmbs_pt_ag,base,True,RC-B,stock,thousands_usd,any,RCFDK142,all,,,MORTGAGE-BACKED SECURITIES (MBS):COMMERCIAL MBS: COMMERCIAL MORTGAGE PASS-THROUGH SECURITIES: ISSUED OR GUARANTEED BY FNMA;FHLMC OR GNMA: HELD-TO-MATURITY AMORTIZED COST,,,assets.csv,337683.0,0.2386,2011Q1,2025Q3,0.9728,1995848469.0
ac_htm_cmbs_pt_oth,base,True,RC-B,stock,thousands_usd,any,RCFDK146,all,,,MORTGAGE-BACKED SECURITIES (MBS):COMMERCIAL MBS: COMMERCIAL MORTGAGE PASS-THROUGH SECURITIES:OTHER PASS THROUGH SECURITIES : HELD-TO-MATURITY AMORTIZED COST,,,assets.csv,337683.0,0.2386,2011Q1,2025Q3,0.9991,118616950.0
ac_htm_cmbs_pt_src,base,True,RC,stock,thousands_usd,any,RCFDG324,all,,,MORTGAGE-BACKED SECURITIES (MBS): COMMERCIAL MORTGAGE-BACKED SECURITIES (MBS): COMMERCIAL PASS-THROUGH SECURITIES - HELD-TO-MATURITY AMORTIZED COST,,,assets.csv,50677.0,0.0358,2009Q2,2010Q4,0.9946,22385505.0
ac_htm_cmbs_npt_ag,base,True,RC-B,stock,thousands_usd,any,RCFDK150,all,,,MORTGAGE-BACKED SECURITIES (MBS):COMMERCIAL MBS: OTHER COMMERCIAL MBS :ISSUED OR GUARANTEED BY FNMA;FHLMC OR GNMA: HELD-TO-MATURITY AMORTIZED COST,,,assets.csv,337683.0,0.2386,2011Q1,2025Q3,0.9813,2806648112.0
ac_htm_cmbs_npt_oth,base,True,RC-B,stock,thousands_usd,any,RCFDK154,all,,,MORTGAGE-BACKED SECURITIES (MBS):COMMERCIAL MBS: OTHER COMMERCIAL MBS :ALL OTHER COMMERCIAL MBS : HELD-TO-MATURITY AMORTIZED COST,,,assets.csv,337683.0,0.2386,2011Q1,2025Q3,0.9965,563354138.0
ac_htm_cmbs_npt_src,base,True,RC,stock,thousands_usd,any,RCFDG328,all,,,MORTGAGE-BACKED SECURITIES (MBS): COMMERCIAL MORTGAGE-BACKED SECURITIES (MBS): OTHER COMMERCIAL MBS - HELD-TO-MATURITY AMORTIZED COST,,,assets.csv,50677.0,0.0358,2009Q2,2010Q4,0.9973,35698201.0
fv_htm_cmbs_pt_ag,base,True,RC-B,stock,thousands_usd,any,RCFDK143,all,,,MORTGAGE-BACKED SECURITIES (MBS):COMMERCIAL MBS: COMMERCIAL MORTGAGE PASS-THROUGH SECURITIES:ISSUED OR GUARANTEED BY FNMA;FHLMC OR GNMA: HELD-TO-MATURITY FAIR VALUE,,,assets.csv,337683.0,0.2386,2011Q1,2025Q3,0.9728,1937867830.0
fv_htm_cmbs_pt_oth,base,True,RC-B,stock,thousands_usd,any,RCFDK147,all,,,MORTGAGE-BACKED SECURITIES (MBS):COMMERCIAL MBS: COMMERCIAL MORTGAGE PASS-THROUGH SECURITIES:OTHER PASS THROUGH SECURITIES : HELD-TO-MATURITY FAIR VALUE,,,assets.csv,337683.0,0.2386,2011Q1,2025Q3,0.9991,117428170.0
fv_htm_cmbs_pt_src,base,True,RC,stock,thousands_usd,any,RCFDG325,all,,,MORTGAGE-BACKED SECURITIES (MBS): COMMERCIAL MORTGAGE-BACKED SECURITIES (MBS): COMMERCIAL PASS-THROUGH SECURITIES - HELD-TO-MATURITY FAIR VALUE,,,assets.csv,50677.0,0.0358,2009Q2,2010Q4,0.9946,23096937.0
fv_htm_cmbs_npt_ag,base,True,RC-B,stock,thousands_usd,any,RCFDK151,all,,,MORTGAGE-BACKED SECURITIES (MBS):COMMERCIAL MBS: OTHER COMMERCIAL MBS :ISSUED OR GUARANTEED BY FNMA;FHLMC OR GNMA: HELD-TO-MATURITY FAIR VALUE,,,assets.csv,337683.0,0.2386,2011Q1,2025Q3,0.9813,2703496001.0
fv_htm_cmbs_npt_oth,base,True,RC-B,stock,thousands_usd,any,RCFDK155,all,,,MORTGAGE-BACKED SECURITIES (MBS):COMMERCIAL MBS: OTHER COMMERCIAL MBS :ALL OTHER COMMERCIAL MBS: HELD-TO-MATURITY FAIR VALUE,,,assets.csv,337683.0,0.2386,2011Q1,2025Q3,0.9965,551411551.0
fv_htm_cmbs_npt_src,base,True,RC,stock,thousands_usd,any,RCFDG329,all,,,MORTGAGE-BACKED SECURITIES (MBS): COMMERCIAL MORTGAGE-BACKED SECURITIES (MBS): OTHER COMMERCIAL MBS - HELD-TO-MATURITY FAIR VALUE,,,assets.csv,50677.0,0.0358,2009Q2,2010Q4,0.9973,36082471.0
fv_afs_cmbs_pt_ag,base,True,RC-B,stock,thousands_usd,any,RCFDK145,all,,,MORTGAGE-BACKED SECURITIES (MBS):COMMERCIAL MBS: COMMERCIAL MORTGAGE PASS-THROUGH SECURITIES:ISSUED OR GUARANTEED BY FNMA;FHLMC OR GNMA: AVAILABLE-FOR-SALE FAIR VALUE,,,assets.csv,337683.0,0.2386,2011Q1,2025Q3,0.8138,4777989332.0
fv_afs_cmbs_pt_oth,base,True,RC-B,stock,thousands_usd,any,RCFDK149,all,,,MORTGAGE-BACKED SECURITIES (MBS):COMMERCIAL MBS: COMMERCIAL MORTGAGE PASS-THROUGH SECURITIES:OTHER PASS THROUGH SECURITIES : AVAILABLE-FOR-SALE FAIR VALUE,,,assets.csv,337683.0,0.2386,2011Q1,2025Q3,0.9967,149248986.0
fv_afs_cmbs_pt_src,base,True,RC,stock,thousands_usd,any,RCFDG327,all,,,MORTGAGE-BACKED SECURITIES (MBS): COMMERCIAL MORTGAGE-BACKED SECURITIES (MBS): COMMERCIAL PASS-THROUGH SECURITIES - AVAILABLE-FOR-SALE FAIR VALUE,,,assets.csv,50677.0,0.0358,2009Q2,2010Q4,0.9593,79606479.0
fv_afs_cmbs_npt_ag,base,True,RC-B,stock,thousands_usd,any,RCFDK153,all,,,MORTGAGE-BACKED SECURITIES (MBS):COMMERCIAL MBS: OTHER COMMERCIAL MBS :ISSUED OR GUARANTEED BY FNMA;FHLMC OR GNMA: AVAILABLE-FOR-SALE FAIR VALUE,,,assets.csv,337683.0,0.2386,2011Q1,2025Q3,0.8521,4948893315.0
fv_afs_cmbs_npt_oth,base,True,RC-B,stock,thousands_usd,any,RCFDK157,all,,,MORTGAGE-BACKED SECURITIES (MBS):COMMERCIAL MBS: OTHER COMMERCIAL MBS :ALL OTHER COMMERCIAL MBS: AVAILABLE-FOR-SALE FAIR VALUE,,,assets.csv,337683.0,0.2386,2011Q1,2025Q3,0.971,2541829491.0
fv_afs_cmbs_npt_src,base,True,RC,stock,thousands_usd,any,RCFDG331,all,,,MORTGAGE-BACKED SECURITIES (MBS): COMMERCIAL MORTGAGE-BACKED SECURITIES (MBS): OTHER COMMERCIAL MBS - AVAILABLE-FOR-SALE FAIR VALUE,,,assets.csv,50677.0,0.0358,2009Q2,2010Q4,0.9859,218312970.0
htm_odom_dsec,base,True,RC-B,stock,thousands_usd,any,RCFD1737,all,,,AMORTIZED COST OF OTHER HELD-TO-MATURITY DOMESTIC DEBT SECURITIES,,,assets.csv,753205.0,0.5323,1994Q1,2025Q3,0.9197,1011338006.0
htm_ofgn_dsec,base,True,RC-B,stock,thousands_usd,any,RCFD1742,all,,,AMORTIZED COST OF HELD-TO-MATURITY OTHER FOREIGN DEBT SECURITIES,,,assets.csv,753205.0,0.5323,1994Q1,2025Q3,0.9796,1040352496.0
htm_fv_odom_dsec,base,True,RC-B,stock,thousands_usd,any,RCFD1738,all,,,FAIR VALUE OF OTHER HELD-TO-MATURITY DOMESTIC DEBT SECURITIES,,,assets.csv,753205.0,0.5323,1994Q1,2025Q3,0.9197,1000354380.0
htm_fv_ofgn_dsec,base,True,RC-B,stock,thousands_usd,any,RCFD1743,all,,,FAIR VALUE OF HELD-TO-MATURITY OTHER FOREIGN DEBT SECURITIES,,,assets.csv,753205.0,0.5323,1994Q1,2025Q3,0.9796,1017263165.0
htm_oth_debt_ac,base,True,RC,stock,thousands_usd,any,RCFD1774,all,,,AMORTIZED COST OF OTHER HELD-TO-MATURITY DEBT SECURITIES,,,assets.csv,597099.0,0.422,1994Q1,2010Q4,0.8823,757569953.0
htm_oth_debt_fv,base,True,RC,stock,thousands_usd,any,RCFD1775,all,,,FAIR VALUE OF OTHER HELD-TO-MATURITY DEBT SECURITIES,,,assets.csv,597099.0,0.422,1994Q1,2010Q4,0.8824,743078397.0
afs_odom_dsec,base,True,RC-B,stock,thousands_usd,any,RCFD1741,all,,,FAIR VALUE OF OTHER AVAILABLE-FOR-SALE DOMESTIC DEBT SECURITIES,,,assets.csv,753205.0,0.5323,1994Q1,2025Q3,0.7173,6749174419.0
afs_ofgn_dsec,base,True,RC-B,stock,thousands_usd,any,RCFD1746,all,,,FAIR VALUE OF AVAILABLE-FOR-SALE OTHER FOREIGN DEBT SECURITIES,,,assets.csv,753205.0,0.5323,1994Q1,2025Q3,0.9648,19497701204.0
res_loans_maturity_3mo_less,base,True,RC-C,stock,thousands_usd,any,RCONA564,all,,,CLOSED-END LOANS SECURED BY FIRST LIENS ON 1-4 FAMILY RESIDENTIAL PROPERTIES (IN DOMESTIC OFFICES) WITH A REMAINING MATURITY OR REPRICING FREQUENCY OF THREE MONTHS OR LESS,,,assets.csv,795915.0,0.5625,1997Q2,2025Q3,0.091,13872997152.0
res_loans_maturity_3mo_12mo,base,True,RC-C,stock,thousands_usd,any,RCONA565,all,,,CLOSED-END LOANS SECURED BY FIRST LIENS ON 1-4 FAMILY RESIDENTIAL PROPERTIES (IN DOMESTIC OFFICES) WITH A REMAINING MATURITY OR REPRICING FREQUENCY OF OVER THREE MONTHS THROUGH 12 MONTHS,,,assets.csv,795915.0,0.5625,1997Q2,2025Q3,0.0712,13207886507.0
res_loans_maturity_1y_3y,base,True,RC-C,stock,thousands_usd,any,RCONA566,all,,,CLOSED-END LOANS SECURED BY FIRST LIENS ON 1-4 FAMILY RESIDENTIAL PROPERTIES (IN DOMESTIC OFFICES) WITH A REMAINING MATURITY OR REPRICING FREQUENCY OF OVER ONE YEAR THROUGH THREE YEARS,,,assets.csv,795915.0,0.5625,1997Q2,2025Q3,0.0564,16732660487.0
res_loans_maturity_3y_5y,base,True,RC-C,stock,thousands_usd,any,RCONA567,all,,,CLOSED-END LOANS SECURED BY FIRST LIENS ON 1-4 FAMILY RESIDENTIAL PROPERTIES (IN DOMESTIC OFFICES) WITH A REMAINING MATURITY OR REPRICING FREQUENCY OF OVER THREE YEARS THROUGH FIVE YEARS,,,assets.csv,795915.0,0.5625,1997Q2,2025Q3,0.0649,19558469789.0
res_loans_maturity_5y_15y,base,True,RC-C,stock,thousands_usd,any,RCONA568,all,,,CLOSED-END LOANS SECURED BY FIRST LIENS ON 1-4 FAMILY RESIDENTIAL PROPERTIES (IN DOMESTIC OFFICES) WITH A REMAINING MATURITY OR REPRICING FREQUENCY OF OVER FIVE YEARS THROUGH 15 YEARS,,,assets.csv,795915.0,0.5625,1997Q2,2025Q3,0.1165,41160285832.0
res_loans_maturity_15y_over,base,True,RC-C,stock,thousands_usd,any,RCONA569,all,,,CLOSED-END LOANS SECURED BY FIRST LIENS ON 1-4 FAMILY RESIDENTIAL PROPERTIES (IN DOMESTIC OFFICES) WITH A REMAINING MATURITY OR REPRICING FREQUENCY OF OVER 15 YEARS,,,assets.csv,795915.0,0.5625,1997Q2,2025Q3,0.3294,71675087296.0
other_loans_maturity_3mo_less_pre11,base,True,RC-C,stock,thousands_usd,any,RCFDA570,all,,,ALL LOANS AND LEASES OTHER THAN CLOSED-END LOANS SECURED BY FIRST LIENS ON 1-4 FAMILY RESIDENTIAL PROPERTIES (IN DOMESTIC OFFICES) WITH A REMAINING MATURITY OR REPRICING FREQUENCY OF THREE MONTHS OR LESS,,,assets.csv,795915.0,0.5625,1997Q2,2025Q3,0.0166,370084401243.0
other_loans_maturity_3mo_12mo_pre11,base,True,RC-C,stock,thousands_usd,any,RCFDA571,all,,,ALL LOANS AND LEASES OTHER THAN CLOSED-END LOANS SECURED BY FIRST LIENS ON 1-4 FAMILY RESIDENTIAL PROPERTIES (IN DOMESTIC OFFICES) WITH A REMAINING MATURITY OR REPRICING FREQUENCY OF OVER THREE MONTHS THROUGH 12 MONTHS,,,assets.csv,795915.0,0.5625,1997Q2,2025Q3,0.0221,49389866681.0
other_loans_maturity_1y_3y_pre11,base,True,RC-C,stock,thousands_usd,any,RCFDA572,all,,,ALL LOANS AND LEASES OTHER THAN CLOSED-END LOANS SECURED BY FIRST LIENS ON 1-4 FAMILY RESIDENTIAL PROPERTIES (IN DOMESTIC OFFICES) WITH A REMAINING MATURITY OR REPRICING FREQUENCY OF OVER ONE YEAR THROUGH THREE YEARS,,,assets.csv,795915.0,0.5625,1997Q2,2025Q3,0.0191,88787207260.0
other_loans_maturity_3y_5y_pre11,base,True,RC-C,stock,thousands_usd,any,RCFDA573,all,,,ALL LOANS AND LEASES OTHER THAN CLOSED-END LOANS SECURED BY FIRST LIENS ON 1-4 FAMILY RESIDENTIAL PROPERTIES (IN DOMESTIC OFFICES) WITH A REMAINING MATURITY OR REPRICING FREQUENCY OF OVER THREE YEARS THROUGH FIVE YEARS,,,assets.csv,795915.0,0.5625,1997Q2,2025Q3,0.0225,78275540490.0
other_loans_maturity_5y_15y_pre11,base,True,RC-C,stock,thousands_usd,any,RCFDA574,all,,,ALL LOANS AND LEASES OTHER THAN CLOSED-END LOANS SECURED BY FIRST LIENS ON 1-4 FAMILY RESIDENTIAL PROPERTIES (IN DOMESTIC OFFICES) WITH A REMAINING MATURITY OR REPRICING FREQUENCY OF OVER FIVE YEARS THROUGH 15 YEARS,,,assets.csv,795915.0,0.5625,1997Q2,2025Q3,0.0391,70724052510.0
other_loans_maturity_15y_over_pre11,base,True,RC-C,stock,thousands_usd,any,RCFDA575,all,,,ALL LOANS AND LEASES OTHER THAN CLOSED-END LOANS SECURED BY FIRST LIENS ON 1-4 FAMILY RESIDENTIAL PROPERTIES (IN DOMESTIC OFFICES) WITH A REMAINING MATURITY OR REPRICING FREQUENCY OF OVER 15 YEARS,,,assets.csv,795915.0,0.5625,1997Q2,2025Q3,0.3069,19264078693.0
other_loans_maturity_3mo_less_post11,base,True,RC-C,stock,thousands_usd,any,RCONA570,all,,,ALL LOANS AND LEASES OTHER THAN CLOSED-END LOANS SECURED BY FIRST LIENS ON 1-4 FAMILY RESIDENTIAL PROPERTIES (IN DOMESTIC OFFICES) WITH A REMAINING MATURITY OR REPRICING FREQUENCY OF THREE MONTHS OR LESS,,,assets.csv,783499.0,0.5537,1997Q2,2025Q3,0.0161,90482093138.0
other_loans_maturity_3mo_12mo_post11,base,True,RC-C,stock,thousands_usd,any,RCONA571,all,,,ALL LOANS AND LEASES OTHER THAN CLOSED-END LOANS SECURED BY FIRST LIENS ON 1-4 FAMILY RESIDENTIAL PROPERTIES (IN DOMESTIC OFFICES) WITH A REMAINING MATURITY OR REPRICING FREQUENCY OF OVER THREE MONTHS THROUGH 12 MONTHS,,,assets.csv,783499.0,0.5537,1997Q2,2025Q3,0.0213,21703964598.0
other_loans_maturity_1y_3y_post11,base,True,RC-C,stock,thousands_usd,any,RCONA572,all,,,ALL LOANS AND LEASES OTHER THAN CLOSED-END LOANS SECURED BY FIRST LIENS ON 1-4 FAMILY RESIDENTIAL PROPERTIES (IN DOMESTIC OFFICES) WITH A REMAINING MATURITY OR REPRICING FREQUENCY OF OVER ONE YEAR THROUGH THREE YEARS,,,assets.csv,783499.0,0.5537,1997Q2,2025Q3,0.0183,40818335025.0
other_loans_maturity_3y_5y_post11,base,True,RC-C,stock,thousands_usd,any,RCONA573,all,,,ALL LOANS AND LEASES OTHER THAN CLOSED-END LOANS SECURED BY FIRST LIENS ON 1-4 FAMILY RESIDENTIAL PROPERTIES (IN DOMESTIC OFFICES) WITH A REMAINING MATURITY OR REPRICING FREQUENCY OF OVER THREE YEARS THROUGH FIVE YEARS,,,assets.csv,783499.0,0.5537,1997Q2,2025Q3,0.0214,38929559991.0
other_loans_maturity_5y_15y_post11,base,True,RC-C,stock,thousands_usd,any,RCONA574,all,,,ALL LOANS AND LEASES OTHER THAN CLOSED-END LOANS SECURED BY FIRST LIENS ON 1-4 FAMILY RESIDENTIAL PROPERTIES (IN DOMESTIC OFFICES) WITH A REMAINING MATURITY OR REPRICING FREQUENCY OF OVER FIVE YEARS THROUGH 15 YEARS,,,assets.csv,783499.0,0.5537,1997Q2,2025Q3,0.0381,31667415588.0
other_loans_maturity_15y_over_post11,base,True,RC-C,stock,thousands_usd,any,RCONA575,all,,,ALL LOANS AND LEASES OTHER THAN CLOSED-END LOANS SECURED BY FIRST LIENS ON 1-4 FAMILY RESIDENTIAL PROPERTIES (IN DOMESTIC OFFICES) WITH A REMAINING MATURITY OR REPRICING FREQUENCY OF OVER 15 YEARS,,,assets.csv,783499.0,0.5537,1997Q2,2025Q3,0.3082,7889787856.0
hfs_famres_ln_18_src,base,True,RC-P,stock,thousands_usd,any,RCONFT05,all,,,QUARTER END AMOUNT OF 1-4 FAMILY RESIDENTIAL MORTGAGE LOANS HELD FOR SALE OR TRADING,,,assets.csv,31488.0,0.0223,2017Q1,2025Q3,0.3754,2146305966.0
fv_ln_famres_1,base,True,RC-C,stock,thousands_usd,any,RCONF580,all,,,REVOLVING; OPEN-END LOANS SECURED BY 1-4 FAMILY RESIDENTIAL PROPERTIES AND EXTENDED UNDER LINES OF CREDIT (MEASURED AT FAIR VALUE),,,assets.csv,38197.0,0.027,2008Q1,2018Q1,0.9754,85293055.0
fv_ln_famres_2,base,True,RC-C,stock,thousands_usd,any,RCONF581,all,,,REVOLVING; CLOSED-END LOANS SECURED BY FIRST LIENS ON 1-4 FAMILY RESIDENTIAL PROPERTIES (MEASURED AT FAIR VALUE),,,assets.csv,38321.0,0.0271,2008Q1,2018Q1,0.8549,2985735453.0
fv_ln_famres_3,base,True,RC-C,stock,thousands_usd,any,RCONF582,all,,,REVOLVING; CLOSED-END LOANS SECURED BY JUNIOR LIENS ON 1-4 FAMILY RESIDENTIAL PROPERTIES (MEASURED AT FAIR VALUE),,,assets.csv,38218.0,0.027,2008Q1,2018Q1,0.9619,4121654.0
fv_ln_famres_18,base,True,RC-Q,stock,thousands_usd,any,RCFDHT87,all,,,Loans measured at fair value; Loans secured by real estate; Secured by 1-4 family residential properties; Domestic Offices,,,assets.csv,21559.0,0.0152,2018Q2,2025Q3,0.8223,1994113520.0
fv_ln_othres_1,base,True,RC-C,stock,thousands_usd,any,RCONF578,all,,,LOANS SECURED BY CONSTRUCTION; LAND DEVELOPMENT; AND OTHER LAND LOANS (MEASURED AT FAIR VALUE),,,assets.csv,38207.0,0.027,2008Q1,2018Q1,0.9673,26199256.0
fv_ln_othres_2,base,True,RC-C,stock,thousands_usd,any,RCONF579,all,,,LOANS SECURED BY FARMLAND (INCLUDING FARM RESIDENTIAL AND OTHER IMPROVEMENTS) (MEASURED AT FAIR VALUE),,,assets.csv,38230.0,0.027,2008Q1,2018Q1,0.9804,13797055.0
fv_ln_othres_3,base,True,RC-C,stock,thousands_usd,any,RCONF583,all,,,LOANS SECURED BY MULTIFAMILY (5 OR MORE) RESIDENTIAL PROPERTIES (MEASURED AT FAIR VALUE),,,assets.csv,38204.0,0.027,2008Q1,2018Q1,0.9734,40214979.0
fv_ln_othres_4,base,True,RC-C,stock,thousands_usd,any,RCONF584,all,,,LOANS SECURED BY NONFARM NONRESIDENTIAL PROPERTIES (MEASURED AT FAIR VALUE),,,assets.csv,38241.0,0.027,2008Q1,2018Q1,0.9476,225723539.0
fv_ln_othres_18,base,True,RC-Q,stock,thousands_usd,any,RCFDHT88,all,,,Loans measured at fair value; Loans secured by real estate; All other loans secured by real estate; Domestic Offices,,,assets.csv,21558.0,0.0152,2018Q2,2025Q3,0.954,368258254.0
fv_ln_res_alt,base,True,RC-C,stock,thousands_usd,any,RCFDF608,all,,,LOANS SECURED BY REAL ESTATE (MEASURED AT FAIR VALUE),,,assets.csv,27244.0,0.0193,2008Q1,2018Q1,0.9099,2543043880.0
ln_fv_ci,base,True,RC-C,stock,thousands_usd,any,RCFDF585,all,,,COMMERCIAL AND INDUSTRIAL LOANS MEASURED AT FAIR VALUE (DOMESTIC ONLY),,,assets.csv,59779.0,0.0422,2008Q1,2025Q3,0.9582,928684825.0
fv_ln_cons_1,base,True,RC-C,stock,thousands_usd,any,RCFDF586,all,,,LOANS TO INDIVIDUALS FOR HOUSEHOLD; FAMILY; AND OTHER PERSONAL EXPENDITURES - CREDIT CARDS (MEASURED AT FAIR VALUE),,,assets.csv,38204.0,0.027,2008Q1,2018Q1,0.9959,27663885.0
fv_ln_cons_2,base,True,RC-C,stock,thousands_usd,any,RCFDF587,all,,,LOANS TO INDIVIDUALS FOR HOUSEHOLD; FAMILY; AND OTHER PERSONAL EXPENDITURES - OTHER REVOLVING CREDIT PLANS (MEASURED AT FAIR VALUE),,,assets.csv,38205.0,0.027,2008Q1,2018Q1,0.991,120209.0
fv_ln_cons_3,base,True,RC,stock,thousands_usd,any,RCFDF588,all,,,LOANS TO INDIVIDUALS FOR HOUSEHOLD; FAMILY; AND OTHER PERSONAL EXPENDITURES - OTHER CONSUMER LOANS (INCLUDES SINGLE PAYMENT; INSTALLMENT; AND ALL STUDENT LOANS) (MEASURED AT FAIR VALUE),,,assets.csv,25932.0,0.0183,2008Q1,2010Q4,0.971,21328163.0
fv_ln_cons_18,base,True,RC-Q,stock,thousands_usd,any,RCFDHT89,all,,,Loans measured at fair value; Loans to individuals for household; family; and other personal expenditures (consumer loans includes purchased paper); Consolidated Bank,,,assets.csv,21554.0,0.0152,2018Q2,2025Q3,0.9847,329918694.0
ln_fv_oth,base,True,RC-C,stock,thousands_usd,any,RCFDF589,all,,,OTHER LOANS MEASURED AT FAIR VALUE,,,assets.csv,59696.0,0.0422,2008Q1,2025Q3,0.9772,984783163.0
fixed_ass,base,True,RC,stock,thousands_usd,any,RCFD2145,all,,,PREMISES AND FIXED ASSETS (INCLUDING CAPITALIZED LEASES),,,assets.csv,1414993.0,1.0,1985Q1,2025Q3,0.0066,16644686083.0
unconsub_inv,base,True,RC,stock,thousands_usd,any,RCFD2130,all,,,INVESTMENTS AND UNCONSOLIDATED SUBSIDIARIES AND ASSOCIATED COMPANIES,,,assets.csv,1414991.0,1.0,1985Q1,2025Q3,0.9329,3194237268.0
reven_inv,base,True,RC,stock,thousands_usd,any,RCFD3656,all,,,DIRECT AND INDIRECT INVESTMENTS IN REAL ESTATE VENTURES,,,assets.csv,1415045.0,1.0,1985Q1,2025Q3,0.9842,2085039182.0
oth_assets_2160,base,True,RC,stock,thousands_usd,any,RCFD2160,all,,,OTHER ASSETS,,,assets.csv,1414993.0,1.0,1985Q1,2025Q3,0.0003,74901560054.0
accept_cust,base,True,RC,stock,thousands_usd,any,RCFD2155,all,,,CUSTOMERS' LIABILITY TO THIS BANK ON ACCEPTANCES OUTSTANDING,,,assets.csv,918642.0,0.6492,1985Q1,2005Q4,0.9695,1592727860.0
assets,base,True,RC,stock,thousands_usd,any,RCFD2170,all,,,TOTAL ASSETS,,,assets.csv,1414993.0,1.0,1985Q1,2025Q3,0.0,1760649940201.0
srv_ass_mrt,base,True,RC-M,stock,thousands_usd,any,RCFD3164,all,,,MORTGAGE SERVICING ASSETS,,,assets.csv,1400288.0,0.9896,1985Q2,2025Q3,0.9117,4473341729.0
srv_ass_mrt_fv,base,True,RC-M,stock,thousands_usd,any,RCFDA590,all,,,ESTIMATED FAIR VALUE OF MORTGAGE SERVICING ASSETS,,,assets.csv,795915.0,0.5625,1997Q2,2025Q3,0.8575,4526994706.0
eq_inv_wo_fv,base,True,RC-F,stock,thousands_usd,any,RCFD1752,all,,,HISTORICAL COST OF ALL OTHER AVAILABLE-FOR-SALE EQUITY SECURITIES,,,assets.csv,934784.0,0.6606,1994Q1,2025Q3,0.1285,6705510792.0
aoci_opt_out,base,True,RC-R,stock,thousands_usd,any,RCOAP838,all,,,A. AOCI OPT-OUT ELECTION (ENTER '1' FOR YES; ENTER '0' FOR NO.),,,assets.csv,226647.0,0.1602,2014Q1,2025Q3,0.0098,224434.0
dsec_oth_ass_non,base,True,RC-N,stock,thousands_usd,any,RCFD3507,all,,,DEBT SECURITIES AND OTHER ASSETS - NONACCRUAL,,,assets.csv,1080125.0,0.7633,1991Q1,2025Q3,0.9819,134842170.0
na_famres_first,base,True,RC-N,stock,thousands_usd,any,RCONC229,all,,,CLOSED-END LOANS SECURED BY 1-4 FAMILY RESIDENTIAL PROPERTIES:SECURED BY FIRST LIENS-NONACCURAL,,,assets.csv,621331.0,0.4391,2002Q1,2025Q3,0.419,2710930615.0
na_famres_closed,base,True,RC,stock,thousands_usd,any,RCON5403,all,,,LOANS SECURED BY 1-4 FAMILY RESIDENTIAL PROPERTIES: ALL OTHER - NONACCRUAL,,,assets.csv,366354.0,0.2589,1991Q1,2010Q4,0.4339,1066715628.0
na_tot_1403,base,True,RC-N,stock,thousands_usd,any,RCFD1403,all,,,TOTAL LOANS AND LEASE FINANCE RECEIVABLES: NONACCRUAL,,,assets.csv,1252920.0,0.8854,1985Q1,2025Q3,0.1966,8310776867.0
na_re_f176,base,False,RC-N,stock,thousands_usd,any,RCONF176,all,,,1-4 FAMILY RESIDENTIAL CONSTRUCTION LOANS; NONACCRUAL,,,assets.csv,,,,,,
na_re_f177,base,False,RC-N,stock,thousands_usd,any,RCONF177,all,,,OTHER CONSTRUCTION LOANS AND ALL LAND DEVELOPMENT AND OTHER LAND LOANS; NONACCRUAL,,,assets.csv,,,,,,
na_farmland,base,True,RC,stock,thousands_usd,any,RCFD3495,all,,,,,,assets.csv,704037.0,0.4975,1991Q1,2025Q3,0.8424,99860988.0
na_heloc,base,True,RC,stock,thousands_usd,any,RCFD5400,all,,,,,,assets.csv,704037.0,0.4975,1991Q1,2025Q3,0.8067,599670732.0
na_famres_junior,base,True,RC-N,stock,thousands_usd,any,RCONC230,all,,,CLOSED-END LOANS SECURED BY 1-4 FAMILY RESIDENTIAL PROPERTIES:SECURED BY JUNIOR LIENS-NONACCURAL,,,assets.csv,621331.0,0.4391,2002Q1,2025Q3,0.7568,165007397.0
na_multifam,base,True,RC,stock,thousands_usd,any,RCFD3501,all,,,,,,assets.csv,704037.0,0.4975,1991Q1,2025Q3,0.9076,226301097.0
na_re_f182,base,False,RC-N,stock,thousands_usd,any,RCONF182,all,,,LOANS SECURED BY OWNER-OCCUPIED NONFARM NONRESIDENTIAL PROPERTIES; NONACCRUAL,,,assets.csv,,,,,,
na_re_f183,base,False,RC-N,stock,thousands_usd,any,RCONF183,all,,,LOANS SECURED BY OTHER NONFARM NONRESIDENTIAL PROPERTIES; NONACCRUAL,,,assets.csv,,,,,,
na_dep_5379,base,False,RC-N,stock,thousands_usd,any,RCFD5379,all,,,LOANS TO DEPOSITORY INSTITUTIONS AND ACCEPTANCES OF OTHER BANKS: TO U.S. BANKS AND OTHER U.S. DEPOSITORY INSTITUTIONS - NONACCRUAL,,,assets.csv,,,,,,
na_dep_5382,base,False,RC-N,stock,thousands_usd,any,RCFD5382,all,,,LOANS TO DEPOSITORY INSTITUTIONS AND ACCEPTANCES OF OTHER BANKS: TO FOREIGN BANKS - NONACCRUAL,,,assets.csv,,,,,,
na_agprod,base,True,RC-N,stock,thousands_usd,any,RCFD1583,all,,,LOANS TO FINANCE AGRICULTURAL PRODUCTION AND OTHER LOANS TO FARMERS - NONACCRUAL,,,assets.csv,718542.0,0.5078,1985Q1,2025Q3,0.8933,76407421.0
na_auto,base,True,RC-N,stock,thousands_usd,any,RCFDK215,all,,,LOANS TO INDIVIDUALS FOR HOUSEHOLD; FAMILY AND OTHER PERSONAL EXPENDITURES: AUTOMOBILE LOANS - NONACCRUAL,,,assets.csv,337683.0,0.2386,2011Q1,2025Q3,0.7321,104416229.0
na_indiv,base,True,RC-N,stock,thousands_usd,any,RCFDK218,all,,,LOANS TO INDIVIDUALS FOR HOUSEHOLD; FAMILY AND OTHER PERSONAL EXPENDITURES: OTHER - NONACCRUAL,,,assets.csv,337683.0,0.2386,2011Q1,2025Q3,0.6771,47563023.0
na_forgovt,base,True,RC-N,stock,thousands_usd,any,RCFD5391,all,,,LOANS TO FOREIGN GOVERNMENTS AND OFFICIAL INSTITUTIONS - NONACCRUAL,,,assets.csv,530024.0,0.3746,1991Q1,2025Q3,0.9982,43435415.0
na_othln,base,True,RC-N,stock,thousands_usd,any,RCFD5461,all,,,ALL OTHER LOANS - NONACCRUAL,,,assets.csv,704037.0,0.4975,1991Q1,2025Q3,0.8301,252569271.0
na_lease_f168,base,False,RC-N,stock,thousands_usd,any,RCFDF168,all,,,LEASES TO INDIVIDUALS FOR HOUSEHOLD; FAMILY; AND OTHER PERSONAL EXPENDITURES; NONACCRUAL,,,assets.csv,,,,,,
na_lease_f171,base,False,RC-N,stock,thousands_usd,any,RCFDF171,all,,,ALL OTHER LEASES; NONACCRUAL,,,assets.csv,,,,,,
na_re_foreign,base,True,RC-N,stock,thousands_usd,any,RCFNB574,all,,,LOANS SECURED BY REAL ESTATE: IN FOREIGN OFFICES - NONACCRUAL,,,assets.csv,9276.0,0.0066,2001Q1,2025Q3,0.8973,82426518.0
na_re_f663,base,True,RC-N,stock,thousands_usd,any,RCONF663,all,,,LOAN MODIFICATIONS TO BORROWERS EXPERIENCING FINANCIAL DIFFICULTY SECURED BY 1-4 RESIDENTIAL PROPERTIES (IN DOMESTIC OFFICES) - NONACCRUAL,,,assets.csv,380183.0,0.2687,2008Q1,2025Q3,0.7791,1022170422.0
afs_inv_mf_eqsec,base,True,RC-B,stock,thousands_usd,any,RCFDA511,all,,,FAIR VALUE OF AVAILABLE-FOR-SALE INVESTMENTS IN MUTUAL FUNDS AND OTHER EQUITY SECURITIES WITH READILY DETERMINABLE FAIR VALUES,,,assets.csv,690942.0,0.4883,1997Q1,2020Q3,0.8056,1536980552.0
life_ins_ass_pre11,base,True,RC,stock,thousands_usd,any,RCFDC009,all,,,CASH SURRENDER VALUE OF LIFE INSURANCE,,,assets.csv,318354.0,0.225,2001Q1,2010Q4,0.5801,3265173574.0
life_ins_ass_gen,base,True,RC-F,stock,thousands_usd,any,RCFDK201,all,,,LIFE INSURANCE ASSETS: GENERAL ACCOUNT LIFE INSURANCE ASSETS,,,assets.csv,337683.0,0.2386,2011Q1,2025Q3,0.4191,4733881355.0
life_ins_ass_sep,base,True,RC-F,stock,thousands_usd,any,RCFDK202,all,,,LIFE INSURANCE ASSETS: SEPARATE ACCOUNT LIFE INSURANCE ASSETS,,,assets.csv,337683.0,0.2386,2011Q1,2025Q3,0.9208,4329785471.0
life_ins_ass_hyb,base,True,RC-F,stock,thousands_usd,any,RCFDK270,all,,,LIFE INSURANCE ASSETS: HYBRID ACCOUNT LIFE INSURANCE ASSETS,,,assets.csv,337683.0,0.2386,2011Q1,2025Q3,0.8023,1007082994.0
ffrepo_ass_1350,base,True,RC,stock,thousands_usd,any,RCFD1350,all,,,FEDERAL FUNDS SOLD AND SECURITIES PURCHASED UNDER AGREEMENTS TO RESELL IN DOMESTIC OFFICES OF THE BANK AND OF ITS EDGE AND AGREEMENT SUBSIDIARIES; AND IN IBFS,,,assets.csv,793659.0,0.5609,1985Q1,2001Q4,0.1667,12716899320.0
ll_tot,base,True,RC-C,stock,thousands_usd,any,RCFD2122,all,,,TOTAL LOANS AND LEASES; NET OF UNEARNED INCOME,,,assets.csv,1414985.0,1.0,1985Q1,2025Q3,0.0079,970000900945.0
ln_cc,base,True,RC-C,stock,thousands_usd,any,RCFDB538,all,,,LOANS TO INDIVIDUALS FOR HOUSEHOLD; FAMILY; AND OTHER PERSONAL EXPENDITURES (I.E.; CONSUMER LOANS)(INCLUDES PURCHASED PAPER): CREDIT CARDS,,,assets.csv,656045.0,0.4636,2001Q1,2025Q3,0.7909,62906175996.0
ln_cc_incl_revolving_pre01,base,True,RC,stock,thousands_usd,any,RCFD2008,all,,,CREDIT CARDS AND RELATED PLANS,,,assets.csv,757777.0,0.5355,1985Q1,2000Q4,0.4981,9920338302.0
ln_revolving_oth,base,True,RC-C,stock,thousands_usd,any,RCFDB539,all,,,LOANS TO INDIVIDUALS FOR HOUSEHOLD; FAMILY; AND OTHER PERSONAL EXPENDITURES (I.E.; CONSUMER LOANS)(INCLUDES PURCHASED PAPER): OTHER REVOLVING CREDIT PLANS,,,assets.csv,656045.0,0.4636,2001Q1,2025Q3,0.4606,6416298769.0
ln_auto,base,True,RC-C,stock,thousands_usd,any,RCFDK137,all,2011-03-31,,AUTOMOBILE LOANS TO INDIVIDUALS FOR HOUSEHOLD; FAMILY; AND OTHER PERSONAL EXPENDITURES (I.E.; CONSUMER LOANS)(INCLUDES PURCHASED PAPER),,,assets.csv,337683.0,0.2386,2011Q1,2025Q3,0.1218,26077363400.0
ln_consumer_oth_ex_auto,base,True,RC-C,stock,thousands_usd,any,RCFDK207,all,2011-03-31,,OTHER CONSUMER LOANS TO INDIVIDUALS FOR HOUSEHOLD; FAMILY; AND OTHER PERSONAL EXPENDITURES (INCLUDES SINGLE PAYMENT; INSTALLMENT; AND ALL STUDENT LOANS),,,assets.csv,337683.0,0.2386,2011Q1,2025Q3,0.0513,17934898988.0
ln_consumer_oth_pre11,base,False,RC,stock,thousands_usd,any,RCFD2011,all,,2010-12-31,OTHER LOANS,,,assets.csv,,,,,,
ln_agr,base,True,RC-C,stock,thousands_usd,any,RCFD1590,all,,,LOANS TO FINANCE AGRICULTURAL PRODUCTION AND OTHER LOANS TO FARMERS,,,assets.csv,1409528.0,0.9961,1985Q1,2025Q3,0.2972,8895926812.0
ln_ci_tot,base,True,RC,stock,thousands_usd,any,RCFD1766,all,,,COMMERCIAL AND INDUSTRIAL LOANS,,,assets.csv,1408840.0,0.9956,1985Q1,2025Q3,0.0329,118933916359.0
ln_re_1410,base,False,RC-C,stock,thousands_usd,any,RCFD1410,all,,,LOANS SECURED BY REAL ESTATE,,,assets.csv,,,,,,
ln_condev_1_consol,base,False,RC-C,stock,thousands_usd,any,RCFDF158,031,2013-06-30,,LOANS SECURED BY 1-4 FAMILY RESIDENTIAL CONSTRUCTION,,,assets.csv,,,,,,
ln_condev_2_consol,base,False,RC-C,stock,thousands_usd,any,RCFDF159,031,2013-06-30,,LOANS SECURED BY OTHER CONSTRUCTION LOANS AND ALL LAND DEVELOPMENT AND OTHER LAND LOANS,,,assets.csv,,,,,,
ln_farm_consol,base,False,RC-C,stock,thousands_usd,any,RCFD1420,031,2013-06-30,,REAL ESTATE LOANS SECURED BY FARMLAND,,,assets.csv,,,,,,
ln_famres_heloc_consol,base,False,RC-C,stock,thousands_usd,any,RCFD1797,031,2013-06-30,,REVOLVING; OPEN-END LOANS SECURED BY 1-4 FAMILY RESIDENTIAL PROPERTIES AND EXTENDED UNDER LINES OF CREDIT,,,assets.csv,,,,,,
ln_famres_first_consol,base,False,RC-C,stock,thousands_usd,any,RCFD5367,031,2013-06-30,,ALL OTHER LOANS SECURED BY 1-4 FAMILY RESIDENTIAL PROPERTIES: SECURED BY FIRST LIENS,,,assets.csv,,,,,,
ln_famres_jr_consol,base,False,RC-C,stock,thousands_usd,any,RCFD5368,031,2013-06-30,,ALL OTHER LOANS SECURED BY 1-4 FAMILY RESIDENTIAL PROPERTIES: SECURED BY JUNIOR LIENS,,,assets.csv,,,,,,
ln_multi_consol,base,False,RC-C,stock,thousands_usd,any,RCFD1460,031,2013-06-30,,REAL ESTATE LOANS SECURED BY MULTI-FAMILY (5 OR MORE) RESIDENTIAL PROPERTIES,,,assets.csv,,,,,,
ln_other_re_1_consol,base,False,RC-C,stock,thousands_usd,any,RCFDF160,031,2013-06-30,,LOANS SECURED BY OWNER OCCUPIED NONFARM NONRESIDENTIAL PROPERTIES,,,assets.csv,,,,,,
ln_other_re_2_consol,base,False,RC-C,stock,thousands_usd,any,RCFDF161,031,2013-06-30,,LOANS SECURED BY OTHER NONFARM NONRESIDENTIAL PROPERTIES.,,,assets.csv,,,,,,
ln_condev_1,base,True,RC-C,stock,thousands_usd,any,RCONF158,all,,,LOANS SECURED BY 1-4 FAMILY RESIDENTIAL CONSTRUCTION,,,assets.csv,444957.0,0.3144,2007Q1,2025Q3,0.1857,6350527272.0
ln_condev_2,base,True,RC-C,stock,thousands_usd,any,RCONF159,all,,,LOANS SECURED BY OTHER CONSTRUCTION LOANS AND ALL LAND DEVELOPMENT AND OTHER LAND LOANS,,,assets.csv,444955.0,0.3144,2007Q1,2025Q3,0.1847,21585265437.0
ln_condev_pre07,base,True,RC,stock,thousands_usd,any,RCON1415,all,,,CONSTRUCTION AND LAND DEVELOPMENT LOANS,,,assets.csv,1077310.0,0.7613,1985Q1,2010Q4,0.2109,21667604497.0
ln_farm,base,True,RC-C,stock,thousands_usd,any,RCON1420,all,,,REAL ESTATE LOANS SECURED BY FARMLAND,,,assets.csv,1409528.0,0.9961,1985Q1,2025Q3,0.2327,9062049210.0
ln_famres_heloc,base,True,RC-C,stock,thousands_usd,any,RCON1797,all,,,REVOLVING; OPEN-END LOANS SECURED BY 1-4 FAMILY RESIDENTIAL PROPERTIES AND EXTENDED UNDER LINES OF CREDIT,,,assets.csv,1251948.0,0.8847,1987Q4,2025Q3,0.4123,44322994396.0
ln_famres_other_alt,base,True,RC,stock,thousands_usd,any,RCON1798,all,,,ALL OTHER LOANS SECURED BY 1-4 FAMILY RESIDENTIAL PROPERTIES,,,assets.csv,914265.0,0.6461,1987Q4,2010Q4,0.0198,82700134876.0
ln_famres_first,base,True,RC-C,stock,thousands_usd,any,RCON5367,all,,,ALL OTHER LOANS SECURED BY 1-4 FAMILY RESIDENTIAL PROPERTIES: SECURED BY FIRST LIENS,,,assets.csv,1080127.0,0.7633,1991Q1,2025Q3,0.0253,191187260153.0
ln_famres_jr,base,True,RC-C,stock,thousands_usd,any,RCON5368,all,,,ALL OTHER LOANS SECURED BY 1-4 FAMILY RESIDENTIAL PROPERTIES: SECURED BY JUNIOR LIENS,,,assets.csv,1080127.0,0.7633,1991Q1,2025Q3,0.1737,11948943495.0
ln_famres_pre01,base,True,RC,stock,thousands_usd,any,RCON1430,all,,,REAL ESTATE LOANS SECURED BY 1 - 4 FAMILY RESIDENTIAL PROPERTIES,,,assets.csv,1077301.0,0.7613,1985Q1,2010Q4,0.0177,106967495728.0
ln_multi,base,True,RC-C,stock,thousands_usd,any,RCON1460,all,,,REAL ESTATE LOANS SECURED BY MULTI-FAMILY (5 OR MORE) RESIDENTIAL PROPERTIES,,,assets.csv,1414985.0,1.0,1985Q1,2025Q3,0.3585,32216473050.0
ln_other_re_1,base,True,RC-C,stock,thousands_usd,any,RCONF160,all,,,LOANS SECURED BY OWNER OCCUPIED NONFARM NONRESIDENTIAL PROPERTIES,,,assets.csv,444962.0,0.3145,2007Q1,2025Q3,0.1101,38958653222.0
ln_other_re_2,base,True,RC-C,stock,thousands_usd,any,RCONF161,all,,,LOANS SECURED BY OTHER NONFARM NONRESIDENTIAL PROPERTIES.,,,assets.csv,444963.0,0.3145,2007Q1,2025Q3,0.0893,60195280621.0
ln_other_re_pre08,base,True,RC,stock,thousands_usd,any,RCON1480,all,,,REAL ESTATE LOANS SECURED BY NONFARM NONRESIDENTIAL PROPERTIES,,,assets.csv,1077310.0,0.7613,1985Q1,2010Q4,0.0462,49042719732.0
ln_dep_1,base,True,RC,stock,thousands_usd,any,RCFD1489,all,,,LOANS TO DEPOSITORY INSTITUTIONS (SEE NOTE BELOW),,,assets.csv,752306.0,0.5316,1985Q1,2000Q4,0.9112,4604264154.0
ln_dep_2,base,True,RC,stock,thousands_usd,any,RCFD1755,all,,,ACCEPTANCES OF OTHER BANKS,,,assets.csv,752311.0,0.5317,1985Q1,2000Q4,0.9345,169377355.0
ln_dep_01,base,False,RC-C,stock,thousands_usd,any,RCFD1288,all,,,LOANS TO DEPOSITORY INSTITUTIONS,,,assets.csv,,,,,,
ln_dep_us_branches_fgn,base,False,RC-C,stock,thousands_usd,any,RCFDB532,031,2001-03-31,,LOANS TO U.S. BRANCHES AND AGENCIES OF FOREIGN BANKS,,,assets.csv,,,,,,
ln_dep_oth_us_combanks,base,False,RC-C,stock,thousands_usd,any,RCFDB533,031,2001-03-31,,LOANS TO OTHER COMMERCIAL BANKS IN THE U.S.,,,assets.csv,,,,,,
ln_dep_oth_us_depinst,base,False,RC-C,stock,thousands_usd,any,RCFDB534,031,2001-03-31,,LOANS TO OTHER DEPOSITORY INSTITUTIONS IN THE U.S.,,,assets.csv,,,,,,
ln_dep_fgn_branches_us,base,False,RC-C,stock,thousands_usd,any,RCFDB536,031,2001-03-31,,LOANS TO FOREIGN BRANCHES OF OTHER U.S. BANKS,,,assets.csv,,,,,,
ln_dep_oth_fgn_banks,base,False,RC-C,stock,thousands_usd,any,RCFDB537,031,2001-03-31,,LOANS TO OTHER BANKS IN FOREIGN COUNTRIES,,,assets.csv,,,,,,
pdl_ci_non_1,base,True,RC,stock,thousands_usd,any,RCON1224,all,,,COMMERCIAL (TIME AND DEMAND) AND ALL OTHER LOANS - NONACCRUAL,,,assets.csv,669927.0,0.4734,1985Q1,2000Q4,0.3926,132879670.0
na_ci_1253,base,False,RC-N,stock,thousands_usd,any,RCFD1253,all,,,COMMERCIAL AND INDUSTRIAL LOANS TO U.S. ADDRESSEES (DOMICILE) - NONACCRUAL,,,assets.csv,,,,,,
na_ci_1256,base,False,RC-N,stock,thousands_usd,any,RCFD1256,all,,,COMMERCIAL AND INDUSTRIAL LOANS TO NON-U.S. ADDRESSEES (DOMICILE) - NONACCRUAL,,,assets.csv,,,,,,
na_ci_1608,base,False,RC,stock,thousands_usd,any,RCFD1608,all,,,COMMERCIAL AND INDUSTRIAL LOANS - NONACCRUAL,,,assets.csv,,,,,,
na_cc_5385,base,False,RC,stock,thousands_usd,any,RCFD5385,all,,,LOANS TO INDIVIDUALS FOR HOUSEHOLD; FAMILY; AND OTHER PERSONAL EXPENDITURES: CREDIT CARDS AND RELATED PLANS - NONACCRUAL,,,assets.csv,,,,,,
na_cc_1220,base,False,RC,stock,thousands_usd,any,RCON1220,all,,,CREDIT CARDS AND RELATED PLANS - NONACCRUAL,,,assets.csv,,,,,,
na_cc,base,True,RC-N,stock,thousands_usd,any,RCFDB577,all,,,LOANS TO INDIVIDUALS FOR HOUSEHOLD; FAMILY; AND OTHER PERSONAL EXPENDITURES: CREDIT CARDS - NONACCRUAL,,,assets.csv,656045.0,0.4636,2001Q1,2025Q3,0.9829,101098164.0
uc_loans_fam,base,True,RC-L,stock,thousands_usd,any,RCFD3814,all,,,UNUSED COMMITMENTS - REVOLVING; OPEN-END LINES SECURED BY 1-4 FAMILY RESIDENTIAL PROPERTIES,,,assets.csv,1131745.0,0.7998,1990Q1,2025Q3,0.4017,46806722735.0
uc_cc_lines,base,True,RC-L,stock,thousands_usd,any,RCFD3815,all,,,UNUSED COMMITMENTS - CREDIT CARD LINES,,,assets.csv,1131744.0,0.7998,1990Q1,2025Q3,0.7314,408944193638.0
uc_cons_cc_lines,base,True,RC-L,stock,thousands_usd,any,RCFDJ455,all,,,CREDIT CARD LINES: UNUSED CONSUMER CREDIT CARD LINES,,,assets.csv,85394.0,0.0603,2010Q1,2025Q3,0.7303,159014115123.0
uc_oth_cc_lines,base,True,RC-L,stock,thousands_usd,any,RCFDJ456,all,,,CREDIT CARD LINES: OTHER UNUSED CREDIT CARD LINES,,,assets.csv,85377.0,0.0603,2010Q1,2025Q3,0.755,12757768397.0
uc_loans_sec_by_restate_pre07,base,True,RC,stock,thousands_usd,any,RCFD3816,all,,,COMMERCIAL REAL ESTATE; CONSTRUCTION; AND LAND DEVELOPMENT: COMMITMENTS TO FUND LOANS SECURED BY REAL ESTATE,,,assets.csv,794063.0,0.5612,1990Q1,2010Q4,0.3151,11495045398.0
uc_loans_sec_by_restate_1,base,True,RC-L,stock,thousands_usd,any,RCFDF164,all,,,1-4 FAMILY RESIDENTIAL CONSTRUCTION LOAN COMMITMENTS,,,assets.csv,444943.0,0.3144,2007Q1,2025Q3,0.2606,4371094225.0
uc_loans_sec_by_restate_2,base,True,RC-L,stock,thousands_usd,any,RCFDF165,all,,,COMMERCIAL REAL ESTATE; OTHER CONSTRUCTION LOAN AND LAND DEVELOPMENT LOAN COMMITMENTS,,,assets.csv,444948.0,0.3144,2007Q1,2025Q3,0.2375,18167038589.0
uc_loans_nsec_by_restate,base,True,RC-L,stock,thousands_usd,any,RCFD6550,all,,,COMMERCIAL REAL ESTATE; CONSTRUCTION; AND LAND DEVELOPMENT: COMMITMENTS TO FUND LOANS NOT SECURED BY REAL ESTATE,,,assets.csv,1080125.0,0.7633,1991Q1,2025Q3,0.8863,6696962860.0
sec_underw,base,True,RC-L,stock,thousands_usd,any,RCFD3817,all,,,UNUSED COMMITMENTS - SECURITIES UNDERWRITING,,,assets.csv,1024314.0,0.7239,1990Q1,2025Q3,0.9985,159917152.0
uc_other_pre10,base,True,RC,stock,thousands_usd,any,RCFD3818,all,,,UNUSED COMMITMENTS - OTHER,,,assets.csv,794063.0,0.5612,1990Q1,2010Q4,0.111,117167011769.0
uc_other_1,base,True,RC-L,stock,thousands_usd,any,RCFDJ457,all,,,OTHER UNUSED COMMITMENTS: COMMERCIAL AND INDUSTRIAL LOANS,,,assets.csv,366173.0,0.2588,2010Q1,2025Q3,0.131,122844792092.0
uc_other_2_src,base,True,RC-L,stock,thousands_usd,any,RCFDJ458,all,,,OTHER UNUSED COMMITMENTS: LOANS TO FINANCIAL INSTITUTIONS,,,assets.csv,348199.0,0.2461,2010Q1,2024Q3,0.9397,21991144755.0
uc_other_3,base,True,RC-L,stock,thousands_usd,any,RCFDJ459,all,,,OTHER UNUSED COMMITMENTS: ALL OTHER UNUSED COMMITMENTS,,,assets.csv,366173.0,0.2588,2010Q1,2025Q3,0.1074,46761467933.0
uc_ln_dep_fi,base,True,RC-L,stock,thousands_usd,any,RCFDPV10,all,,,Loans to depository financial institutions,,,assets.csv,17974.0,0.0127,2024Q4,2025Q3,0.9695,93186100.0
uc_ln_non_dep_fi,base,True,RC-L,stock,thousands_usd,any,RCFDPV11,all,,,Loans to nondepository financial institutions,,,assets.csv,17974.0,0.0127,2024Q4,2025Q3,0.8956,3599433857.0
accrued_int_loans_pre01,base,True,RC,stock,thousands_usd,any,RCFD2164,all,,,INCOME EARNED; NOT COLLECTED ON LOANS,,,assets.csv,758948.0,0.5363,1985Q1,2000Q4,0.0076,1374868028.0
io_strip_1_9718,base,True,RC-F,stock,thousands_usd,any,RCFDA519,all,,,INTEREST-ONLY STRIPS RECEIVABLE (NOT IN THE FORM OF A SECURITY) ON MORTGAGE LOANS,,,assets.csv,658082.0,0.4651,1997Q1,2018Q1,0.9953,55882189.0
io_strip_2_9718,base,True,RC-F,stock,thousands_usd,any,RCFDA520,all,,,INTEREST-ONLY STRIPS RECEIVABLE (NOT IN THE FORM OF A SECURITY) ON OTHER FINANCIAL ASSETS,,,assets.csv,658082.0,0.4651,1997Q1,2018Q1,0.9888,171147864.0
ac_htm_agency_1,base,True,RC-B,stock,thousands_usd,any,RCFD1289,all,,,AMORTIZED COST OF HELD-TO-MATURITY U.S. GOVERNMENT AGENCY AND CORPORATION OBLIGATIONS ISSUED BY U.S. GOVERNMENT AGENCIES (EXCLUDING MORTGAGE-BACKED SECURITIES),,,assets.csv,786912.0,0.5561,1994Q1,2018Q1,0.9682,263419862.0
ac_htm_agency_2,base,True,RC-B,stock,thousands_usd,any,RCFD1294,all,,,AMORTIZED COST OF HELD-TO-MATURITY U.S. GOVERNMENT AGENCY AND CORPORATION OBLIGATIONS ISSUED BY U.S. GOVERNMENT- SPONSORED AGENCIES (EXCLUDING MORTGAGE-BACKED SECURITIES),,,assets.csv,786914.0,0.5561,1994Q1,2018Q1,0.7613,3354658191.0
fv_htm_agency_1,base,True,RC-B,stock,thousands_usd,any,RCFD1290,all,,,FAIR VALUE OF HELD-TO-MATURITY U.S. GOVERNMENT AGENCY AND CORPORATION OBLIGATIONS ISSUED BY U.S. GOVERNMENT AGENCIES (EXCLUDING MORTGAGE-BACKED SECURITIES),,,assets.csv,786912.0,0.5561,1994Q1,2018Q1,0.9682,265089817.0
fv_htm_agency_2,base,True,RC-B,stock,thousands_usd,any,RCFD1295,all,,,FAIR VALUE OF HELD-TO-MATURITY U.S. GOVERNMENT AGENCY AND CORPORATION OBLIGATIONS ISSUED BY U.S. GOVERNMENT- SPONSORED AGENCIES (EXCLUDING MORTGAGE-BACKED SECURITIES),,,assets.csv,786914.0,0.5561,1994Q1,2018Q1,0.7613,3331879311.0
fv_afs_agency_1,base,True,RC-B,stock,thousands_usd,any,RCFD1293,all,,,FAIR VALUE OF AVAILABLE-FOR-SALE U.S. GOVERNMENT AGENCY AND CORPORATION OBLIGATIONS ISSUED BY U.S. GOVERNMENT AGENCIES (EXCLUDING MORTGAGE-BACKED SECURITIES),,,assets.csv,786912.0,0.5561,1994Q1,2018Q1,0.8589,1098461498.0
fv_afs_agency_2,base,True,RC-B,stock,thousands_usd,any,RCFD1298,all,,,FAIR VALUE OF AVAILABLE-FOR-SALE U.S. GOVERNMENT AGENCY AND CORPORATION OBLIGATIONS ISSUED BY U.S. GOVERNMENT- SPONSORED AGENCIES (EXCLUDING MORTGAGE-BACKED SECURITIES),,,assets.csv,786914.0,0.5561,1994Q1,2018Q1,0.2775,15810024076.0
ac_htm_states_1,base,True,RC,stock,thousands_usd,any,RCFD1676,all,,,AMORTIZED COST OF HELD-TO-MATURITY GENERAL OBLIGATIONS ISSUED BY STATES AND POLITICAL SUBDIVISIONS IN THE U.S.,,,assets.csv,278739.0,0.197,1994Q1,2000Q4,0.4773,856649669.0
ac_htm_states_2,base,True,RC,stock,thousands_usd,any,RCFD1681,all,,,AMORTIZED COST OF HELD-TO-MATURITY REVENUE OBLIGATIONS ISSUED BY STATES AND POLITICAL SUBDIVISIONS IN THE U.S.,,,assets.csv,278739.0,0.197,1994Q1,2000Q4,0.5746,279399711.0
ac_htm_states_3,base,True,RC,stock,thousands_usd,any,RCFD1694,all,,,AMORTIZED COST OF HELD-TO-MATURITY INDUSTRIAL DEVELOPMENT AND SIMILAR OBLIGATIONS ISSUED BY STATES AND POLITICAL SUBDIVISIONS IN THE U.S.,,,assets.csv,278737.0,0.197,1994Q1,2000Q4,0.9567,10464900.0
fv_afs_states_1,base,True,RC,stock,thousands_usd,any,RCFD1679,all,,,FAIR VALUE OF AVAILABLE-FOR-SALE GENERAL OBLIGATIONS ISSUED BY STATES AND POLITICAL SUBDIVISIONS IN THE U.S.,,,assets.csv,278738.0,0.197,1994Q1,2000Q4,0.6094,825373970.0
fv_afs_states_2,base,True,RC,stock,thousands_usd,any,RCFD1691,all,,,FAIR VALUE OF AVAILABLE-FOR-SALE REVENUE OBLIGATIONS ISSUED BY STATES AND POLITICAL SUBDIVISIONS IN THE U.S.,,,assets.csv,278739.0,0.197,1994Q1,2000Q4,0.6755,303857556.0
fv_afs_states_3,base,True,RC,stock,thousands_usd,any,RCFD1697,all,,,FAIR VALUE OF AVAILABLE-FOR-SALE INDUSTRIAL DEVELOPMENT AND SIMILAR OBLIGATIONS ISSUED BY STATES AND POLITICAL SUBDIVISIONS IN THE U.S.,,,assets.csv,278737.0,0.197,1994Q1,2000Q4,0.9752,13796695.0
ac_htm_gnma_9409,base,True,RC,stock,thousands_usd,any,RCFD1698,all,,,AMORTIZED COST OF HELD-TO-MATURITY MORTGAGE PASS-THROUGH SECURITIES GUARANTEED BY GNMA,,,assets.csv,546422.0,0.3862,1994Q1,2009Q1,0.8312,843159597.0
ac_htm_fnma_9409,base,True,RC,stock,thousands_usd,any,RCFD1703,all,,,AMORTIZED COST OF HELD-TO-MATURITY MORTGAGE PASS-THROUGH SECURITIES ISSUED BY FNMA AND FHLMC,,,assets.csv,546423.0,0.3862,1994Q1,2009Q1,0.7784,1570656415.0
fv_htm_gnma_9409,base,True,RC,stock,thousands_usd,any,RCFD1699,all,,,FAIR VALUE OF HELD-TO-MATURITY MORTGAGE PASS-THROUGH SECURITIES GUARANTEED BY GNMA,,,assets.csv,546422.0,0.3862,1994Q1,2009Q1,0.8312,844801992.0
fv_htm_fnma_9409,base,True,RC,stock,thousands_usd,any,RCFD1705,all,,,FAIR VALUE OF HELD-TO-MATURITY MORTGAGE PASS-THROUGH SECURITIES ISSUED BY FNMA AND FHLMC,,,assets.csv,546423.0,0.3862,1994Q1,2009Q1,0.7784,1559764987.0
ac_htm_mbs_18,base,True,RC-B,stock,thousands_usd,any,RCONHT54,all,,,Mortgage backed securities (MBS); Issued or guarnteed by FNMA; FHLMC; or GNMA; Held-to-maturity; Amortized Cost,,,assets.csv,107430.0,0.0759,2018Q2,2025Q3,0.8776,207406491.0
ac_htm_ombs_pre09,base,True,RC,stock,thousands_usd,any,RCFD1709,all,,,AMORTIZED COST OF OTHER HELD-TO-MATURITY PASS-THROUGH SECURITIES,,,assets.csv,551488.0,0.3897,1994Q1,2025Q3,0.9911,167080129.0
fv_htm_mbs_18,base,True,RC-B,stock,thousands_usd,any,RCONHT55,all,,,Mortgage backed securities (MBS); Issued or guarnteed by FNMA; FHLMC; or GNMA; Held-to-maturity; Fair Value,,,assets.csv,107430.0,0.0759,2018Q2,2025Q3,0.8775,191251962.0
fv_htm_ombs_pre09,base,True,RC,stock,thousands_usd,any,RCFD1710,all,,,FAIR VALUE OF OTHER HELD-TO-MATURITY PASS-THROUGH SECURITIES,,,assets.csv,546421.0,0.3862,1994Q1,2009Q1,0.9916,36140443.0
fv_afs_gnma_9409,base,True,RC,stock,thousands_usd,any,RCFD1702,all,,,FAIR VALUE OF AVAILABLE-FOR-SALE MORTGAGE PASS-THROUGH SECURITIES GUARANTEED BY GNMA,,,assets.csv,546422.0,0.3862,1994Q1,2009Q1,0.5937,3723685590.0
fv_afs_fnma_9409,base,True,RC,stock,thousands_usd,any,RCFD1707,all,,,FAIR VALUE OF AVAILABLE-FOR-SALE MORTGAGE PASS-THROUGH SECURITIES ISSUED BY FNMA AND FHLMC,,,assets.csv,546422.0,0.3862,1994Q1,2009Q1,0.4277,20169327705.0
fv_afs_mbs_18,base,True,RC-B,stock,thousands_usd,any,RCONHT57,all,,,Mortgage backed securities (MBS); Issued or guarnteed by FNMA; FHLMC; or GNMA; Available for sale; Fair Value,,,assets.csv,107430.0,0.0759,2018Q2,2025Q3,0.2626,1675080091.0
fv_afs_ombs_pre09,base,True,RC,stock,thousands_usd,any,RCFD1713,all,,,FAIR VALUE OF OTHER AVAILABLE-FOR-SALE PASS-THROUGH SECURITIES,,,assets.csv,551488.0,0.3897,1994Q1,2025Q3,0.9816,969830020.0
ac_htm_abs_1,base,True,RC-B,stock,thousands_usd,any,RCFDB838,all,,,AMORTIZED COST OF HELD-TO-MATURITY ASSET-BACKED SECURITIES: CREDIT CARD RECEIVABLES,,,assets.csv,202299.0,0.143,2001Q1,2025Q3,0.998,308855739.0
ac_htm_abs_2,base,True,RC-B,stock,thousands_usd,any,RCFDB842,all,,,AMORTIZED COST OF HELD-TO-MATURITY ASSET-BACKED SECURITIES: HOME EQUITY LINES,,,assets.csv,202297.0,0.143,2001Q1,2025Q3,0.9964,15161233.0
ac_htm_abs_3,base,True,RC-B,stock,thousands_usd,any,RCFDB846,all,,,AMORTIZED COST OF HELD-TO-MATURITY ASSET-BACKED SECURITIES: AUTO LOANS,,,assets.csv,202304.0,0.143,2001Q1,2025Q3,0.9971,134975722.0
ac_htm_abs_4,base,True,RC-B,stock,thousands_usd,any,RCFDB850,all,,,AMORTIZED COST OF HELD-TO-MATURITY ASSET-BACKED SECURITIES: OTHER CONSUMER LOANS,,,assets.csv,202297.0,0.143,2001Q1,2025Q3,0.9969,527692040.0
ac_htm_abs_5,base,True,RC-B,stock,thousands_usd,any,RCFDB854,all,,,AMORTIZED COST OF HELD-TO-MATURITY ASSET-BACKED SECURITIES: COMMERCIAL AND INDUSTRIAL LOANS,,,assets.csv,202300.0,0.143,2001Q1,2025Q3,0.9987,46452956.0
ac_htm_abs_6,base,True,RC-B,stock,thousands_usd,any,RCFDB858,all,,,AMORTIZED COST OF HELD-TO-MATURITY ASSET-BACKED SECURITIES: OTHER,,,assets.csv,202305.0,0.143,2001Q1,2025Q3,0.996,217077074.0
ac_htm_abs_06,base,True,RC-B,stock,thousands_usd,any,RCFDC026,all,,,TOTAL (ASSET-BACKED SECURITIES) AMORTIZED COST - HELD TO MATURITY,,,assets.csv,656044.0,0.4636,2001Q1,2025Q3,0.9941,1280779172.0
fv_htm_abs_1,base,True,RC-B,stock,thousands_usd,any,RCFDB839,all,,,FAIR VALUE OF HELD-TO-MATURITY ASSET-BACKED SECURITIES: CREDIT CARD RECEIVABLES,,,assets.csv,202297.0,0.143,2001Q1,2025Q3,0.998,304437231.0
fv_htm_abs_2,base,True,RC-B,stock,thousands_usd,any,RCFDB843,all,,,FAIR VALUE OF HELD-TO-MATURITY ASSET-BACKED SECURITIES: HOME EQUITY LINES,,,assets.csv,202299.0,0.143,2001Q1,2025Q3,0.9964,14101288.0
fv_htm_abs_3,base,True,RC-B,stock,thousands_usd,any,RCFDB847,all,,,FAIR VALUE OF HELD-TO-MATURITY ASSET-BACKED SECURITIES: AUTO LOANS,,,assets.csv,202304.0,0.143,2001Q1,2025Q3,0.9971,134895726.0
fv_htm_abs_4,base,True,RC-B,stock,thousands_usd,any,RCFDB851,all,,,FAIR VALUE OF HELD-TO-MATURITY ASSET-BACKED SECURITIES: OTHER CONSUMER LOANS,,,assets.csv,202297.0,0.143,2001Q1,2025Q3,0.9969,524892834.0
fv_htm_abs_5,base,True,RC-B,stock,thousands_usd,any,RCFDB855,all,,,FAIR VALUE OF HELD-TO-MATURITY ASSET-BACKED SECURITIES: COMMERCIAL AND INDUSTRIAL LOANS,,,assets.csv,202299.0,0.143,2001Q1,2025Q3,0.9987,46351053.0
fv_htm_abs_6,base,True,RC-B,stock,thousands_usd,any,RCFDB859,all,,,FAIR VALUE OF HELD-TO-MATURITY ASSET-BACKED SECURITIES: OTHER,,,assets.csv,202305.0,0.143,2001Q1,2025Q3,0.9961,217266214.0
fv_htm_abs_06,base,True,RC-B,stock,thousands_usd,any,RCFDC988,all,,,ASSET-BACKED SECURITIES: HELD-TO-MATURITY-FAIR VALUE,,,assets.csv,489713.0,0.3461,2006Q1,2025Q3,0.9942,1258993568.0
fv_afs_abs_1,base,True,RC-B,stock,thousands_usd,any,RCFDB841,all,,,FAIR VALUE OF AVAILABLE-FOR-SALE ASSET-BACKED SECURITIES: CREDIT CARD RECEIVABLES,,,assets.csv,202297.0,0.143,2001Q1,2025Q3,0.9848,2581260016.0
fv_afs_abs_2,base,True,RC-B,stock,thousands_usd,any,RCFDB845,all,,,FAIR VALUE OF AVAILABLE-FOR-SALE ASSET-BACKED SECURITIES: HOME EQUITY LINES,,,assets.csv,202301.0,0.143,2001Q1,2025Q3,0.9777,943039621.0
fv_afs_abs_3,base,True,RC-B,stock,thousands_usd,any,RCFDB849,all,,,FAIR VALUE OF AVAILABLE-FOR-SALE ASSET-BACKED SECURITIES: AUTO LOANS,,,assets.csv,202302.0,0.143,2001Q1,2025Q3,0.9819,1669020431.0
fv_afs_abs_4,base,True,RC-B,stock,thousands_usd,any,RCFDB853,all,,,FAIR VALUE OF AVAILABLE-FOR-SALE ASSET-BACKED SECURITIES: OTHER CONSUMER LOANS,,,assets.csv,202375.0,0.143,2001Q1,2025Q3,0.9677,2696117106.0
fv_afs_abs_5,base,True,RC-B,stock,thousands_usd,any,RCFDB857,all,,,FAIR VALUE OF AVAILABLE-FOR-SALE ASSET-BACKED SECURITIES: COMMERCIAL AND INDUSTRIAL LOANS,,,assets.csv,202310.0,0.143,2001Q1,2025Q3,0.9856,700171221.0
fv_afs_abs_6,base,True,RC-B,stock,thousands_usd,any,RCFDB861,all,,,FAIR VALUE OF AVAILABLE-FOR-SALE ASSET-BACKED SECURITIES: OTHER,,,assets.csv,202403.0,0.143,2001Q1,2025Q3,0.9693,1317497508.0
fv_afs_abs_06,base,True,RC-B,stock,thousands_usd,any,RCFDC027,all,,,TOTAL (ASSET-BACKED SECURITIES) FAIR VALUE - AVAILABLE-FOR-SALE,,,assets.csv,656044.0,0.4636,2001Q1,2025Q3,0.9422,10326644829.0
ac_htm_sfp_1,base,True,RC-B,stock,thousands_usd,any,RCFDG336,all,,,ASSET-BACKED SECURITIES AND STRUCTURED FINANCIAL PRODUCTS: STRUCTURED FINANCIAL PRODUCTS: CASH - HELD-TO-MATURITY AMORTIZED COST,,,assets.csv,240490.0,0.17,2009Q2,2018Q1,0.9938,220178923.0
ac_htm_sfp_2,base,True,RC-B,stock,thousands_usd,any,RCFDG340,all,,,ASSET-BACKED SECURITIES AND STRUCTURED FINANCIAL PRODUCTS: STRUCTURED FINANCIAL PRODUCTS: SYNTHETIC - HELD-TO-MATURITY AMORTIZED COST,,,assets.csv,240490.0,0.17,2009Q2,2018Q1,0.9999,687231.0
ac_htm_sfp_3,base,True,RC-B,stock,thousands_usd,any,RCFDG344,all,,,ASSET-BACKED SECURITIES AND STRUCTURED FINANCIAL PRODUCTS: STRUCTURED FINANCIAL PRODUCTS: HYBRID - HELD-TO-MATURITY AMORTIZED COST,,,assets.csv,240490.0,0.17,2009Q2,2018Q1,1.0,0.0
ac_htm_sfp_18,base,True,RC-B,stock,thousands_usd,any,RCFDHT58,all,,,Asset-backed securities and structured financial products; Structured financial products; Held-to-maturity; Amortized Cost,,,assets.csv,147870.0,0.1045,2018Q2,2025Q3,0.9875,2559115058.0
fv_htm_sfp_1,base,True,RC-B,stock,thousands_usd,any,RCFDG337,all,,,ASSET-BACKED SECURITIES AND STRUCTURED FINANCIAL PRODUCTS: STRUCTURED FINANCIAL PRODUCTS: CASH - HELD-TO-MATURITY FAIR VALUE,,,assets.csv,240490.0,0.17,2009Q2,2018Q1,0.9937,219739070.0
fv_htm_sfp_2,base,True,RC-B,stock,thousands_usd,any,RCFDG341,all,,,ASSET-BACKED SECURITIES AND STRUCTURED FINANCIAL PRODUCTS: STRUCTURED FINANCIAL PRODUCTS: SYNTHETIC - HELD-TO-MATURITY FAIR VALUE,,,assets.csv,240490.0,0.17,2009Q2,2018Q1,0.9999,656543.0
fv_htm_sfp_3,base,True,RC-B,stock,thousands_usd,any,RCFDG345,all,,,ASSET-BACKED SECURITIES AND STRUCTURED FINANCIAL PRODUCTS: STRUCTURED FINANCIAL PRODUCTS: HYBRID - HELD-TO-MATURITY FAIR VALUE,,,assets.csv,240490.0,0.17,2009Q2,2018Q1,1.0,0.0
fv_htm_sfp_18,base,True,RC-B,stock,thousands_usd,any,RCFDHT59,all,,,Asset-backed securities and structured financial products; Structured financial products; Held-to-maturity; Fair Value,,,assets.csv,147870.0,0.1045,2018Q2,2025Q3,0.9875,2525734374.0
fv_afs_sfp_1,base,True,RC-B,stock,thousands_usd,any,RCFDG339,all,,,ASSET-BACKED SECURITIES AND STRUCTURED FINANCIAL PRODUCTS: STRUCTURED FINANCIAL PRODUCTS: CASH - AVAILABLE-FOR-SALE FAIR VALUE,,,assets.csv,240490.0,0.17,2009Q2,2018Q1,0.9615,2115568174.0
fv_afs_sfp_2,base,True,RC-B,stock,thousands_usd,any,RCFDG343,all,,,ASSET-BACKED SECURITIES AND STRUCTURED FINANCIAL PRODUCTS: STRUCTURED FINANCIAL PRODUCTS: SYNTHETIC - AVAILABLE-FOR-SALE FAIR VALUE,,,assets.csv,240490.0,0.17,2009Q2,2018Q1,0.9991,2949175.0
fv_afs_sfp_3,base,True,RC-B,stock,thousands_usd,any,RCFDG347,all,,,ASSET-BACKED SECURITIES AND STRUCTURED FINANCIAL PRODUCTS: STRUCTURED FINANCIAL PRODUCTS: HYBRID - AVAILABLE-FOR-SALE FAIR VALUE,,,assets.csv,240490.0,0.17,2009Q2,2018Q1,0.9993,2924676.0
fv_afs_sfp_18,base,True,RC-B,stock,thousands_usd,any,RCFDHT61,all,,,Asset-backed securities and structured financial products; Structured financial products; Available for sale; Fair Value,,,assets.csv,147870.0,0.1045,2018Q2,2025Q3,0.9189,2794822151.0
hfs_famres_ln_18_alt,base,True,RC-P,stock,thousands_usd,any,RCONHT84,all,,,1-4 family residential mortgage loans held for sale or trading at quarter end,,,assets.csv,3445.0,0.0024,2018Q2,2018Q4,0.5245,204729864.0
hfs_famres_first_lien,base,True,RC-P,stock,thousands_usd,any,RCONF072,all,,,CLOSED-END 1-4 FAMILY RESIDENTIAL MORTGAGES HELD FOR SALE AT QUARTER-END:FIRST LIENS,,,assets.csv,50060.0,0.0354,2006Q3,2018Q1,0.2859,4396423241.0
hfs_famres_jr_lien,base,True,RC-P,stock,thousands_usd,any,RCONF073,all,,,CLOSED-END 1-4 FAMILY RESIDENTIAL MORTGAGES HELD FOR SALE AT QUARTER-END:JUNIOR LIENS,,,assets.csv,49918.0,0.0353,2006Q3,2018Q1,0.929,24914156.0
hfs_famres_loc_1,base,True,RC-P,stock,thousands_usd,any,RCONF676,all,,,1-4 FAMILY RESIDENTIAL MORTGAGE LOANS HELD FOR SALE AT QUARTER-END - TOTAL COMMITMENT OF OPEN-END LOANS EXTENDED UNDER LINES OF CREDIT,,,assets.csv,44017.0,0.0311,2008Q1,2018Q1,0.9908,75131466.0
hfs_famres_loc_2,base,True,RC-P,stock,thousands_usd,any,RCONF677,all,,,1-4 FAMILY RESIDENTIAL MORTGAGE LOANS HELD FOR SALE AT QUARTER-END - PRINCIPAL AMOUNT FUNDED OF OPEN-END LOANS EXTENDED UNDER LINES OF CREDIT,,,assets.csv,44016.0,0.0311,2008Q1,2018Q1,0.9908,35529946.0
custody_bank,base,True,RC-O,flag,,any,RCFDK659,all,,,CUSTODIAL BANK CERTIFICATION: DOES THE REPORTING INSTITUTION MEET THE DEFINITION OF A CUSTODIAL BANK SET FORTH IN FDIC REGULATIONS?,,,assets.csv,327974.0,0.2318,2011Q2,2025Q3,0.99,3278.0
fidu_managed_assets,base,True,RC-T,stock,thousands_usd,any,RCFDB894,all,,,TOTAL FIDUCIARY ACCOUNTS - MANAGED ASSETS,,,assets.csv,568915.0,0.402,2001Q4,2025Q3,0.8907,526516120837.0
fidu_nonmanaged_assets,base,True,RC-T,stock,thousands_usd,any,RCFDB895,all,,,TOTAL FIDUCIARY ACCOUNTS - NON-MANAGED ASSETS,,,assets.csv,580445.0,0.4102,2001Q4,2025Q3,0.9031,2228179944227.0
fidu_managed_accounts,base,True,RC-T,stock,thousands_usd,any,RCFDB896,all,,,TOTAL FIDUCIARY ACCOUNTS - NUMBER OF MANAGED ACCOUNTS,,,assets.csv,568879.0,0.402,2001Q4,2025Q3,0.8907,216837559.0
fidu_nonmanaged_accounts,base,True,RC-T,stock,thousands_usd,any,RCFDB897,all,,,TOTAL FIDUCIARY ACCOUNTS - NON-MANAGED ACCOUNTS,,,assets.csv,580057.0,0.4099,2001Q4,2025Q3,0.9025,1054524076.0
custody_assets,base,True,RC-T,stock,thousands_usd,any,RCFDB898,all,,,CUSTODY AND SAFEKEEPING ACCOUNTS - NON-MANAGED ASSETS,,,assets.csv,595367.0,0.4207,2001Q4,2025Q3,0.9207,10620114552131.0
custody_accounts,base,True,RC-T,stock,thousands_usd,any,RCFDB899,all,,,CUSTODY AND SAFEKEEPING ACCOUNTS - NUMBER OF NON-MANAGED ACCOUNTS,,,assets.csv,594939.0,0.4204,2001Q4,2025Q3,0.9202,1195090443.0
fidu_income,base,True,RC-T,stock,thousands_usd,any,RIAD4070,all,,,INCOME FROM FIDUCIARY ACTIVITIES,,,assets.csv,859586.0,0.6075,1985Q1,2025Q3,0.7366,2571818882.0
qavg_assets,base,True,RC-K,stock,thousands_usd,any,RCFD3368,all,,,QUARTERLY AVERAGE OF TOTAL ASSETS,,,assets.csv,1414993.0,1.0,1985Q1,2025Q3,0.0,1741781278766.0
qavg_loans_tot,base,True,RC,stock,thousands_usd,any,RCFD3360,all,,,QUARTERLY AVERAGE OF TOTAL LOANS,,,assets.csv,1409496.0,0.9961,1985Q1,2025Q3,0.0079,914305872258.0
qavg_loans_ci,base,True,RC,stock,thousands_usd,any,RCFD3387,all,,,,,,assets.csv,721506.0,0.5099,1985Q1,2025Q3,0.0391,177260301743.0
qavg_loans_ag,base,True,RC,stock,thousands_usd,any,RCFD3386,all,,,,,,assets.csv,712629.0,0.5036,1985Q1,2025Q3,0.5199,6927561819.0
qavg_loans_famres,base,True,RC,stock,thousands_usd,any,RCFD3465,all,,,,,,assets.csv,431991.0,0.3053,1986Q1,2025Q3,0.0281,174596685608.0
qavg_loans_othre,base,True,RC,stock,thousands_usd,any,RCFD3466,all,,,,,,assets.csv,431991.0,0.3053,1986Q1,2025Q3,0.0253,153401721076.0
qavg_loans_re_agg_pre08,base,True,RC,stock,thousands_usd,any,RCFD3385,all,,,,,,assets.csv,383823.0,0.2712,1985Q1,2010Q4,0.0185,169098249659.0
qavg_leases,base,True,RC-K,stock,thousands_usd,any,RCFD3484,all,,,LEASE FINANCING RECEIVABLES (NET OF UNEARNED INCOME) - QUARTERLY AVERAGE,,,assets.csv,1293744.0,0.9143,1987Q1,2025Q3,0.828,15948308831.0
ln_cc_incl_revolving,derived,True,CROSS,stock,thousands_usd,any,,,,,"Credit cards AND other revolving credit plans -- the pre-2001 definition of the credit-card line, carried forward as B538 + B539 after the 2001Q1 split. Consistent across 2001 (-3.4% over the same banks at the boundary, inside the +/-5-9% seasonal swing on either side). ln_cc alone is not.",ln_cc_incl_revolving_pre01.fillna(ln_cc + ln_revolving_oth),ln_cc ln_cc_incl_revolving_pre01 ln_revolving_oth,assets.csv,1413822.0,0.9991,1985Q1,2025Q3,0.4488,79242813067.0
na_cc_incl_revolving_pre01,derived,True,RC-N,stock,thousands_usd,any,,,,,"Nonaccrual credit cards AND related plans through 2000Q4 (RCFD5385 on the 031, RCON1220 elsewhere). The post-2001 code B577 is credit cards alone, and the revolving-plan nonaccruals have no separate code after 2001, so no consistent series exists; the two are published apart.",na_cc_5385.fillna(na_cc_1220),na_cc_1220 na_cc_5385,assets.csv,717918.0,0.5073,1985Q1,2000Q4,0.9662,27435995.0
ln_closedlien,derived,True,CROSS,stock,,any,,,,,[RCON5367 + RCON5368],ln_famres_first + ln_famres_jr,ln_famres_first ln_famres_jr,assets.csv,1080127.0,0.7633,1991Q1,2025Q3,0.0232,203136203648.0
other_loans_maturity_3mo_less,derived,True,CROSS,stock,,any,,,,,"Other-loan maturity 3mo (RCFDA570 consolidated, fallback RCONA570 domestic)",other_loans_maturity_3mo_less_pre11.fillna(other_loans_maturity_3mo_less_post11),other_loans_maturity_3mo_less_post11 other_loans_maturity_3mo_less_pre11,assets.csv,795915.0,0.5625,1997Q2,2025Q3,0.0166,370084401243.0
other_loans_maturity_3mo_12mo,derived,True,CROSS,stock,,any,,,,,"Other-loan maturity 3-12mo (RCFDA571 consolidated, fallback RCONA571 domestic)",other_loans_maturity_3mo_12mo_pre11.fillna(other_loans_maturity_3mo_12mo_post11),other_loans_maturity_3mo_12mo_post11 other_loans_maturity_3mo_12mo_pre11,assets.csv,795915.0,0.5625,1997Q2,2025Q3,0.0221,49389866681.0
other_loans_maturity_1y_3y,derived,True,CROSS,stock,,any,,,,,"Other-loan maturity 1-3y (RCFDA572 consolidated, fallback RCONA572 domestic)",other_loans_maturity_1y_3y_pre11.fillna(other_loans_maturity_1y_3y_post11),other_loans_maturity_1y_3y_post11 other_loans_maturity_1y_3y_pre11,assets.csv,795915.0,0.5625,1997Q2,2025Q3,0.0191,88787207260.0
other_loans_maturity_3y_5y,derived,True,CROSS,stock,,any,,,,,"Other-loan maturity 3-5y (RCFDA573 consolidated, fallback RCONA573 domestic)",other_loans_maturity_3y_5y_pre11.fillna(other_loans_maturity_3y_5y_post11),other_loans_maturity_3y_5y_post11 other_loans_maturity_3y_5y_pre11,assets.csv,795915.0,0.5625,1997Q2,2025Q3,0.0225,78275540490.0
other_loans_maturity_5y_15y,derived,True,CROSS,stock,,any,,,,,"Other-loan maturity 5-15y (RCFDA574 consolidated, fallback RCONA574 domestic)",other_loans_maturity_5y_15y_pre11.fillna(other_loans_maturity_5y_15y_post11),other_loans_maturity_5y_15y_post11 other_loans_maturity_5y_15y_pre11,assets.csv,795915.0,0.5625,1997Q2,2025Q3,0.0391,70724052510.0
other_loans_maturity_15y_over,derived,True,CROSS,stock,,any,,,,,"Other-loan maturity 15y+ (RCFDA575 consolidated, fallback RCONA575 domestic)",other_loans_maturity_15y_over_pre11.fillna(other_loans_maturity_15y_over_post11),other_loans_maturity_15y_over_post11 other_loans_maturity_15y_over_pre11,assets.csv,795915.0,0.5625,1997Q2,2025Q3,0.3069,19264078693.0
ll_net_unearned_9101,derived,True,CROSS,stock,,any,,,,,[RCFD2122 - RCFD5369],ll_tot - ll_hfs,ll_hfs ll_tot,assets.csv,1080125.0,0.7633,1991Q1,2025Q3,0.01,904367936947.0
ll_net_unearned,derived,True,CROSS,stock,,any,,,,,"Loans and leases, net of unearned income [RCFDB528]",ll_net_unearned_01.fillna(ll_net_unearned_9101),ll_net_unearned_01 ll_net_unearned_9101,assets.csv,1080125.0,0.7633,1991Q1,2025Q3,0.01,904367940068.0
ll_net_allow_9101,derived,True,CROSS,stock,,any,,,,,[RCFD2122 - RCFD5369 - RCFD5369],ll_net_unearned_9101-ll_res,ll_net_unearned_9101 ll_res,assets.csv,1080125.0,0.7633,1991Q1,2025Q3,0.01,887880930243.0
ll_net_allow,derived,True,CROSS,stock,,any,,,,,"Loans and leases, investment, net of allowance [RCFDB529]",ll_net_allow_01.fillna(ll_net_allow_9101),ll_net_allow_01 ll_net_allow_9101,assets.csv,1080125.0,0.7633,1991Q1,2025Q3,0.01,887880933316.0
io_strip_9718,derived,True,CROSS,stock,,any,,,,,IO strip receivable,io_strip_1_9718+io_strip_2_9718,io_strip_1_9718 io_strip_2_9718,assets.csv,658082.0,0.4651,1997Q1,2018Q1,0.9854,227030053.0
io_strip,derived,True,CROSS,stock,,any,,,,,IO strip receivable [RCFDHT80],io_strip_18.fillna(io_strip_9718),io_strip_18 io_strip_9718,assets.csv,805952.0,0.5696,1997Q1,2025Q3,0.9865,232304395.0
ac_htm_agency_exmbs_9418,derived,True,CROSS,stock,,any,,,,,[RCFD1289+RCFD1294],ac_htm_agency_1+ac_htm_agency_2,ac_htm_agency_1 ac_htm_agency_2,assets.csv,786912.0,0.5561,1994Q1,2018Q1,0.7485,3618053662.0
ac_htm_agency_exmbs,derived,True,CROSS,stock,,any,,,,,AC of HTM government agency debt ex. MBS [HT50] htm_gov_obl_all / agency_htm,ac_htm_agency_exmbs_18.fillna(ac_htm_agency_exmbs_9418),ac_htm_agency_exmbs_18 ac_htm_agency_exmbs_9418,assets.csv,934782.0,0.6606,1994Q1,2025Q3,0.7711,4520692988.0
ac_htm_states_9401,derived,True,CROSS,stock,,any,,,,,AC of HTM state debt,ac_htm_states_1+ac_htm_states_2+ac_htm_states_3,ac_htm_states_1 ac_htm_states_2 ac_htm_states_3,assets.csv,278737.0,0.197,1994Q1,2000Q4,0.4366,1146502199.0
ac_htm_states,derived,True,CROSS,stock,,any,,,,,AC of HTM state debt [RCFD8496] htm_sec_sts / muni_htm,ac_htm_states_01.fillna(ac_htm_states_9401),ac_htm_states_01 ac_htm_states_9401,assets.csv,934782.0,0.6606,1994Q1,2025Q3,0.6274,6937564172.0
fv_htm_agency_exmbs_9418,derived,True,CROSS,stock,,any,,,,,[RCFD1290+RCFD1295],fv_htm_agency_1+fv_htm_agency_2,fv_htm_agency_1 fv_htm_agency_2,assets.csv,786912.0,0.5561,1994Q1,2018Q1,0.7485,3596944849.0
fv_htm_agency_exmbs,derived,True,CROSS,stock,,any,,,,,FV of HTM government agency debt ex. MBS [HT50] htm_gov_obl_all / agency_htm,fv_htm_agency_exmbs_18.fillna(fv_htm_agency_exmbs_9418),fv_htm_agency_exmbs_18 fv_htm_agency_exmbs_9418,assets.csv,934782.0,0.6606,1994Q1,2025Q3,0.7711,4443271628.0
fv_afs_agency_exmbs_9418,derived,True,CROSS,stock,,any,,,,,[RCFD1293+RCFD1298],fv_afs_agency_1+fv_afs_agency_2,fv_afs_agency_1 fv_afs_agency_2,assets.csv,786912.0,0.5561,1994Q1,2018Q1,0.2454,16908481569.0
fv_afs_agency_exmbs,derived,True,CROSS,stock,,any,,,,,FV of AFS government agency debt ex. MBS [HT50] htm_gov_obl_all / agency_htm,fv_afs_agency_exmbs_18.fillna(fv_afs_agency_exmbs_9418),fv_afs_agency_exmbs_18 fv_afs_agency_exmbs_9418,assets.csv,934782.0,0.6606,1994Q1,2025Q3,0.2555,20435175641.0
fv_afs_states_9401,derived,True,CROSS,stock,,any,,,,,AC of AFS state debt,fv_afs_states_1+fv_afs_states_2+fv_afs_states_3,fv_afs_states_1 fv_afs_states_2 fv_afs_states_3,assets.csv,278737.0,0.197,1994Q1,2000Q4,0.5748,1143026674.0
fv_afs_states,derived,True,CROSS,stock,,any,,,,,FV of AFS state debt [RCFD8499],fv_afs_states_01.fillna(fv_afs_states_9401),fv_afs_states_01 fv_afs_states_9401,assets.csv,934783.0,0.6606,1994Q1,2025Q3,0.411,19574918747.0
ac_htm_gnma,derived,True,CROSS,stock,,any,,,,,AC of HTM GNMA [RCFDG300]  htm_agpth_mbs_gnma,ac_htm_gnma_09.fillna(ac_htm_gnma_9409),ac_htm_gnma_09 ac_htm_gnma_9409,assets.csv,827352.0,0.5847,1994Q1,2025Q3,0.8516,8647321665.0
ac_htm_fnma,derived,True,CROSS,stock,,any,,,,,AC of HTM FNMA [RCFDG304]  htm_agpth_mbs_fnma,ac_htm_fnma_09.fillna(ac_htm_fnma_9409),ac_htm_fnma_09 ac_htm_fnma_9409,assets.csv,827353.0,0.5847,1994Q1,2025Q3,0.8053,31310336115.0
ac_htm_mbs_pre18,derived,True,CROSS,stock,,any,,,,,AC of HTM MBS [RCFD1698+RCFD1703],ac_htm_gnma+ac_htm_fnma,ac_htm_fnma ac_htm_gnma,assets.csv,827352.0,0.5847,1994Q1,2025Q3,0.7696,39957616350.0
ac_htm_mbs,derived,True,CROSS,stock,,any,,,,,AC of HTM MBS [HT54],ac_htm_mbs_18.fillna(ac_htm_mbs_pre18),ac_htm_mbs_18 ac_htm_mbs_pre18,assets.csv,934782.0,0.6606,1994Q1,2025Q3,0.782,40165022841.0
fv_htm_gnma,derived,True,CROSS,stock,,any,,,,,FV of HTM GNMA [RCFDG300]  htm_fv_mbs_gnma,fv_htm_gnma_09.fillna(fv_htm_gnma_9409),fv_htm_gnma_09 fv_htm_gnma_9409,assets.csv,827352.0,0.5847,1994Q1,2025Q3,0.8515,8391229846.0
fv_htm_fnma,derived,True,CROSS,stock,,any,,,,,FV of HTM FNMA [RCFDG304]  htm_fv_mbs_fnma,fv_htm_fnma_09.fillna(fv_htm_fnma_9409),fv_htm_fnma_09 fv_htm_fnma_9409,assets.csv,827353.0,0.5847,1994Q1,2025Q3,0.8053,29022918709.0
fv_htm_mbs_pre18,derived,True,CROSS,stock,,any,,,,,FV of HTM MBS [RCFD1699+RCFD1705],fv_htm_gnma+fv_htm_fnma,fv_htm_fnma fv_htm_gnma,assets.csv,827352.0,0.5847,1994Q1,2025Q3,0.7696,37414107739.0
fv_htm_mbs,derived,True,CROSS,stock,,any,,,,,FV of HTM MBS [HT55] htm_fv_respth_mbs_sum,fv_htm_mbs_18.fillna(fv_htm_mbs_pre18),fv_htm_mbs_18 fv_htm_mbs_pre18,assets.csv,934782.0,0.6606,1994Q1,2025Q3,0.782,37605359701.0
fv_afs_gnma,derived,True,CROSS,stock,,any,,,,,FV of AFS GNMA [G303] afs_agpth_mbs_gnma,fv_afs_gnma_09.fillna(fv_afs_gnma_9409),fv_afs_gnma_09 fv_afs_gnma_9409,assets.csv,827352.0,0.5847,1994Q1,2025Q3,0.5435,16978907230.0
fv_afs_fnma,derived,True,CROSS,stock,,any,,,,,FV of AFS FNMA [G307] afs_agpth_mbs_fnma,fv_afs_fnma_09.fillna(fv_afs_fnma_9409),fv_afs_fnma_09 fv_afs_fnma_9409,assets.csv,827352.0,0.5847,1994Q1,2025Q3,0.3807,60634459805.0
fv_afs_mbs_pre18,derived,True,CROSS,stock,,any,,,,,FV of AFS MBS [RCFD1702+RCFD1707],fv_afs_gnma+fv_afs_fnma,fv_afs_fnma fv_afs_gnma,assets.csv,827352.0,0.5847,1994Q1,2025Q3,0.3409,77613367035.0
fv_afs_mbs,derived,True,CROSS,stock,,any,,,,,FV of AFS MBS [HT57] afs_agpth_mbs_sum,fv_afs_mbs_18.fillna(fv_afs_mbs_pre18),fv_afs_mbs_18 fv_afs_mbs_pre18,assets.csv,934782.0,0.6606,1994Q1,2025Q3,0.3319,79288447126.0
ac_htm_abs_pre06,derived,True,CROSS,stock,,any,,,,,AC HTM ABS [RCFDB838+B842+B846+B850+B854+B858],ac_htm_abs_1+ac_htm_abs_2+ac_htm_abs_3+ac_htm_abs_4+ac_htm_abs_5+ac_htm_abs_6,ac_htm_abs_1 ac_htm_abs_2 ac_htm_abs_3 ac_htm_abs_4 ac_htm_abs_5 ac_htm_abs_6,assets.csv,202295.0,0.143,2001Q1,2025Q3,0.9883,1250169761.0
ac_htm_abs,derived,True,CROSS,stock,,any,,,,,AC HTM ABS [RCFDC026] htm_ac_ab_sec,ac_htm_abs_06.fillna(ac_htm_abs_pre06),ac_htm_abs_06 ac_htm_abs_pre06,assets.csv,656044.0,0.4636,2001Q1,2025Q3,0.9941,1280779172.0
ac_htm_sfp_pre18,derived,True,CROSS,stock,,any,,,,,AC HTM SFP [RCFDG336+G340+G344] htm_ac_sfp,ac_htm_sfp_1+ac_htm_sfp_2+ac_htm_sfp_3,ac_htm_sfp_1 ac_htm_sfp_2 ac_htm_sfp_3,assets.csv,240490.0,0.17,2009Q2,2018Q1,0.9938,220866154.0
ac_htm_sfp,derived,True,CROSS,stock,,any,,,,,AC HTM SFP [RCFDHT58] htm_ac_sfp,ac_htm_sfp_18.fillna(ac_htm_sfp_pre18),ac_htm_sfp_18 ac_htm_sfp_pre18,assets.csv,388360.0,0.2745,2009Q2,2025Q3,0.9914,2779981212.0
fv_htm_abs_pre06,derived,True,CROSS,stock,,any,,,,,FV HTM ABS [RCFDB839+B843+B847+B851+B855+B859],fv_htm_abs_1+fv_htm_abs_2+fv_htm_abs_3+fv_htm_abs_4+fv_htm_abs_5+fv_htm_abs_6,fv_htm_abs_1 fv_htm_abs_2 fv_htm_abs_3 fv_htm_abs_4 fv_htm_abs_5 fv_htm_abs_6,assets.csv,202297.0,0.143,2001Q1,2025Q3,0.9884,1241910028.0
fv_htm_abs,derived,True,CROSS,stock,,any,,,,,FV HTM ABS [RCFDC988] htm_fv_ab_sec,fv_htm_abs_06.fillna(fv_htm_abs_pre06),fv_htm_abs_06 fv_htm_abs_pre06,assets.csv,656044.0,0.4636,2001Q1,2025Q3,0.9941,1272156677.0
fv_htm_sfp_pre18,derived,True,CROSS,stock,,any,,,,,FV HTM SFP [RCFDG337+G341+G345] htm_fv_sfp,fv_htm_sfp_1+fv_htm_sfp_2+fv_htm_sfp_3,fv_htm_sfp_1 fv_htm_sfp_2 fv_htm_sfp_3,assets.csv,240490.0,0.17,2009Q2,2018Q1,0.9937,220395613.0
fv_htm_sfp,derived,True,CROSS,stock,,any,,,,,FV HTM SFP [RCFDHT59] htm_fv_sfp,fv_htm_sfp_18.fillna(fv_htm_sfp_pre18),fv_htm_sfp_18 fv_htm_sfp_pre18,assets.csv,388360.0,0.2745,2009Q2,2025Q3,0.9913,2746129987.0
fv_afs_abs_pre06,derived,True,CROSS,stock,,any,,,,,FV AFS ABS [RCFDB841+B845+B849+B853+B857+B861],fv_afs_abs_1+fv_afs_abs_2+fv_afs_abs_3+fv_afs_abs_4+fv_afs_abs_5+fv_afs_abs_6,fv_afs_abs_1 fv_afs_abs_2 fv_afs_abs_3 fv_afs_abs_4 fv_afs_abs_5 fv_afs_abs_6,assets.csv,202297.0,0.143,2001Q1,2025Q3,0.9235,9905270123.0
fv_afs_abs,derived,True,CROSS,stock,,any,,,,,FV AFS ABS [RCFDC027] afs_fv_ab_sec,fv_afs_abs_06.fillna(fv_afs_abs_pre06),fv_afs_abs_06 fv_afs_abs_pre06,assets.csv,656044.0,0.4636,2001Q1,2025Q3,0.9422,10326644829.0
fv_afs_sfp_pre18,derived,True,CROSS,stock,,any,,,,,FV AFS SFP [RCFDG341+G343+G347] afs_fv_sfp,fv_afs_sfp_1+fv_afs_sfp_2+fv_afs_sfp_3,fv_afs_sfp_1 fv_afs_sfp_2 fv_afs_sfp_3,assets.csv,240490.0,0.17,2009Q2,2018Q1,0.9605,2121442025.0
fv_afs_sfp,derived,True,CROSS,stock,,any,,,,,FV AFS SFP [RCFDHT61] afs_fv_sfp,fv_afs_sfp_18.fillna(fv_afs_sfp_pre18),fv_afs_sfp_18 fv_afs_sfp_pre18,assets.csv,388360.0,0.2745,2009Q2,2025Q3,0.9447,4916264176.0
equitysec,derived,True,CROSS,stock,,any,,,,,AFS Equity Securities [RCFDJA22 or RCFDA511],equitysec_20.fillna(afs_inv_mf_eqsec),afs_inv_mf_eqsec equitysec_20,assets.csv,805030.0,0.5689,1997Q1,2025Q3,0.7999,1874188531.0
intang,derived,True,CROSS,stock,,any,,,,,Intangible assets [RCFD2143; goodwill RCFD3163 + other RCFD0426 during the 2011Q1-2017 window when the RCFD2143 aggregate was discontinued],intang_total.fillna(intang_goodwill + intang_other),intang_goodwill intang_other intang_total,assets.csv,1409528.0,0.9961,1985Q1,2025Q3,0.7105,36915762528.0
oth_assets,derived,True,CROSS,stock,,any,,,,,"Other assets [RCFD2160; pre-2006 adds RCFD2155 customers' liability on acceptances, a separate asset line discontinued 2005Q4 and folded into 2160 thereafter]",oth_assets_2160 + accept_cust.fillna(0),accept_cust oth_assets_2160,assets.csv,1414993.0,1.0,1985Q1,2025Q3,0.0003,76494287914.0
ffrepo_ass,derived,True,CROSS,stock,,any,,,,,"Fed funds sold + securities purchased under resale [2002+: RCONB987 ffsold + RCFDB989 repo_purch; pre-2002: RCFD1350 combined (the split codes start 2002). Clean switch at 2002, no overlap] A filing that reports none of the inputs stays blank: the per-input zero is right inside an era, where one of the lines is simply not on the form, but an empty filing has no fed funds position to report.",(ffsold.fillna(0) + repo_purch.fillna(0) + ffrepo_ass_1350.fillna(0)).where(ffsold.notna() | repo_purch.notna() | ffrepo_ass_1350.notna()),ffrepo_ass_1350 ffsold repo_purch,assets.csv,1414990.0,1.0,1985Q1,2025Q3,0.2825,60942364164.0
hfs_famres_ln_18,derived,True,CROSS,stock,,any,,,,,HFS 1-4 Family Residential Mortgages [RCFDFT05 or HT84],hfs_famres_ln_18_src.fillna(hfs_famres_ln_18_alt),hfs_famres_ln_18_alt hfs_famres_ln_18_src,assets.csv,34933.0,0.0247,2017Q1,2025Q3,0.3901,2351035830.0
hfs_famres_ln_pre18,derived,True,CROSS,stock,,any,,,,,HFS 1-4 Family Residential Mortgages [RCFDF072 +F073 +F676 +F677],hfs_famres_first_lien+hfs_famres_jr_lien+hfs_famres_loc_1+hfs_famres_loc_2,hfs_famres_first_lien hfs_famres_jr_lien hfs_famres_loc_1 hfs_famres_loc_2,assets.csv,43797.0,0.031,2008Q1,2018Q1,0.2698,3819787313.0
hfs_famres_ln,derived,True,CROSS,stock,,any,,,,,HFS 1-4 Family Residential Mortgages,hfs_famres_ln_18.fillna(hfs_famres_ln_pre18),hfs_famres_ln_18 hfs_famres_ln_pre18,assets.csv,78730.0,0.0556,2008Q1,2025Q3,0.3232,6170823143.0
ac_htm_ombs_1,derived,True,CROSS,stock,,any,,,,,AC HTM other MBS [RSCFDG312 / 1714] htm_ag_cmo_iss,ac_htm_ombs_1_09.fillna(ac_htm_ombs_1_pre09),ac_htm_ombs_1_09 ac_htm_ombs_1_pre09,assets.csv,934782.0,0.6606,1994Q1,2025Q3,0.9078,8203328106.0
ac_htm_ombs_2,derived,True,CROSS,stock,,any,,,,,AC HTM other MBS [RSCFDG316 / 1718] htm_ag_cmo_col,ac_htm_ombs_2_09.fillna(ac_htm_ombs_2_pre09),ac_htm_ombs_2_09 ac_htm_ombs_2_pre09,assets.csv,934781.0,0.6606,1994Q1,2025Q3,0.9853,51209341.0
ac_htm_ombs_3,derived,True,CROSS,stock,,any,,,,,AC HTM other MBS [RSCFDG320 / 1733] htm_res_cmo_oth,ac_htm_ombs_3_09.fillna(ac_htm_ombs_3_pre09),ac_htm_ombs_3_09 ac_htm_ombs_3_pre09,assets.csv,934781.0,0.6606,1994Q1,2025Q3,0.9792,1332123943.0
ac_htm_ombs,derived,True,CROSS,stock,,any,,,,,"AC HTM other MBS [other pass-through G308/pre09 1709 + CMOs G312/G316/G320; distinct RC-B categories, summed]",ac_htm_ombs_09.fillna(ac_htm_ombs_pre09)+ac_htm_ombs_1+ac_htm_ombs_2+ac_htm_ombs_3,ac_htm_ombs_09 ac_htm_ombs_1 ac_htm_ombs_2 ac_htm_ombs_3 ac_htm_ombs_pre09,assets.csv,934781.0,0.6606,1994Q1,2025Q3,0.8912,9662242219.0
fv_htm_ombs_1,derived,True,CROSS,stock,,any,,,,,FV HTM other MBS [RSCFDG313 / 1715] htm_fv_ag_cmo_iss,fv_htm_ombs_1_09.fillna(fv_htm_ombs_1_pre09),fv_htm_ombs_1_09 fv_htm_ombs_1_pre09,assets.csv,934782.0,0.6606,1994Q1,2025Q3,0.9078,7816670740.0
fv_htm_ombs_2,derived,True,CROSS,stock,,any,,,,,FV HTM other MBS [RSCFDG317 / 1719] htm_fv_ag_cmo_col,fv_htm_ombs_2_09.fillna(fv_htm_ombs_2_pre09),fv_htm_ombs_2_09 fv_htm_ombs_2_pre09,assets.csv,934781.0,0.6606,1994Q1,2025Q3,0.9853,50945303.0
fv_htm_ombs_3,derived,True,CROSS,stock,,any,,,,,FV HTM other MBS [RSCFDG321 / 1734] htm_fv_res_cmo_oth,fv_htm_ombs_3_09.fillna(fv_htm_ombs_3_pre09),fv_htm_ombs_3_09 fv_htm_ombs_3_pre09,assets.csv,934781.0,0.6606,1994Q1,2025Q3,0.9791,1292724161.0
fv_htm_ombs,derived,True,CROSS,stock,,any,,,,,FV HTM other MBS [other pass-through G309/pre09 1710 + CMOs; summed],fv_htm_ombs_09.fillna(fv_htm_ombs_pre09)+fv_htm_ombs_1+fv_htm_ombs_2+fv_htm_ombs_3,fv_htm_ombs_09 fv_htm_ombs_1 fv_htm_ombs_2 fv_htm_ombs_3 fv_htm_ombs_pre09,assets.csv,934781.0,0.6606,1994Q1,2025Q3,0.8912,9237065267.0
fv_afs_ombs_1,derived,True,CROSS,stock,,any,,,,,FV AFS other MBS [RSCFDG315 / 1717] AFS_fv_ag_cmo_iss,fv_afs_ombs_1_09.fillna(fv_afs_ombs_1_pre09),fv_afs_ombs_1_09 fv_afs_ombs_1_pre09,assets.csv,934781.0,0.6606,1994Q1,2025Q3,0.564,30043312916.0
fv_afs_ombs_2,derived,True,CROSS,stock,,any,,,,,FV AFS other MBS [RSCFDG319 / 1732] AFS_fv_ag_cmo_col,fv_afs_ombs_2_09.fillna(fv_afs_ombs_2_pre09),fv_afs_ombs_2_09 fv_afs_ombs_2_pre09,assets.csv,934781.0,0.6606,1994Q1,2025Q3,0.9531,470555262.0
fv_afs_ombs_3,derived,True,CROSS,stock,,any,,,,,FV AFS other MBS [RSCFDG323 / 1736] AFS_fv_res_cmo_oth,fv_afs_ombs_3_09.fillna(fv_afs_ombs_3_pre09),fv_afs_ombs_3_09 fv_afs_ombs_3_pre09,assets.csv,934781.0,0.6606,1994Q1,2025Q3,0.9074,9606806017.0
fv_afs_ombs,derived,True,CROSS,stock,,any,,,,,FV AFS other MBS [other pass-through G311/pre09 1713 + CMOs; summed],fv_afs_ombs_09.fillna(fv_afs_ombs_pre09)+fv_afs_ombs_1+fv_afs_ombs_2+fv_afs_ombs_3,fv_afs_ombs_09 fv_afs_ombs_1 fv_afs_ombs_2 fv_afs_ombs_3 fv_afs_ombs_pre09,assets.csv,934780.0,0.6606,1994Q1,2025Q3,0.5366,41151623336.0
ac_htm_cmbs_pt_alt,derived,True,CROSS,stock,,any,,,,,AC HTM CMBS pass-through [K142+K146],ac_htm_cmbs_pt_ag+ac_htm_cmbs_pt_oth,ac_htm_cmbs_pt_ag ac_htm_cmbs_pt_oth,assets.csv,337683.0,0.2386,2011Q1,2025Q3,0.9721,2114465419.0
ac_htm_cmbs_pt,derived,True,CROSS,stock,,any,,,,,"AC HTM CMBS pass-through [G324, K142+K146] ac_htm_copth",ac_htm_cmbs_pt_src.fillna(ac_htm_cmbs_pt_alt),ac_htm_cmbs_pt_alt ac_htm_cmbs_pt_src,assets.csv,388360.0,0.2745,2009Q2,2025Q3,0.975,2136850924.0
ac_htm_cmbs_npt_alt,derived,True,CROSS,stock,,any,,,,,AC HTM CMBS non pass-through [K150+K154],ac_htm_cmbs_npt_ag+ac_htm_cmbs_npt_oth,ac_htm_cmbs_npt_ag ac_htm_cmbs_npt_oth,assets.csv,337683.0,0.2386,2011Q1,2025Q3,0.9792,3370002250.0
ac_htm_cmbs_npt,derived,True,CROSS,stock,,any,,,,,"AC HTM CMBS non pass-through [G328, K150+K154] htm_commbs",ac_htm_cmbs_npt_src.fillna(ac_htm_cmbs_npt_alt),ac_htm_cmbs_npt_alt ac_htm_cmbs_npt_src,assets.csv,388360.0,0.2745,2009Q2,2025Q3,0.9816,3405700451.0
fv_htm_cmbs_pt_alt,derived,True,CROSS,stock,,any,,,,,FV HTM CMBS pass-through [K143+K147],fv_htm_cmbs_pt_ag+fv_htm_cmbs_pt_oth,fv_htm_cmbs_pt_ag fv_htm_cmbs_pt_oth,assets.csv,337683.0,0.2386,2011Q1,2025Q3,0.972,2055296000.0
fv_htm_cmbs_pt,derived,True,CROSS,stock,,any,,,,,"FV HTM CMBS pass-through [G325, K143+K147] fv_htm_copth",fv_htm_cmbs_pt_src.fillna(fv_htm_cmbs_pt_alt),fv_htm_cmbs_pt_alt fv_htm_cmbs_pt_src,assets.csv,388360.0,0.2745,2009Q2,2025Q3,0.975,2078392937.0
fv_htm_cmbs_npt_alt,derived,True,CROSS,stock,,any,,,,,FV HTM CMBS non pass-through [K151+K155],fv_htm_cmbs_npt_ag+fv_htm_cmbs_npt_oth,fv_htm_cmbs_npt_ag fv_htm_cmbs_npt_oth,assets.csv,337683.0,0.2386,2011Q1,2025Q3,0.9792,3254907552.0
fv_htm_cmbs_npt,derived,True,CROSS,stock,,any,,,,,"FV HTM CMBS non pass-through [G329, K151+K155] fv_htm_commbs",fv_htm_cmbs_npt_src.fillna(fv_htm_cmbs_npt_alt),fv_htm_cmbs_npt_alt fv_htm_cmbs_npt_src,assets.csv,388360.0,0.2745,2009Q2,2025Q3,0.9816,3290990023.0
fv_afs_cmbs_pt_alt,derived,True,CROSS,stock,,any,,,,,FV AFS CMBS pass-through [K145+K149],fv_afs_cmbs_pt_ag+fv_afs_cmbs_pt_oth,fv_afs_cmbs_pt_ag fv_afs_cmbs_pt_oth,assets.csv,337683.0,0.2386,2011Q1,2025Q3,0.8115,4927238318.0
fv_afs_cmbs_pt,derived,True,CROSS,stock,,any,,,,,"FV AFS CMBS pass-through [G327, K145+K149] fv_afs_copth",fv_afs_cmbs_pt_src.fillna(fv_afs_cmbs_pt_alt),fv_afs_cmbs_pt_alt fv_afs_cmbs_pt_src,assets.csv,388360.0,0.2745,2009Q2,2025Q3,0.8308,5006844797.0
fv_afs_cmbs_npt_alt,derived,True,CROSS,stock,,any,,,,,FV AFS CMBS non pass-through [K153+K157],fv_afs_cmbs_npt_ag+fv_afs_cmbs_npt_oth,fv_afs_cmbs_npt_ag fv_afs_cmbs_npt_oth,assets.csv,337683.0,0.2386,2011Q1,2025Q3,0.8404,7490722806.0
fv_afs_cmbs_npt,derived,True,CROSS,stock,,any,,,,,"FV AFS CMBS non pass-through [G331, K153+K157] fv_afs_commbs",fv_afs_cmbs_npt_src.fillna(fv_afs_cmbs_npt_alt),fv_afs_cmbs_npt_alt fv_afs_cmbs_npt_src,assets.csv,388360.0,0.2745,2009Q2,2025Q3,0.8594,7709035776.0
fv_ln_famres_pre18,derived,True,CROSS,stock,,any,,,,,FV Loans secured by 1-4 family real estate [F580+F581+F582],fv_ln_famres_1+fv_ln_famres_2+fv_ln_famres_3,fv_ln_famres_1 fv_ln_famres_2 fv_ln_famres_3,assets.csv,38194.0,0.027,2008Q1,2018Q1,0.8553,3067898738.0
fv_ln_famres,derived,True,CROSS,stock,,any,,,,,FV Loans secured by 1-4 family real estate [HT87] ln_fv_sec_re_fam_res,fv_ln_famres_18.fillna(fv_ln_famres_pre18),fv_ln_famres_18 fv_ln_famres_pre18,assets.csv,59753.0,0.0422,2008Q1,2025Q3,0.8434,5062012258.0
fv_ln_othres_pre18,derived,True,CROSS,stock,,any,,,,,FV Loans secured by other real estate [F578+F579+F583+F584],fv_ln_othres_1+fv_ln_othres_2+fv_ln_othres_3+fv_ln_othres_4,fv_ln_othres_1 fv_ln_othres_2 fv_ln_othres_3 fv_ln_othres_4,assets.csv,38193.0,0.027,2008Q1,2018Q1,0.9421,305456678.0
fv_ln_othres,derived,True,CROSS,stock,,any,,,,,FV Loans secured by other real estate [HT88] ln_fv_sec_re_oth,fv_ln_othres_18.fillna(fv_ln_othres_pre18),fv_ln_othres_18 fv_ln_othres_pre18,assets.csv,59751.0,0.0422,2008Q1,2025Q3,0.9464,673714932.0
fv_ln_res,derived,True,CROSS,stock,,any,,,,,FV Loans secured by real estate [HT87+HT88] ln_fv_sec_re_all,(fv_ln_famres+fv_ln_othres).fillna(fv_ln_res_alt),fv_ln_famres fv_ln_othres fv_ln_res_alt,assets.csv,59750.0,0.0422,2008Q1,2025Q3,0.8283,5734892566.0
fv_ln_cons_pre18,derived,True,CROSS,stock,,any,,,,,FV Loans to consumers [F586+F587+F588],fv_ln_cons_1+fv_ln_cons_2+fv_ln_cons_3,fv_ln_cons_1 fv_ln_cons_2 fv_ln_cons_3,assets.csv,25919.0,0.0183,2008Q1,2010Q4,0.9704,23130572.0
fv_ln_cons,derived,True,CROSS,stock,,any,,,,,FV Loans to consumers [HT89] ln_fv_cons,fv_ln_cons_18.fillna(fv_ln_cons_pre18),fv_ln_cons_18 fv_ln_cons_pre18,assets.csv,47473.0,0.0335,2008Q1,2025Q3,0.9769,353049266.0
life_ins_ass_11,derived,True,CROSS,stock,,any,,,,,Life insurance value [K201+K202+K270],life_ins_ass_gen+life_ins_ass_sep+life_ins_ass_hyb,life_ins_ass_gen life_ins_ass_hyb life_ins_ass_sep,assets.csv,337683.0,0.2386,2011Q1,2025Q3,0.3944,10070749820.0
life_ins_ass,derived,True,CROSS,stock,,any,,,,,Life insurance value [C009] life_ins_ass,life_ins_ass_11.fillna(life_ins_ass_pre11),life_ins_ass_11 life_ins_ass_pre11,assets.csv,656037.0,0.4636,2001Q1,2025Q3,0.4845,13335923394.0
ln_consumer_oth,derived,True,CROSS,stock,,any,,,,,"Consumer loans other than credit cards and revolving plans: automobile plus other installment, single-payment and student loans to individuals. RCFD2011 through 2010Q4, then automobile (K137) + other consumer (K207) -- the 2011 form split that one line into two, so the sum is the same definition throughout. Consistent: +3.3% over the same banks at 2001Q1, -0.3% at 2011Q1. ln_auto and ln_consumer_oth_ex_auto carry the two halves for 2011 on.",ln_consumer_oth_pre11.fillna(ln_auto + ln_consumer_oth_ex_auto),ln_auto ln_consumer_oth_ex_auto ln_consumer_oth_pre11,assets.csv,1413823.0,0.9991,1985Q1,2025Q3,0.0232,81536251115.0
ln_condev_07,derived,True,CROSS,stock,,any,,,,,Loans: Construction and development [F158+F159],ln_condev_1+ln_condev_2,ln_condev_1 ln_condev_2,assets.csv,444950.0,0.3144,2007Q1,2025Q3,0.1023,27935647271.0
ln_condev,derived,True,CROSS,stock,,any,,,,,Loans: Construction and development [1415] ln_con_ld_oll,ln_condev_pre07.fillna(ln_condev_07),ln_condev_07 ln_condev_pre07,assets.csv,1414993.0,1.0,1985Q1,2025Q3,0.1859,41846776289.0
ln_famres_other,derived,True,CROSS,stock,,any,,,,,Loans: Family RE,ln_famres_other_alt.fillna(ln_famres_first + ln_famres_jr),ln_famres_first ln_famres_jr ln_famres_other_alt,assets.csv,1251949.0,0.8847,1987Q4,2025Q3,0.0223,207504256902.0
ln_famres_01,derived,True,CROSS,stock,,any,,,,,,ln_famres_heloc + ln_famres_other,ln_famres_heloc ln_famres_other,assets.csv,1251948.0,0.8847,1987Q4,2025Q3,0.0207,251827201453.0
ln_famres,derived,True,CROSS,stock,,any,,,,,"Loans: Family RE [RCFD1430, 1797 + 1798, 1797 + 5367 + 5368] ln_rre",ln_famres_pre01.fillna(ln_famres_01),ln_famres_01 ln_famres_pre01,assets.csv,1414985.0,1.0,1985Q1,2025Q3,0.0203,255258625638.0
ln_other_re_08,derived,True,CROSS,stock,,any,,,,,,ln_other_re_1+ln_other_re_2,ln_other_re_1 ln_other_re_2,assets.csv,444954.0,0.3144,2007Q1,2025Q3,0.0322,99153393133.0
ln_other_re,derived,True,CROSS,stock,,any,,,,,"Loans: Nonfarm Nonresidential RE [1480, F160+F161] ln_nfnr",ln_other_re_pre08.fillna(ln_other_re_08),ln_other_re_08 ln_other_re_pre08,assets.csv,1414993.0,1.0,1985Q1,2025Q3,0.0431,132890022597.0
ln_re_dom,derived,True,RC-C,stock,thousands_usd,any,,,,,"Loans secured by real estate in DOMESTIC offices: construction + farmland + 1-4 family + multifamily + nonfarm nonresidential (RCON components, era-aware). One definition throughout. Equals the reported total RCFD1410 for 100.00% of 041 bank-quarters where both exist; for 031 filers with foreign offices it is lower by their foreign-office real estate loans (3-6% in aggregate).",ln_condev + ln_farm + ln_famres + ln_multi + ln_other_re,ln_condev ln_famres ln_farm ln_multi ln_other_re,assets.csv,1409520.0,0.9961,1985Q1,2025Q3,0.0144,469938132843.0
ln_re,derived,True,RC-C,stock,thousands_usd,any,,,,,"Loans secured by real estate, CONSOLIDATED: the reported total RCFD1410 where filed; else the sum of the consolidated components (031 column A, from 2013Q2; equals RCFD1410 for every bank that filed both); else ln_re_dom, which is the consolidated figure for a bank with no foreign offices (every 041/051 filer).",ln_re_1410.fillna(ln_condev_1_consol + ln_condev_2_consol + ln_farm_consol + ln_famres_heloc_consol + ln_famres_first_consol + ln_famres_jr_consol + ln_multi_consol + ln_other_re_1_consol + ln_other_re_2_consol).fillna(ln_re_dom),ln_condev_1_consol ln_condev_2_consol ln_famres_first_consol ln_famres_heloc_consol ln_famres_jr_consol ln_farm_consol ln_multi_consol ln_other_re_1_consol ln_other_re_2_consol ln_re_1410 ln_re_dom,assets.csv,1414993.0,1.0,1985Q1,2025Q3,0.0143,478488954131.0
ln_dep_pre01,derived,True,CROSS,stock,,any,,,,,,ln_dep_1 + ln_dep_2,ln_dep_1 ln_dep_2,assets.csv,752306.0,0.5316,1985Q1,2000Q4,0.8604,4773641509.0
ln_dep,derived,True,RC-C,stock,thousands_usd,any,,,,,"Loans to depository institutions and acceptances of other banks: the reported total RCFD1288 where filed; for 031 filers from 2011Q1, when the form carries only the components, B532+B533+B534+B536+B537 (equal to RCFD1288 for 100% of 031 filers in 2001Q4, 2005Q4 and 2010Q4); 1489+1755 before 2001. Until 2026-09 the 031 was a fabricated zero from 2011Q1 ($59bn at 2024Q4). A 041/051 blank is a zero (see the zero-fill rule).",ln_dep_01.fillna(ln_dep_us_branches_fgn + ln_dep_oth_us_combanks + ln_dep_oth_us_depinst + ln_dep_fgn_branches_us + ln_dep_oth_fgn_banks).fillna(ln_dep_pre01),ln_dep_01 ln_dep_fgn_branches_us ln_dep_oth_fgn_banks ln_dep_oth_us_combanks ln_dep_oth_us_depinst ln_dep_pre01 ln_dep_us_branches_fgn,assets.csv,1415045.0,1.0,1985Q1,2025Q3,0.9071,15278630095.0
na_ci,derived,True,CROSS,stock,,any,,,,,"Nonaccrual: C&I loans. RCFD1608, else the 031 split US (1253) + non-US (1256) addressees; every row lacking 1608 carries both split codes. Replaces a fallback that added RCON1224 -- commercial AND ALL OTHER loans, broader than C&I -- and left 68,983 split-reported bank-quarters blank.",na_ci_1608.fillna(na_ci_1253 + na_ci_1256),na_ci_1253 na_ci_1256 na_ci_1608,assets.csv,726336.0,0.5133,1985Q1,2025Q3,0.4548,2455962750.0
na_tot,derived,True,CROSS,stock,thousands_usd,any,,,,,"Total nonaccrual loans and leases. RCFD1403, else (where 1403 is missing, mostly 2011-2016) the sum of the RC-N nonaccrual column by category, each counted ONCE as its total or its breakdown, never both. Agricultural nonaccrual (1583) enters only for FFIEC 031 filers: on the 041 and 051 it is reported inside all other loans (5461), and counting it again overstated 11,732 bank-quarters by exactly that line. With it excluded the category sum matches the reported total for 100.00% of bank-quarters from 2017 on, on every form. Excludes the memorandum item RCONF663 (modified 1-4 family loans, already inside the 1-4 family lines). Blank, not zero, where no category is reported.",na_tot_1403.fillna((na_constr.fillna(0) + na_nfnres.fillna(0) + na_farmland.fillna(0) + na_heloc.fillna(0) + na_famres_first.fillna(0) + na_famres_junior.fillna(0) + na_multifam.fillna(0) + na_depinst.fillna(0) + na_agprod.where(form_type == 31).fillna(0) + na_ci.fillna(0) + na_cc.fillna(0) + na_consumer_noncc.fillna(0) + na_forgovt.fillna(0) + na_othln.fillna(0) + na_lease.fillna(0) + na_re_foreign.fillna(0)).where(na_constr.notna() | na_nfnres.notna() | na_farmland.notna() | na_heloc.notna() | na_famres_first.notna() | na_famres_junior.notna() | na_multifam.notna() | na_depinst.notna() | na_agprod.where(form_type == 31).notna() | na_ci.notna() | na_cc.notna() | na_consumer_noncc.notna() | na_forgovt.notna() | na_othln.notna() | na_lease.notna() | na_re_foreign.notna())),na_agprod na_cc na_ci na_constr na_consumer_noncc na_depinst na_famres_first na_famres_junior na_farmland na_forgovt na_heloc na_lease na_multifam na_nfnres na_othln na_re_foreign na_tot_1403,assets.csv,1413822.0,0.9991,1985Q1,2025Q3,0.1891,11211699018.0
uc_loans_sec_by_restate_07,derived,True,CROSS,stock,,any,,,,,,uc_loans_sec_by_restate_1 + uc_loans_sec_by_restate_2,uc_loans_sec_by_restate_1 uc_loans_sec_by_restate_2,assets.csv,444940.0,0.3144,2007Q1,2025Q3,0.1559,22538117191.0
uc_re,derived,True,CROSS,stock,,any,,,,,"Commitments: Real Estate [RCFD3816, F164+F165] uc_loans_sec_by_restate",uc_loans_sec_by_restate_pre07.fillna(uc_loans_sec_by_restate_07),uc_loans_sec_by_restate_07 uc_loans_sec_by_restate_pre07,assets.csv,1131746.0,0.7998,1990Q1,2025Q3,0.2666,30773013053.0
uc_other_2_24,derived,True,CROSS,stock,,any,,,,,Commitments: Financial Institutions [PV10+PV11],uc_ln_dep_fi+uc_ln_non_dep_fi,uc_ln_dep_fi uc_ln_non_dep_fi,assets.csv,17974.0,0.0127,2024Q4,2025Q3,0.8778,3692619957.0
uc_other_2,derived,True,CROSS,stock,,any,,,,,"Commitments: Financial Institutions [J458, PV10+PV11]",uc_other_2_src.fillna(uc_other_2_24),uc_other_2_24 uc_other_2_src,assets.csv,366173.0,0.2588,2010Q1,2025Q3,0.9367,25683764712.0
uc_other_10,derived,True,CROSS,stock,,any,,,,,,uc_other_1+uc_other_2+uc_other_3,uc_other_1 uc_other_2 uc_other_3,assets.csv,366173.0,0.2588,2010Q1,2025Q3,0.0505,195290024737.0
uc_other,derived,True,CROSS,stock,,any,,,,,"Commitments: Other [RCFD3818, J457+J458+J459] other_unused_com",uc_other_pre10.fillna(uc_other_10),uc_other_10 uc_other_pre10,assets.csv,1131746.0,0.7998,1990Q1,2025Q3,0.0927,304207906873.0
ln_resconst,derived,True,CROSS,stock,,any,,,,,Alias for ln_condev_1 (RCONF158),ln_condev_1,ln_condev_1,assets.csv,444957.0,0.3144,2007Q1,2025Q3,0.1857,6350527272.0
ln_crelandconst,derived,True,CROSS,stock,,any,,,,,Alias for ln_condev_2 (RCONF159),ln_condev_2,ln_condev_2,assets.csv,444955.0,0.3144,2007Q1,2025Q3,0.1847,21585265437.0
ln_ownoccnfnr,derived,True,CROSS,stock,,any,,,,,Alias for ln_other_re_1 (RCONF160),ln_other_re_1,ln_other_re_1,assets.csv,444962.0,0.3145,2007Q1,2025Q3,0.1101,38958653222.0
ln_othernfnr,derived,True,CROSS,stock,,any,,,,,Alias for ln_other_re_2 (RCONF161),ln_other_re_2,ln_other_re_2,assets.csv,444963.0,0.3145,2007Q1,2025Q3,0.0893,60195280621.0
ytd_cecl_htm_dsec_cp_bal,base,True,RI-B,ytd,thousands_usd,any,RIADJH93,all,,,Balance end of current period; Held-to-maturity debt securities,,,income_statement.csv,53690.0,0.0379,2019Q1,2025Q3,0.915,9144736.0
ytd_net_gain_ass_fv,base,True,RI,ytd,thousands_usd,any,RIADF551,all,,,NET GAINS (LOSSES) RECOGNIZED IN EARNINGS ON ASSETS THAT ARE REPORTED AT FAIR VALUE OPTION,,,income_statement.csv,22493.0,0.0159,2008Q1,2025Q3,0.2698,507127503.0
cecl_ln_const_am_cost,base,True,RI-C,stock,thousands_usd,any,RCFDJJ04,all,,,Loans and Leases; Held for Investment; Real estate loans; Construction loans; Amortized Cost,,,income_statement.csv,12807.0,0.0091,2019Q4,2025Q3,0.087,7176471534.0
cecl_ln_cre_am_cost,base,True,RI-C,stock,thousands_usd,any,RCFDJJ05,all,,,Loans and Leases; Held for Investment; Real estate loans; Commercial real estate loans; Amortized Cost,,,income_statement.csv,12805.0,0.009,2019Q4,2025Q3,0.0519,37092810560.0
cecl_ln_rre_am_cost,base,True,RI-C,stock,thousands_usd,any,RCFDJJ06,all,,,Loans and Leases; Held for Investment; Real estate loans; Residential real estate loans; Amortized Cost,,,income_statement.csv,12805.0,0.009,2019Q4,2025Q3,0.0436,51382211850.0
cecl_ln_com_am_cost,base,True,RI-C,stock,thousands_usd,any,RCFDJJ07,all,,,Loans and Leases; Held for Investment; Commerical loans; Amortized Cost,,,income_statement.csv,12805.0,0.009,2019Q4,2025Q3,0.0361,90493719174.0
cecl_ln_cc_am_cost,base,True,RI-C,stock,thousands_usd,any,RCFDJJ08,all,,,Loans and Leases; Held for Investment; Credit cards; Amortized Cost,,,income_statement.csv,12785.0,0.009,2019Q4,2025Q3,0.6654,22685731033.0
cecl_ln_oth_cons_am_cost,base,True,RI-C,stock,thousands_usd,any,RCFDJJ09,all,,,Loans and Leases; Held for Investment; Other consumer loans; Amortized Cost,,,income_statement.csv,12805.0,0.009,2019Q4,2025Q3,0.0497,19756704050.0
cecl_ln_tot_inv_am_cost,base,True,RI-C,stock,thousands_usd,any,RCFDJJ11,all,,,Loans and Leases; Held for Investment; Total; Amortized Cost,,,income_statement.csv,12807.0,0.0091,2019Q4,2025Q3,0.0143,228586986091.0
cecl_ln_const_allow_bal,base,True,RI-C,stock,thousands_usd,any,RCFDJJ12,all,,,Loans and Leases; Held for Investment; Real estate loans; Construction loans; Allowance Balance,,,income_statement.csv,12804.0,0.009,2019Q4,2025Q3,0.0998,124115044.0
cecl_ln_cre_allow_bal,base,True,RI-C,stock,thousands_usd,any,RCFDJJ13,all,,,Loans and Leases; Held for Investment; Real estate loans; Commercial real estate loans; Allowance Balance,,,income_statement.csv,12804.0,0.009,2019Q4,2025Q3,0.0536,561678937.0
cecl_ln_rre_allow_bal,base,True,RI-C,stock,thousands_usd,any,RCFDJJ14,all,,,Loans and Leases; Held for Investment; Real estate loans; Residential real estate loans; Allowance Balance,,,income_statement.csv,12804.0,0.009,2019Q4,2025Q3,0.0493,293997826.0
cecl_ln_com_allow_bal,base,True,RI-C,stock,thousands_usd,any,RCFDJJ15,all,,,Loans and Leases; Held for Investment; Commerical loans; Allowance Balance,,,income_statement.csv,12804.0,0.009,2019Q4,2025Q3,0.0433,1015545444.0
cecl_ln_cc_allow_bal,base,True,RI-C,stock,thousands_usd,any,RCFDJJ16,all,,,Loans and Leases; Held for Investment; Credit cards; Allowance Balance,,,income_statement.csv,12785.0,0.009,2019Q4,2025Q3,0.7025,1800885503.0
cecl_ln_oth_cons_allow_bal,base,True,RI-C,stock,thousands_usd,any,RCFDJJ17,all,,,Loans and Leases; Held for Investment; Other consumer loans; Allowance Balance,,,income_statement.csv,12804.0,0.009,2019Q4,2025Q3,0.0821,491831918.0
cecl_ln_unalloctd_allow_bal,base,True,RI-C,stock,thousands_usd,any,RCFDJJ18,all,,,Loans and Leases; Held for Investment; Unallocated; Allowance Balance,,,income_statement.csv,12784.0,0.009,2019Q3,2025Q3,0.751,3772126.0
cecl_ln_tot_inv_allow_bal,base,True,RI-C,stock,thousands_usd,any,RCFDJJ19,all,,,Loans and Leases; Held for Investment; Total; Allowance Balance,,,income_statement.csv,12803.0,0.009,2019Q4,2025Q3,0.0167,4291814953.0
ytd_int_inc_ln,base,True,RI,ytd,thousands_usd,nonneg,RIAD4010,all,,,INTEREST AND FEE INCOME ON LOANS; TOTAL,,,income_statement.csv,1409495.0,0.9961,1985Q1,2025Q3,0.0088,36552060982.0
ytd_int_inc_lndom_re_agg_031032,base,True,RI,ytd,thousands_usd,nonneg,RIAD4011,all,,,INTEREST AND FEE INCOME ON LOANS SECURED BY REAL ESTATE,,,income_statement.csv,383886.0,0.2713,1985Q1,2010Q4,0.0191,7187295305.0
ytd_int_inc_ln_rre,base,True,RI,ytd,thousands_usd,nonneg,RIAD4435,all,,,INTEREST AND FEE INCOME ON LOANS SECURED BY 1-4 FAMILY RESIDENTIAL PROPERTIES,,,income_statement.csv,431990.0,0.3053,1986Q1,2025Q3,0.0299,4655097858.0
ytd_int_inc_ln_oth_re,base,True,RI,ytd,thousands_usd,nonneg,RIAD4436,all,,,INTEREST AND FEE INCOME ON ALL OTHER LOANS SECURED BY REAL ESTATE,,,income_statement.csv,431990.0,0.3053,1986Q1,2025Q3,0.0298,4646063230.0
ytd_int_inc_ln_cc_pre01_031032,base,True,RI,ytd,thousands_usd,nonneg,RIAD4054,all,,,CREDIT CARDS AND RELATED PLANS,,,income_statement.csv,70292.0,0.0497,1985Q1,2000Q4,0.1696,853395991.0
ytd_int_inc_ln_cons_pre01,base,True,RI,ytd,thousands_usd,nonneg,RIAD4055,all,,,OTHER LOANS TO INDIVIDUALS FOR HOUSEHOLD; FAMILY; AND OTHER PERSONAL EXPENDITURES,,,income_statement.csv,70292.0,0.0497,1985Q1,2000Q4,0.0401,805772131.0
ytd_int_inc_ln_ci,base,True,RI,ytd,thousands_usd,nonneg,RIAD4012,all,,,INTEREST AND FEE INCOME ON COMMERCIAL AND INDUSTRIAL LOANS,,,income_statement.csv,721500.0,0.5099,1985Q1,2025Q3,0.0414,6411055183.0
ytd_int_exp_trans_accts_dom,base,True,RI,ytd,thousands_usd,nonneg,RIAD4508,all,,,INTEREST ON TRANSACTION ACCOUNTS (NOW ACCOUNTS; ATS ACCOUNTS; AND TELEPHONE AND PREAUTHORIZED TRANSFER ACCOUNTS),,,income_statement.csv,1293746.0,0.9143,1987Q1,2025Q3,0.0407,1146820714.0
ytd_int_exp_savings_dep_dom_01,base,True,RI,ytd,thousands_usd,nonneg,RIAD0093,all,,,SAVINGS DEPOSITS (INCLUDING MMDAS),,,income_statement.csv,656044.0,0.4636,2001Q1,2025Q3,0.0203,2255762090.0
ytd_int_exp_time_lt250k_dom,base,True,RI,ytd,thousands_usd,nonneg,RIADHK03,all,,,INTEREST EXPENSE; INTEREST ON DEPOSITS; NONTRANSACTION ACCOUNTS; TIME DEPOSITS OF 250000 OR LESS,,,income_statement.csv,176784.0,0.1249,2017Q1,2025Q3,0.0235,711394093.0
ytd_int_exp_time_gt250k_dom,base,True,RI,ytd,thousands_usd,nonneg,RIADHK04,all,,,INTEREST EXPENSE; INTEREST ON DEPOSITS; NONTRANSACTION ACCOUNTS; TIME DEPOSITS OF MORE THAN 250000,,,income_statement.csv,176784.0,0.1249,2017Q1,2025Q3,0.0528,359778246.0
ytd_int_exp_for,base,True,RI,ytd,thousands_usd,nonneg,RIAD4172,all,,,INTEREST ON DEPOSITS IN FOREIGN OFFICES; EDGE AND AGREEMENT SUBSIDIARIES; AND IBFS,,,income_statement.csv,23141.0,0.0164,1985Q1,2025Q3,0.2449,2128535560.0
ytd_int_exp_time_lt100k_dom,base,True,RI,ytd,thousands_usd,nonneg,RIADA518,all,,,INTEREST ON TIME DEPOSITS OF LESS THAN $100;000,,,income_statement.csv,629167.0,0.4446,1997Q1,2016Q4,0.0196,1419578220.0
ytd_int_exp_trad_othbor,base,True,RI,ytd,thousands_usd,nonneg,RIAD4185,all,,,INTEREST ON TRADING LIABILITIES AND OTHER BORROWED MONEY,,,income_statement.csv,1288234.0,0.9104,1985Q1,2025Q3,0.5311,2574760009.0
ytd_int_exp_subdebt,base,True,RI,ytd,thousands_usd,nonneg,RIAD4200,all,,,INTEREST ON NOTES AND DEBENTURES SUBORDINATED TO DEPOSITS,,,income_statement.csv,1289403.0,0.9112,1985Q1,2025Q3,0.9552,365709006.0
ytd_int_exp_oth_dep,base,True,RI,ytd,thousands_usd,nonneg,RIAD4176,all,,,INTEREST ON OTHER DEPOSITS,,,income_statement.csv,114611.0,0.081,1985Q1,1986Q4,0.0044,379811074.0
ytd_int_exp_oth_time_dep,base,True,RI,ytd,thousands_usd,nonneg,RIAD4512,all,,,INTEREST ON ALL OTHER TIME DEPOSITS,,,income_statement.csv,487795.0,0.3447,1987Q1,1996Q4,0.0099,1099620949.0
ytd_fiduc_inc,base,True,RC-T,ytd,thousands_usd,nonneg,RIAD4070,all,,,INCOME FROM FIDUCIARY ACTIVITIES,,,income_statement.csv,859586.0,0.6075,1985Q1,2025Q3,0.7366,2571818882.0
ytd_nonint_inc_srv_chrg_dep,base,True,RI,ytd,thousands_usd,any,RIAD4080,all,,,SERVICE CHARGES ON DEPOSIT ACCOUNTS IN DOMESTIC OFFICES,,,income_statement.csv,1413822.0,0.9991,1985Q1,2025Q3,0.0262,2682237966.0
ytd_tradrev_inc,base,True,RI,ytd,thousands_usd,any,RIADA220,all,,,TRADING REVENUE,,,income_statement.csv,586110.0,0.4142,1997Q1,2025Q3,0.9659,1792239283.0
ytd_nonint_inc_sb,base,True,RI,ytd,thousands_usd,any,RIADC886,all,,,FEES AND COMMISSIONS FROM SECURITIES BROKERAGE,,,income_statement.csv,350444.0,0.2477,2007Q1,2025Q3,0.7853,226273800.0
ytd_nonint_inc_fees_adv,base,True,RI,ytd,thousands_usd,any,RIADC888,all,,,INVESTMENT BANKING; ADVISORY; AND UNDERWRITING FEES AND COMMISSIONS,,,income_statement.csv,350444.0,0.2477,2007Q1,2025Q3,0.911,320370509.0
ytd_nonint_inc_fees_annu,base,True,RI,ytd,thousands_usd,any,RIADC887,all,,,FEES AND COMMISSIONS FROM ANNUITY SALES,,,income_statement.csv,350444.0,0.2477,2007Q1,2025Q3,0.8578,38858752.0
ytd_nonint_inc_ins_underw,base,True,RI,ytd,thousands_usd,any,RIADC386,all,,,INSURANCE AND REINSURANCE UNDERWRITING INCOME,,,income_statement.csv,480104.0,0.3393,2003Q1,2025Q3,0.9755,12666910.0
ytd_nonint_inc_oth_ins_act,base,True,RI,ytd,thousands_usd,any,RIADC387,all,,,INCOME FROM OTHER INSURANCE AND REINSURANCE ACTIVITIES,,,income_statement.csv,480105.0,0.3393,2003Q1,2025Q3,0.5973,197099675.0
ytd_sectn_inc,base,True,RI,ytd,thousands_usd,any,RIADB493,all,,,NET SECURITIZATION INCOME,,,income_statement.csv,548614.0,0.3877,2001Q1,2025Q3,0.9914,446199307.0
ytd_nonint_inc_oth,base,True,RI,ytd,thousands_usd,any,RIADB497,all,,,OTHER NONINTEREST INCOME,,,income_statement.csv,656044.0,0.4636,2001Q1,2025Q3,0.0153,6473339286.0
ytd_nonint_inc,base,True,RI,ytd,thousands_usd,any,RIAD4079,all,,,TOTAL NONINTEREST INCOME,,,income_statement.csv,1413822.0,0.9991,1985Q1,2025Q3,0.0032,18348110669.0
ytd_nonint_inc_oth_fee,base,True,RI,ytd,thousands_usd,any,RIAD5407,all,,,OTHER NONINTEREST INCOME: OTHER FEE INCOME,,,income_statement.csv,424082.0,0.2997,1991Q1,2000Q4,0.0243,993146912.0
ytd_nonint_inc_all_oth,base,True,RI,ytd,thousands_usd,any,RIAD5408,all,,,ALL OTHER NONINTEREST INCOME,,,income_statement.csv,424082.0,0.2997,1991Q1,2000Q4,0.2001,453130170.0
ytd_nonint_inc_ins_fee,base,True,RI,ytd,thousands_usd,any,RIADB494,all,,,INSURANCE COMMISSIONS AND FEES,,,income_statement.csv,68509.0,0.0484,2001Q1,2002Q4,0.5345,16095659.0
ytd_nonint_inc_ib_adv_fee,base,True,RI,ytd,thousands_usd,any,RIADB490,all,,,INVESTMENT BANKING; ADVISORY; BROKERAGE; AND UNDERWRITING FEES AND COMMISSIONS,,,income_statement.csv,198170.0,0.14,2001Q1,2006Q4,0.7327,151151179.0
ytd_nonint_inc_oth_pre2001,base,True,RI,ytd,thousands_usd,any,RIAD4078,all,,,OTHER NONINTEREST INCOME,,,income_statement.csv,757777.0,0.5355,1985Q1,2000Q4,0.0078,1798350846.0
ytd_nonint_inc_net_gain_ll,base,True,RI,ytd,thousands_usd,any,RIAD5416,all,,,NET GAINS (LOSSES) ON SALES OF LOANS,,,income_statement.csv,1061275.0,0.75,1991Q1,2025Q3,0.737,704282752.0
ytd_nonint_inc_oreo,base,True,RI,ytd,thousands_usd,any,RIAD5415,all,,,NET GAINS (LOSSES) ON OTHER REAL ESTATE OWNED,,,income_statement.csv,1061234.0,0.75,1991Q1,2025Q3,0.7318,-29463799.0
ytd_nonint_inc_net_gain_oth_ass,base,True,RI,ytd,thousands_usd,any,RIADB496,all,,,NET GAINS (LOSSES) ON SALES OF OTHER ASSETS (EXCLUDING SECURITIES),,,income_statement.csv,656043.0,0.4636,2001Q1,2025Q3,0.7266,110310987.0
ytd_nonint_exp_comp,base,True,RI,ytd,thousands_usd,nonneg,RIAD4135,all,,,SALARIES AND EMPLOYEE BENEFITS,,,income_statement.csv,1414992.0,1.0,1985Q1,2025Q3,0.0021,13962843461.0
ytd_nonint_exp_fass,base,True,RI,ytd,thousands_usd,nonneg,RIAD4217,all,,,EXPENSES OF PREMISES AND FIXED ASSETS,,,income_statement.csv,1413822.0,0.9991,1985Q1,2025Q3,0.003,3366541619.0
ytd_nonint_exp_oth,base,True,RI,ytd,thousands_usd,nonneg,RIAD4092,all,,,OTHER NONINTEREST EXPENSE,,,income_statement.csv,1408357.0,0.9953,1985Q1,2025Q3,0.0006,12561929062.0
ytd_nonint_exp,base,True,RI,ytd,thousands_usd,nonneg,RIAD4093,all,,,TOTAL NONINTEREST EXPENSE,,,income_statement.csv,1413822.0,0.9991,1985Q1,2025Q3,0.0002,30511577624.0
ytd_taxes_inc,base,True,RI,ytd,thousands_usd,any,RIAD4302,all,,,APPLICABLE INCOME TAXES,,,income_statement.csv,1413822.0,0.9991,1985Q1,2025Q3,0.1579,4269737750.0
ytd_int_inc,base,True,RI,ytd,thousands_usd,nonneg,RIAD4107,all,,,TOTAL INTEREST INCOME,,,income_statement.csv,1413822.0,0.9991,1985Q1,2025Q3,0.0003,48886431148.0
ytd_int_exp,base,True,RI,ytd,thousands_usd,nonneg,RIAD4073,all,,,TOTAL INTEREST EXPENSE,,,income_statement.csv,1413822.0,0.9991,1985Q1,2025Q3,0.0055,16652008020.0
ytd_int_exp_savings_dep_dom_1_pre01,base,True,RI,ytd,thousands_usd,nonneg,RIAD4509,all,,,INTEREST ON MONEY MARKET DEPOSIT ACCOUNTS (MMDA'S),,,income_statement.csv,637702.0,0.4507,1987Q1,2000Q4,0.0657,675746572.0
ytd_int_exp_savings_dep_dom_2_pre01,base,True,RI,ytd,thousands_usd,nonneg,RIAD4511,all,,,INTEREST ON OTHER SAVINGS DEPOSITS,,,income_statement.csv,637702.0,0.4507,1987Q1,2000Q4,0.0393,361510754.0
ytd_int_inc_lndom_re_agg_033,base,True,RI,ytd,thousands_usd,nonneg,RIAD4246,all,,,INTEREST AND FEE INCOME ON REAL ESTATE LOANS,,,income_statement.csv,484942.0,0.3427,1985Q1,2000Q4,0.0208,707850486.0
ytd_int_inc_ln_cc,base,True,RI,ytd,thousands_usd,nonneg,RIADB485,all,,,LOANS TO INDIVIDUALS FOR HOUSEHOLDS; FAMILY; AND OTHER PERSONAL EXPENDITURES: CREDIT CARDS,,,income_statement.csv,651208.0,0.4602,2001Q1,2025Q3,0.787,4821922788.0
ytd_int_inc_ln_cons,base,True,RI,ytd,thousands_usd,nonneg,RIADB486,all,,,LOANS TO INDIVIDUALS FOR HOUSEHOLD; FAMILY; AND OTHER PERSONAL EXPENDITURES: OTHER (INCLUDES SINGLE PAYMENT; INSTALLMENT; ALL STUDENT LOANS; AND REVOLVING CREDIT PLANS OTHER THAN CREDIT CARDS),,,income_statement.csv,651208.0,0.4602,2001Q1,2025Q3,0.0398,2418683513.0
ytd_tradrev_inc_1_pre01,base,True,RI,ytd,thousands_usd,any,RIAD4077,all,,,NONINTEREST INCOME ON OTHER GAINS (LOSSES) AND FEES FROM TRADING ASSETS AND LIABILITIES,,,income_statement.csv,134121.0,0.0948,1985Q1,1995Q4,0.8869,69745199.0
ytd_tradrev_inc_2_pre01,base,True,RI,ytd,thousands_usd,any,RIAD4075,all,,,NONINTEREST INCOME ON TRADING GAINS (LOSSES) AND FEES FROM FOREIGN EXCHANGE TRANSACTIONS,,,income_statement.csv,134121.0,0.0948,1985Q1,1995Q4,0.9024,66456780.0
ytd_int_inc_ln_cc_pre01_033034,base,True,RI,ytd,thousands_usd,nonneg,RIAD4248,all,,,INTEREST AND FEE INCOME ON CREDIT CARDS AND RELATED PLANS,,,income_statement.csv,484938.0,0.3427,1985Q1,2000Q4,0.4817,38831434.0
ytd_int_exp_time_gt100k_dom_pre97,base,True,RI,ytd,thousands_usd,nonneg,RIAD4174,all,,,INTEREST ON TIME CD'S OF $100;000 OR MORE ISSUED BY DOMESTIC OFFICES,,,income_statement.csv,607871.0,0.4296,1985Q1,1996Q4,0.0224,577993815.0
ytd_int_exp_time_gt100k_dom_97,base,True,RI,ytd,thousands_usd,nonneg,RIADA517,all,,,INTEREST ON TIME DEPOSITS OF $100;000 OR MORE,,,income_statement.csv,629167.0,0.4446,1997Q1,2016Q4,0.0165,1029727203.0
ytd_structflag_business_combo,base,True,RI-A,ytd,thousands_usd,any,RIAD4356,all,,,CHANGES INCIDENT TO BUSINESS COMBINATIONS; NET,,,income_statement.csv,1415045.0,1.0,1985Q1,2025Q3,0.9799,3808150584.0
ytd_structflag_restatement,base,True,RI-A,ytd,thousands_usd,any,RIADB507,all,,,RESTATEMENTS DUE TO CORRECTIONS OF MATERIAL ACCOUNTING ERRORS AND CHANGES IN ACCOUNTING PRINCIPLES,,,income_statement.csv,656047.0,0.4636,2001Q1,2025Q3,0.9448,-215837575.0
ytd_structflag_discontinued_ops,base,True,RI,ytd,thousands_usd,any,RIADFT28,all,,,DISCONTINUED OPERATIONS; NET OF APPLICABLE INCOME TAXES,,,income_statement.csv,188786.0,0.1334,2016Q3,2025Q3,0.9981,14522182.0
ytd_int_inc_ln_cc_pre01,derived,True,CROSS,ytd,thousands_usd,any,,,,,"Interest Income on Credit Cards (pre-2001) [RIAD4054, RIAD4248]",ytd_int_inc_ln_cc_pre01_031032.fillna(ytd_int_inc_ln_cc_pre01_033034),ytd_int_inc_ln_cc_pre01_031032 ytd_int_inc_ln_cc_pre01_033034,income_statement.csv,555220.0,0.3924,1985Q1,2000Q4,0.4422,892190779.0
ytd_int_inc_lndom_re_agg,derived,True,CROSS,ytd,thousands_usd,any,,,,,"Interest Income on Domestic RE Loans (Aggregate) [RIAD4011, RIAD4246]",ytd_int_inc_lndom_re_agg_031032.fillna(ytd_int_inc_lndom_re_agg_033),ytd_int_inc_lndom_re_agg_031032 ytd_int_inc_lndom_re_agg_033,income_statement.csv,868818.0,0.614,1985Q1,2010Q4,0.0201,7895125972.0
ytd_int_inc_ln_indiv_pre01,derived,True,CROSS,ytd,thousands_usd,any,,,,,Interest Income on Individual Loans (pre-2001) [RIAD4054/RIAD4248+RIAD4055],ytd_int_inc_ln_cc_pre01+ ytd_int_inc_ln_cons_pre01,ytd_int_inc_ln_cc_pre01 ytd_int_inc_ln_cons_pre01,income_statement.csv,70292.0,0.0497,1985Q1,2000Q4,0.0208,1659168122.0
ytd_int_exp_savings_dep_dom,derived,True,CROSS,ytd,thousands_usd,any,,,,,"Interest Expense on Savings Deposits [pre-2001 RIAD4509+RIAD4511, post-2001 RIAD0093]",(ytd_int_exp_savings_dep_dom_1_pre01+ytd_int_exp_savings_dep_dom_2_pre01).fillna(ytd_int_exp_savings_dep_dom_01),ytd_int_exp_savings_dep_dom_01 ytd_int_exp_savings_dep_dom_1_pre01 ytd_int_exp_savings_dep_dom_2_pre01,income_statement.csv,1293746.0,0.9143,1987Q1,2025Q3,0.017,3293019416.0
ytd_int_inc_ln_indiv,derived,True,CROSS,ytd,thousands_usd,any,,,,,Interest Income on Individual Loans [RIADB486+RIADB485],ytd_int_inc_ln_cc+ ytd_int_inc_ln_cons,ytd_int_inc_ln_cc ytd_int_inc_ln_cons,income_statement.csv,651208.0,0.4602,2001Q1,2025Q3,0.0356,7240606301.0
ytd_tradrev_inc_pre01,derived,True,CROSS,ytd,thousands_usd,any,,,,,Trading Revenue [RIAD4077 + RIA54075],ytd_tradrev_inc_1_pre01+ytd_tradrev_inc_2_pre01,ytd_tradrev_inc_1_pre01 ytd_tradrev_inc_2_pre01,income_statement.csv,134121.0,0.0948,1985Q1,1995Q4,0.8352,136201979.0
ytd_nonint_inc_oth_pre01,derived,True,CROSS,ytd,thousands_usd,any,,,,,Noninterest Income Other [RIAD5407 + RIAD5408],ytd_nonint_inc_oth_fee+ytd_nonint_inc_all_oth,ytd_nonint_inc_all_oth ytd_nonint_inc_oth_fee,income_statement.csv,424082.0,0.2997,1991Q1,2000Q4,0.0062,1446277082.0
ytd_nonint_inc_sales,derived,True,CROSS,ytd,thousands_usd,any,,,,,Noninterest Income on Sales [RIAD5416+RIAD5415+RIADB496],ytd_nonint_inc_net_gain_ll+ytd_nonint_inc_oreo+ytd_nonint_inc_net_gain_oth_ass,ytd_nonint_inc_net_gain_ll ytd_nonint_inc_net_gain_oth_ass ytd_nonint_inc_oreo,income_statement.csv,656042.0,0.4636,2001Q1,2025Q3,0.4063,721457254.0
ytd_int_exp_time_gt100k_dom,derived,True,CROSS,ytd,thousands_usd,any,,,,,"Interest on Time Deposits of $100,000 or more [RIADA517 / RIAD4174]",ytd_int_exp_time_gt100k_dom_97.fillna(ytd_int_exp_time_gt100k_dom_pre97),ytd_int_exp_time_gt100k_dom_97 ytd_int_exp_time_gt100k_dom_pre97,income_statement.csv,1237038.0,0.8742,1985Q1,2016Q4,0.0194,1607721018.0
dom_deposit_nib,base,True,RC,stock,thousands_usd,any,RCON6631,all,,,DEPOSITS: NONINTEREST-BEARING,,,liabilities.csv,1413823.0,0.9991,1985Q1,2025Q3,0.0122,282788773149.0
dom_deposit_ib,base,True,RC,stock,thousands_usd,any,RCON6636,all,,,TOTAL INTEREST-BEARING DEPOSITS IN FOREIGN AND DOMESTIC OFFICES,,,liabilities.csv,1413823.0,0.9991,1985Q1,2025Q3,0.0066,879759146571.0
for_deposit_nib,base,True,RC,stock,thousands_usd,any,RCFN6631,all,,,DEPOSITS: NONINTEREST-BEARING,,,liabilities.csv,23141.0,0.0164,1985Q1,2025Q3,0.7273,10321507910.0
for_deposit_ib,base,True,RC,stock,thousands_usd,any,RCFN6636,all,,,TOTAL INTEREST-BEARING DEPOSITS IN FOREIGN AND DOMESTIC OFFICES,,,liabilities.csv,23141.0,0.0164,1985Q1,2025Q3,0.2601,141966981554.0
ffpurch,base,True,RC,stock,thousands_usd,any,RCONB993,all,,,FEDERAL FUNDS PURCHASED IN DOMESTIC OFFICES,,,liabilities.csv,621331.0,0.4391,2002Q1,2025Q3,0.8696,10073035218.0
repo_sold,base,True,RC,stock,thousands_usd,any,RCFDB995,all,,,SECURITIES SOLD UNDER AGREEMENTS TO REPURCHASE,,,liabilities.csv,621331.0,0.4391,2002Q1,2025Q3,0.7484,34714952313.0
trad_liab,base,True,RC,stock,thousands_usd,any,RCFD3548,all,,,TRADING LIABILITIES; TOTAL,,,liabilities.csv,934782.0,0.6606,1994Q1,2025Q3,0.9843,32084935446.0
othbor_liab_01,base,True,RC,stock,thousands_usd,any,RCFD3190,all,,,OTHER BORROWED MONEY,,,liabilities.csv,934783.0,0.6606,1994Q1,2025Q3,0.4692,103672237701.0
subdebt,base,True,RC,stock,thousands_usd,any,RCFD3200,all,,,SUBORDINATED NOTES AND DEBENTURES,,,liabilities.csv,1414990.0,1.0,1985Q1,2025Q3,0.9616,12459523389.0
liab_oth_2930,base,True,RC,stock,thousands_usd,any,RCFD2930,all,,,OTHER LIABILITIES; TOTAL,,,liabilities.csv,1414993.0,1.0,1985Q1,2025Q3,0.0008,44482683740.0
accept_liab,base,True,RC,stock,thousands_usd,any,RCFD2920,all,,,BANK'S LIABILITY ON ACCEPTANCES EXECUTED AND OUTSTANDING,,,liabilities.csv,918642.0,0.6492,1985Q1,2005Q4,0.9694,1600681710.0
liab_limlife_pref,base,True,RC,stock,thousands_usd,any,RCFD3282,all,,,LIMITED-LIFE PREFERRED STOCK AND RELATED SURPLUS,,,liabilities.csv,609041.0,0.4304,1985Q1,1996Q4,0.9993,6990172.0
equity_incl_minorint_09,base,True,RC,stock,thousands_usd,any,RCFDG105,all,,,TOTAL EQUITY CAPITAL INCLUDING NONCONTROLLING MINORITY INTERESTS IN CONSOLIDATED SUBSIDIARIES,,,liabilities.csv,395879.0,0.2798,2009Q1,2025Q3,0.0,128713531453.0
t1_netdef_taxliab,base,True,RC-G,stock,thousands_usd,any,RCFD3049,all,,,NET DEFERRED TAX LIABILITIES,,,liabilities.csv,1413817.0,0.9991,1985Q1,2025Q3,0.7016,3060486882.0
operating_lease_liab,base,True,RC-G,stock,thousands_usd,any,RCFDLB56,all,,,Operating lease liabilities,,,liabilities.csv,54617.0,0.0386,2020Q1,2025Q3,0.7652,692855178.0
fhlba_rem_mat_repr_dt_lt1yr,base,True,RC-M,stock,thousands_usd,any,RCFDF055,all,,,FHLB ADVANCES: ADVANCES WITH A REMAINING MATURITY OR NEXT REPRICING DATE OF ONE YEAR OR LESS,,,liabilities.csv,473772.0,0.3348,2006Q3,2025Q3,0.5722,24497440385.0
fhlba_rem_mat_repr_dt_lt3yr,base,True,RC-M,stock,thousands_usd,any,RCFDF056,all,,,FHLB ADVANCES: ADVANCES WITH A REMAINING MATURITY OR NEXT REPRICING DATE OF OVER ONE YEAR THROUGH THREE YEARS,,,liabilities.csv,473772.0,0.3348,2006Q3,2025Q3,0.6451,4946545836.0
fhlba_rem_mat_repr_dt_lt5yr,base,True,RC-M,stock,thousands_usd,any,RCFDF057,all,,,FHLB ADVANCES: ADVANCES WITH A REMAINING MATURITY OR NEXT REPRICING DATE OF OVER THREE THROUGH FIVE YEARS,,,liabilities.csv,473772.0,0.3348,2006Q3,2025Q3,0.7355,2485080642.0
fhlba_rem_mat_repr_dt_gt5yr,base,True,RC-M,stock,thousands_usd,any,RCFDF058,all,,,FHLB ADVANCES: ADVANCES WITH A REMAINING MATURITY OR NEXT REPRICING DATE OF OVER FIVE YEARS,,,liabilities.csv,473772.0,0.3348,2006Q3,2025Q3,0.7752,2249736200.0
oth_bor_rem_mat_repr_lte1yr,base,True,RC-M,stock,thousands_usd,any,RCFDF060,all,,,OTHER BORROWED MONEY: OTHER BORROWINGS WITH A REMAINING MATURITY OR NEXT REPRICING DATE OF ONE YEAR OR LESS,,,liabilities.csv,473772.0,0.3348,2006Q3,2025Q3,0.8892,31184588939.0
oth_bor_rem_mat_repr_gt1yr_lt3yr,base,True,RC-M,stock,thousands_usd,any,RCFDF061,all,,,OTHER BORROWED MONEY: OTHER BORROWINGS WITH A REMAINING MATURITY OR NEXT REPRICING DATE OF OVER ONE YEAR THROUGH THREE YEARS,,,liabilities.csv,473772.0,0.3348,2006Q3,2025Q3,0.9573,6347952910.0
oth_bor_rem_mat_repr_gt3yr_lt5yr,base,True,RC-M,stock,thousands_usd,any,RCFDF062,all,,,OTHER BORROWED MONEY: OTHER BORROWINGS WITH A REMAINING MATURITY OR NEXT REPRICING DATE OF OVER THREE YEAR THROUGH FIVE YEARS.,,,liabilities.csv,473772.0,0.3348,2006Q3,2025Q3,0.9665,2914823346.0
oth_bor_rem_mat_repr_gt5yr,base,True,RC-M,stock,thousands_usd,any,RCFDF063,all,,,OTHER BORROWED MONEY: OTHER BORROWINGS WITH A REMAINING MATURITY OR NEXT REPRICING DATE OF OVER FIVE YEARS,,,liabilities.csv,473772.0,0.3348,2006Q3,2025Q3,0.954,2778109570.0
subdebt_rem_mat_lte1yr,base,True,RC-O,stock,thousands_usd,any,RCFDG469,all,,,SUBORDINATED NOTES AND DEBENTURES WITH A REMAINING MATURITY OF ONE YEAR OR LESS,,,liabilities.csv,385497.0,0.2724,2009Q2,2025Q3,0.9976,336303089.0
subdebt_rem_mat_gt1yr_lte3yr,base,True,RC-O,stock,thousands_usd,any,RCFDG470,all,,,SUBORDINATED NOTES AND DEBENTURES WITH A REMAINING MATURITY OF OVER ONE YEAR THROUGH THREE YEARS,,,liabilities.csv,385497.0,0.2724,2009Q2,2025Q3,0.996,671375599.0
subdebt_rem_mat_gt3yr_lte5yr,base,True,RC-O,stock,thousands_usd,any,RCFDG471,all,,,SUBORDINATED NOTES AND DEBENTURES WITH A REMAINING MATURITY OF OVER THREE YEARS THROUGH FIVE YEARS,,,liabilities.csv,385497.0,0.2724,2009Q2,2025Q3,0.995,855332608.0
subdebt_rem_mat_gt5yr,base,True,RC-O,stock,thousands_usd,any,RCFDG472,all,,,SUBORDINATED NOTES AND DEBENTURES WITH A REMAINING MATURITY OF OVER FIVE YEARS,,,liabilities.csv,385497.0,0.2724,2009Q2,2025Q3,0.9841,4035120317.0
ind_dep_trans_acc_01,base,True,RC-E,stock,thousands_usd,any,RCONB549,all,,,TOTAL TRANSACTION ACCOUNTS - DEPOSITS OF INDIVIDUALS; PARTNERSHIPS; AND CORPORATION,,,liabilities.csv,656045.0,0.4636,2001Q1,2025Q3,0.0201,201078406632.0
us_bank_dep_trans_acc,base,True,RC-E,stock,thousands_usd,any,RCONB551,all,,,TOTAL TRANSACTION ACCOUNTS - DEPOSITS OF COMMERCIAL BANKS AND OTHER DEPOSITORY INSTITUTIONS IN THE U.S.,,,liabilities.csv,656045.0,0.4636,2001Q1,2025Q3,0.784,3659482495.0
for_bank_dep_trans_acc,base,True,RC-E,stock,thousands_usd,any,RCON2213,all,,,TOTAL TRANSACTION ACCOUNTS - DEPOSITS OF BANKS IN FOREIGN COUNTRIES,,,liabilities.csv,859587.0,0.6075,1985Q1,2025Q3,0.9725,6268813836.0
transaction_dep,base,True,RC-E,stock,thousands_usd,any,RCON2215,all,,,TOTAL TRANSACTION ACCOUNTS,,,liabilities.csv,1413823.0,0.9991,1985Q1,2025Q3,0.013,273370984526.0
ind_dep_non_trans_acc_01,base,True,RC-E,stock,thousands_usd,any,RCONB550,all,,,TOTAL NONTRANSACTION ACCOUNTS DEPOSITS OF INDIVIDUALS; PARTNERSHIPS; AND CORPORATIONS,,,liabilities.csv,656045.0,0.4636,2001Q1,2025Q3,0.0129,727732311404.0
us_bank_dep_non_trans_acc_01,base,True,RC-E,stock,thousands_usd,any,RCONB552,all,,,TOTAL NONTRANSACTION ACCOUNTS OF COMMERCIAL BANKS AND OTHER DEPOSITORY INSTITUTIONS IN THE U.S.,,,liabilities.csv,656045.0,0.4636,2001Q1,2025Q3,0.6513,7113591823.0
for_bank_dep_non_trans_acc,base,True,RC-E,stock,thousands_usd,any,RCON2236,all,,,NONTRANSACTION DEPOSITS OF BANKS IN FOREIGN COUNTRIES,,,liabilities.csv,859573.0,0.6075,1985Q1,2025Q3,0.9919,1907014841.0
stable_deposits,base,True,RC-E,stock,thousands_usd,any,RCON2385,all,,,TOTAL NONTRANSACTION ACCOUNTS (INCLUDING MMDA'S),,,liabilities.csv,1413823.0,0.9991,1985Q1,2025Q3,0.0064,889177107771.0
ind_for_dep_01,base,True,RC-E,stock,thousands_usd,any,RCFNB553,all,,,DEPOSITS OF: INDIVIDUALS; PARTNERSHIPS; AND CORPORATIONS,,,liabilities.csv,8865.0,0.0063,2001Q1,2025Q3,0.3612,100645819452.0
us_bank_for_dep_01,base,True,RC-E,stock,thousands_usd,any,RCFNB554,all,,,DEPOSITS OF: U.S. BANKS (INCLUDING IBFS AND FOREIGN BRANCHES OF U.S. BANKS) AND OTHER U.S. DEPOSITORY INSTITUTIONS,,,liabilities.csv,8861.0,0.0063,2001Q1,2025Q3,0.789,3330975478.0
for_bank_for_dep,base,True,RC-E,stock,thousands_usd,any,RCFN2625,all,,,DEPOSITS IN FOREIGN OFFICES - DEPOSITS OF FOREIGN BANKS (INCLUDING U.S. BRANCHES AND AGENCIES OF FOREIGN BANKS; INCLUDING THEIR IBFS),,,liabilities.csv,22726.0,0.0161,1985Q1,2025Q3,0.6148,19950050284.0
foreign_dep,base,True,RC,stock,thousands_usd,any,RCFN2200,all,,,TOTAL DEPOSITS,,,liabilities.csv,23249.0,0.0164,1985Q1,2025Q3,0.2481,152288489281.0
brokered_tot_dep,base,True,RC-E,stock,thousands_usd,any,RCON2365,all,,,TOTAL BROKERED DEPOSITS,,,liabilities.csv,1414992.0,1.0,1985Q1,2025Q3,0.788,73965987562.0
mmda,base,True,RC-E,stock,thousands_usd,any,RCON6810,all,,,MONEY MARKET DEPOSIT ACCOUNTS (MMDA'S),,,liabilities.csv,1413823.0,0.9991,1985Q1,2025Q3,0.0611,425061016093.0
oth_savings_dep_87,base,True,RC-E,stock,thousands_usd,any,RCON0352,all,,,OTHER NONTRANSACTION SAVINGS DEPOSITS (EXCLUDES MMDA'S),,,liabilities.csv,1299212.0,0.9181,1986Q1,2025Q3,0.033,212370370378.0
time_lt100k_dep,base,True,RC-E,stock,thousands_usd,any,RCON6648,all,,,TOTAL TIME DEPOSITS OF LESS THAN $100;000,,,liabilities.csv,1408358.0,0.9953,1985Q1,2025Q3,0.0145,132659718251.0
time_gt100k_lt250k,base,True,RC-E,stock,thousands_usd,any,RCONJ473,all,,,COMPONENTS OF TOTAL NONTRANSACTION ACCOUNTS: TOTAL TIME DEPOSITS OF $100;000 THROUGH $250;000,,,liabilities.csv,366173.0,0.2588,2010Q1,2025Q3,0.024,28475415440.0
time_gt250k,base,True,RC-E,stock,thousands_usd,any,RCONJ474,all,,,COMPONENTS OF TOTAL NONTRANSACTION ACCOUNTS: TOTAL TIME DEPOSITS OF MORE THAN $250;000,,,liabilities.csv,366173.0,0.2588,2010Q1,2025Q3,0.0564,35941651077.0
ira_acc_gte100k,base,True,RC-E,stock,thousands_usd,any,RCONF233,all,,,INDIVIDUAL RETIREMENT ACCOUNTS (IRAS) AND KEOGH PLAN ACCOUNTS INCLUDED IN MEMORANDUM ITEM 2.C; 'TOTAL TIME DEPOSITS OF $100;000 OR MORE;' ABOVE,,,liabilities.csv,457874.0,0.3236,2007Q1,2025Q3,0.1547,3541166728.0
time_lt250k_matrp_lt3mo,base,True,RC-E,stock,thousands_usd,any,RCONHK07,all,,,MATURITY AND REPRICING DATA FOR TIME DEPOITS OF 250000 OR LESS; TIME DEPOSITS OF 250000 OR LESS WITH A REMAINING MATURITY OR NEXT REPRICING DATE OF THREE MONTHS OR LESS,,,liabilities.csv,176784.0,0.1249,2017Q1,2025Q3,0.025,11659185762.0
time_lt250k_matrp_gt3mo_lt1yr,base,True,RC-E,stock,thousands_usd,any,RCONHK08,all,,,MATURITY AND REPRICING DATA FOR TIME DEPOITS OF 250000 OR LESS; TIME DEPOSITS OF 250000 OR LESS WITH A REMAINING MATURITY OR NEXT REPRICING DATE OF OVER THREE MONTHS THROUGH 12 MONTHS,,,liabilities.csv,176784.0,0.1249,2017Q1,2025Q3,0.0233,22868012998.0
time_lt250k_matrp_gt1yr_lt3yr,base,True,RC-E,stock,thousands_usd,any,RCONHK09,all,,,MATURITY AND REPRICING DATA FOR TIME DEPOITS OF 250000 OR LESS; TIME DEPOSITS OF 250000 OR LESS WITH A REMAINING MATURITY OR NEXT REPRICING DATE OF OVER ONE YEAR THROUGH THREE YEARS,,,liabilities.csv,176784.0,0.1249,2017Q1,2025Q3,0.0318,9957233715.0
time_lt250k_matrp_gt3yr,base,True,RC-E,stock,thousands_usd,any,RCONHK10,all,,,MATURITY AND REPRICING DATA FOR TIME DEPOITS OF 250000 OR LESS; TIME DEPOSITS OF 250000 OR LESS WITH A REMAINING MATURITY OR NEXT REPRICING DATE OF OVER THREE YEARS,,,liabilities.csv,176784.0,0.1249,2017Q1,2025Q3,0.1169,3483254908.0
time_dep_gt250k_lt3mo_mat,base,True,RC-E,stock,thousands_usd,any,RCONHK12,all,,,MATURITY AND REPRICING DATA FOR TIME DEPOITS OF MORE THAN 250000; TIME DEPOSITS OF MORE THAN 250000 WITH A REMAINING MATURITY OR NEXT REPRICING DATE OF THREE MONTHS OR LESS,,,liabilities.csv,176784.0,0.1249,2017Q1,2025Q3,0.1591,11765250948.0
time_dep_gt250k_gt3mo_lt1yr_mat,base,True,RC-E,stock,thousands_usd,any,RCONHK13,all,,,MATURITY AND REPRICING DATA FOR TIME DEPOITS OF MORE THAN 250000; TIME DEPOSITS OF MORE THAN 250000 WITH A REMAINING MATURITY OR NEXT REPRICING DATE OF OVER THREE MONTHS THROUGH 12 MONTHS,,,liabilities.csv,176784.0,0.1249,2017Q1,2025Q3,0.0887,8284262944.0
time_gt250k_matrp_gt1yr_lt3yr,base,True,RC-E,stock,thousands_usd,any,RCONHK14,all,,,MATURITY AND REPRICING DATA FOR TIME DEPOITS OF MORE THAN 250000; TIME DEPOSITS OF MORE THAN 250000 WITH A REMAINING MATURITY OR NEXT REPRICING DATE OF OVER ONE YEAR THROUGH THREE YEARS,,,liabilities.csv,176784.0,0.1249,2017Q1,2025Q3,0.2168,1908532613.0
time_gt250k_matrp_gt3yr,base,True,RC-E,stock,thousands_usd,any,RCONHK15,all,,,MATURITY AND REPRICING DATA FOR TIME DEPOITS OF MORE THAN 250000; TIME DEPOSITS OF MORE THAN 250000 WITH A REMAINING MATURITY OR NEXT REPRICING DATE OF OVER THREE YEARS,,,liabilities.csv,176784.0,0.1249,2017Q1,2025Q3,0.5308,1184164506.0
non_ib_trans_acc_dep_indv,base,True,RC-E,stock,thousands_usd,any,RCONP753,all,,,COMPONENTS OF TOTAL TRANSACTION ACCOUNT DEPOSITS OF INDIVIDUALS; PARTNERSHIPS; AND COPORATIONS: TOTAL DEPOSITS IN THOSE NONINTEREST-BEARING TRANSACTION ACCOUNT DEPOSIT PRODUCTS INTENDED PRIMARILY FOR INDIVIDUALS FOR PERSONAL; HOUSEHOLD; OR FAMILY USE,,,liabilities.csv,28748.0,0.0203,2014Q1,2025Q3,0.0441,12677158457.0
ib_trans_acc_dep_indv,base,True,RC-E,stock,thousands_usd,any,RCONP754,all,,,COMPONENTS OF TOTAL TRANSACTION ACCOUNT DEPOSITS OF INDIVIDUALS; PARTNERSHIPS; AND COPORATIONS: TOTAL DEPOSITS IN THOSE INTEREST-BEARING TRANSACTION ACCOUNT DEPOSIT PRODUCTS INTENDED PRIMARILY FOR INDIVIDUALS FOR PERSONAL; HOUSEHOLD; OR FAMILY USE,,,liabilities.csv,28704.0,0.0203,2014Q1,2025Q3,0.0388,23506651467.0
mmda_dep_indv,base,True,RC-E,stock,thousands_usd,any,RCONP756,all,,,COMPONENTS OF TOTAL NONTRANSACTION ACCOUNT DEPOSITS OF INDIVIDUALS; PARTNERSHIPS AND CORPORATIONS: TOTAL DEPOSITS IN THOSE MMDA DEPOSIT PRODUCTS INTENDED PRIMARILY FOR INDIVIDUALS FOR PERSONAL; HOUSEHOLD; OR FAMILY USE,,,liabilities.csv,28888.0,0.0204,2014Q1,2025Q3,0.0644,109685143832.0
mmda_nonindv,base,True,RC-E,stock,thousands_usd,any,RCONP757,all,,,COMPONENTS OF TOTAL NONTRANSACTION ACCOUNT DEPOSITS OF INDIVIDUALS; PARTNERSHIPS AND CORPORATIONS: DEPOSITS IN ALL OTHER MMDAS OF INDIVIDUALS; PARTNERSHIPS AND CORPORATIONS,,,liabilities.csv,28884.0,0.0204,2014Q1,2025Q3,0.041,112487735162.0
sav_dep_indv,base,True,RC-E,stock,thousands_usd,any,RCONP758,all,,,COMPONENTS OF TOTAL NONTRANSACTION ACCOUNT DEPOSITS OF INDIVIDUALS; PARTNERSHIPS AND CORPORATIONS: TOTAL DEPOSITS IN THOSE OTHER SAVINGS DEPOSIT ACCOUNT DEPOSIT PRODUCTS INTENDED PRIMARILY FOR INDIVIDUALS FOR PERSONAL; HOUSEHOLD; OR FAMILY USE,,,liabilities.csv,28883.0,0.0204,2014Q1,2025Q3,0.0423,86131151730.0
savedep_nonindv,base,True,RC-E,stock,thousands_usd,any,RCONP759,all,,,COMPONENTS OF TOTAL NONTRANSACTION ACCOUNT DEPOSITS OF INDIVIDUALS; PARTNERSHIPS AND CORPORATIONS: DEPOSITS IN ALL OTHER OTHER SAVINGS DEPOSITS ACCOUNTS OF INDIVIDUALS; PARTNERSHIPS AND CORPORATIONS,,,liabilities.csv,28884.0,0.0204,2014Q1,2025Q3,0.081,39758419514.0
dep_lt_250k,base,True,RC-O,stock,thousands_usd,any,RCONF049,all,,,AMOUNT OF DEPOSIT ACCOUNTS (EXCLUDING RETIREMENT ACCOUNTS) OF $250;000 OR LESS,,,liabilities.csv,478915.0,0.3384,2006Q2,2025Q3,0.0084,418857836406.0
deposit_number_underlimit,base,True,RC-O,stock,thousands_usd,any,RCONF050,all,,,NUMBER OF DEPOSIT ACCOUNTS (EXCLUDING RETIREMENT ACCOUNTS)OF $250;000 OR LESS,,,liabilities.csv,394733.0,0.279,2006Q2,2025Q3,0.0075,40242779130.0
deposit_acc_amt_over250k,base,True,RC-O,stock,thousands_usd,any,RCONF051,all,,,AMOUNT OF DEPOSIT ACCOUNTS (EXCLUDING RETIREMENT ACCOUNTS) OF MORE THAN $250;000,,,liabilities.csv,478912.0,0.3384,2006Q2,2025Q3,0.008,470546140313.0
deposit_number_overlimit,base,True,RC-O,stock,thousands_usd,any,RCONF052,all,,,NUMBER OF DEPOSIT ACCOUNTS (EXCLUDING RETIREMENT ACCOUNTS) OF MORE THAN $250;000,,,liabilities.csv,478914.0,0.3384,2006Q2,2025Q3,0.008,405487390.0
ret_dep_lt_250k,base,True,RC-O,stock,thousands_usd,any,RCONF045,all,,,AMOUNT OF RETIREMENT DEPOSITS ACCOUNTS OF $250;000 OR LESS,,,liabilities.csv,478915.0,0.3384,2006Q2,2025Q3,0.0483,30433968834.0
retire_number_underlimit,base,True,RC-O,stock,thousands_usd,any,RCONF046,all,,,NUMBER OF RETIREMENT DEPOSIT ACCOUNTS OF $250;000 OR LESS,,,liabilities.csv,394707.0,0.2789,2006Q2,2025Q3,0.0456,1800787921.0
ret_dep_acc_amt_gt250k,base,True,RC-O,stock,thousands_usd,any,RCONF047,all,,,AMOUNT OF RETIREMENT DEPOSIT ACCOUNTS OF MORE THAN $250;000,,,liabilities.csv,478911.0,0.3384,2006Q2,2025Q3,0.4057,2979743361.0
retire_number_overlimit,base,True,RC-O,stock,thousands_usd,any,RCONF048,all,,,NUMBER OF RETIREMENT DEPOSIT ACCOUNTS OF MORE THAN $250;000,,,liabilities.csv,478913.0,0.3384,2006Q2,2025Q3,0.4057,4298073.0
fdic_uninsur_depos,base,True,RC-O,stock,thousands_usd,any,RCON5597,all,,,ESTIMATED AMOUNT OF UNINSURED ASSESSABLE DEPOSITS IN DOMESTIC OFFICES OF THE BANK AND IN INSURED BRANCHES IN PUERTO RICO AND U.S. TERRITORIES AND POSSESSIONS; INCLUDING RELATED INTEREST ACCRUED AND UNPAID,,,liabilities.csv,516604.0,0.3651,1993Q1,2025Q3,0.6208,382588380831.0
t1_cet1_before_adj,base,True,RC-R,stock,thousands_usd,any,RCFAP840,all,,,COMMON EQUITY TIER 1 CAPITAL BEFORE ADJUSTMENTS AND DEDUCTIONS,,,liabilities.csv,226650.0,0.1602,2014Q1,2025Q3,0.0,95947267431.0
cet1_1,base,False,RC-R,stock,thousands_usd,any,RCFAP859,all,,,COMMON EQUITY TIER 1 CAPITAL,,,liabilities.csv,,,,,,
cet1_2,base,False,RC-R,stock,thousands_usd,any,RCFWP859,all,,,COMMON EQUITY TIER 1 CAPITAL,,,liabilities.csv,,,,,,
ffrepo_liab_2800,base,True,RC,stock,thousands_usd,any,RCFD2800,all,,,FEDERAL FUNDS PURCHASED AND SECURITIES SOLD UNDER AGREEMENTS TO REPURCHASE,,,liabilities.csv,793660.0,0.5609,1985Q1,2001Q4,0.6713,22271070519.0
time_lt100k_matrp_lt3mo,base,True,RC-E,stock,thousands_usd,any,RCONA579,all,,,TIME DEPOSITS OF LESS THAN $100;000 WITH A REMAINING MATURITY OR NEXT REPRICING DATE OF THREE MONTHS OR LESS,,,liabilities.csv,619131.0,0.4375,1997Q2,2016Q4,0.0211,16853212561.0
time_lt100k_matrp_gt3mo_lt1yr,base,True,RC-E,stock,thousands_usd,any,RCONA580,all,,,TIME DEPOSITS OF LESS THAN $100;000 WITH A REMAINING MATURITY OR NEXT REPRICING DATE OF OVER THREE MONTHS THROUGH 12 MONTHS,,,liabilities.csv,619131.0,0.4375,1997Q2,2016Q4,0.0193,30929087766.0
time_lt100k_matrp_gt1yr_lt3yr,base,True,RC-E,stock,thousands_usd,any,RCONA581,all,,,TIME DEPOSITS OF LESS THAN $100;000 WITH A REMAINING MATURITY OR NEXT REPRICING DATE OF OVER ONE YEAR THROUGH THREE YEARS,,,liabilities.csv,619131.0,0.4375,1997Q2,2016Q4,0.0311,15857200369.0
time_lt100k_matrp_gt3yr,base,True,RC-E,stock,thousands_usd,any,RCONA582,all,,,TIME DEPOSITS OF LESS THAN $100;000 WITH A REMAINING MATURITY OR NEXT REPRICING DATE OF OVER THREE YEARS,,,liabilities.csv,619131.0,0.4375,1997Q2,2016Q4,0.154,5950713217.0
time_dep_gt100k_lt3mo_mat_97,base,True,RC-E,stock,thousands_usd,any,RCONA584,all,,,TIME DEPOSITS OF $100;000 OR MORE WITH A REMAINING MATURITY OR NEXT REPRICING DATE OF THREE MONTHS OR LESS,,,liabilities.csv,619131.0,0.4375,1997Q2,2016Q4,0.034,27629696943.0
time_dep_gt100k_gt3mo_lt1yr_mat_97,base,True,RC-E,stock,thousands_usd,any,RCONA585,all,,,TIME DEPOSITS OF $100;000 OR MORE WITH A REMAINING MATURITY OR NEXT REPRICING DATE OF OVER THREE MONTHS THROUGH 12 MONTHS,,,liabilities.csv,619131.0,0.4375,1997Q2,2016Q4,0.0236,21018214073.0
time_gt100k_matrp_gt1yr_lt3yr,base,True,RC-E,stock,thousands_usd,any,RCONA586,all,,,TIME DEPOSITS OF $100;000 OR MORE WITH A REMAINING MATURITY OR NEXT REPRICING DATE OF OVER ONE YEAR THROUGH THREE YEARS,,,liabilities.csv,619131.0,0.4375,1997Q2,2016Q4,0.0881,8698500666.0
time_gt100k_matrp_gt3yr,base,True,RC-E,stock,thousands_usd,any,RCONA587,all,,,TIME DEPOSITS OF $100;000 OR MORE WITH A REMAINING MATURITY OR NEXT REPRICING DATE OF OVER THREE YEARS,,,liabilities.csv,619131.0,0.4375,1997Q2,2016Q4,0.3514,4094323734.0
deposit_number_under100k,base,True,RC,stock,thousands_usd,any,RCON3779,all,,,NUMBER OF DEPOSIT ACCOUNTS OF $100;000 OR LESS,,,liabilities.csv,161147.0,0.1139,1990Q2,2006Q1,0.0034,5323590152.0
deposit_acc_amt_over100k,base,True,RC,stock,thousands_usd,any,RCON2710,all,,,AMOUNT OF DEPOSIT ACCOUNTS OF MORE THAN $100;000,,,liabilities.csv,682528.0,0.4823,1985Q2,2006Q1,0.0079,91062934053.0
deposit_number_over100k,base,True,RC,stock,thousands_usd,any,RCON2722,all,,,NUMBER OF DEPOSIT ACCOUNTS OF MORE THAN $100;000,,,liabilities.csv,682527.0,0.4823,1985Q2,2006Q1,0.0083,251413337.0
ira_acc_tot,base,True,RC-E,stock,thousands_usd,any,RCON6835,all,,,ALL TIME AND SAVINGS DEPOSITS HELD IN IRA AND KEOGH PLAN ACCOUNTS,,,liabilities.csv,1368874.0,0.9674,1985Q1,2025Q3,0.0503,45498660670.0
oth_bor_rem_mat_lte1yr,base,True,RC-M,stock,thousands_usd,any,RCFDB571,all,,,OTHER BORROWINGS: WITH A REMAINING MATURITY OF ONE YEAR OR LESS,,,liabilities.csv,656045.0,0.4636,2001Q1,2025Q3,0.8903,24688128427.0
oth_bor_rem_mat_gt1yr_lte3yr,base,True,RC,stock,thousands_usd,any,RCFDB567,all,,,OTHER BORROWINGS: WITH A REMAINING MATURITY OF MORE THAN ONE YEAR THROUGH THREE YEARS,,,liabilities.csv,182272.0,0.1288,2001Q1,2006Q2,0.9621,1961543192.0
oth_bor_rem_mat_gt3yr,base,True,RC,stock,thousands_usd,any,RCFDB568,all,,,OTHER BORROWINGS: WITH A REMAINING MATURITY OF MORE THAN THREE YEARS,,,liabilities.csv,182272.0,0.1288,2001Q1,2006Q2,0.9427,1228723888.0
fhlba_rem_mat_dt_lt1yr,base,True,RC-M,stock,thousands_usd,any,RCFD2651,all,,,FHLB ADVANCES (LOANS) DUE IN ONE YEAR OR LESS,,,liabilities.csv,656045.0,0.4636,2001Q1,2025Q3,0.6388,18666721984.0
fhlba_rem_mat_gt1yr_lte3yr,base,True,RC,stock,thousands_usd,any,RCFDB565,all,,,FHLB ADVANCES: WITH A REMAINING MATURITY OF MORE THAN ONE YEAR THROUGH THREE YEARS,,,liabilities.csv,182272.0,0.1288,2001Q1,2006Q2,0.6643,1682310918.0
fhlba_rem_mat_gt3yr,base,True,RC,stock,thousands_usd,any,RCFDB566,all,,,FHLB ADVANCES: WITH A REMAINING MATURING OF MORE THAN THREE YEARS,,,liabilities.csv,182272.0,0.1288,2001Q1,2006Q2,0.5935,2566617052.0
obm_less1yr,base,True,RC,stock,thousands_usd,any,RCFD2332,all,,,OTHER BORROWED MONEY WITH A REMAINING MATURITY OF ONE YEAR OR LESS,,,liabilities.csv,278737.0,0.197,1994Q1,2000Q4,0.7775,6559557943.0
demand_notes_treas,base,True,RC,stock,thousands_usd,any,RCFD2840,all,,,,,,liabilities.csv,757776.0,0.5355,1985Q1,2000Q4,0.8161,1641328746.0
obm_gt1yr_pre97,base,True,RC,stock,thousands_usd,any,RCFD2333,all,,,OTHER BORROWED MONEY WITH A REMAINING MATURITY OF MORE THAN ONE YEAR,,,liabilities.csv,138868.0,0.0981,1994Q1,1997Q1,0.8143,1206840676.0
obm_gt1yr_lt3yr,base,True,RC,stock,thousands_usd,any,RCFDA547,all,,,OTHER BORROWED MONEY WITH A REMAINING MATURITY OF MORE THAN ONE YEAR THROUGH THREE YEARS,,,liabilities.csv,139870.0,0.0988,1997Q2,2000Q4,0.8112,1475952190.0
obm_gt3yr,base,True,RC,stock,thousands_usd,any,RCFDA548,all,,,OTHER BORROWED MONEY WITH A REMAINING MATURITY OF MORE THAN THREE YEARS,,,liabilities.csv,139870.0,0.0988,1997Q2,2000Q4,0.7109,1334443344.0
time_gt100k_dep_9701,base,True,RC,stock,thousands_usd,any,RCON2604,all,,,TOTAL TIME DEPOSITS OF $100;000 OR MORE (SEE NOTE BELOW),,,liabilities.csv,1070645.0,0.7566,1985Q1,2010Q4,0.0179,55937633495.0
fix_time_lt100k_lt3mo_mat,base,True,RC,stock,thousands_usd,any,RCONA225,all,,,FIXED RATE TIME DEPOSITS OF LESS THAN $100;000 WITH A REMAINING MATURITY OF THREE MONTHS OR LESS,,,liabilities.csv,48098.0,0.034,1996Q1,1997Q1,0.0153,870990587.0
fix_time_lt100k_gt3mo_lt1yr_mat,base,True,RC,stock,thousands_usd,any,RCONA226,all,,,FIXED RATE TIME DEPOSITS OF LESS THAN $100;000 WITH A REMAINING MATURITY OF OVER THREE MONTHS THROUGH 12 MONTHS,,,liabilities.csv,48098.0,0.034,1996Q1,1997Q1,0.0143,1565227021.0
fix_time_lt100k_gt1yr_mat,base,True,RC,stock,thousands_usd,any,RCONA227,all,,,FIXED RATE TIME DEPOSITS OF LESS THAN $100;000 WITH A REMAINING MATURITY OF OVER ONE YEAR,,,liabilities.csv,48098.0,0.034,1996Q1,1997Q1,0.0272,998526121.0
flo_time_lt100k_qrt_rp,base,True,RC,stock,thousands_usd,any,RCONA228,all,,,FLOATING RATE TIME DEPOSITS OF LESS THAN $100;000 WITH A REPRICING FREQUENCY OF QUARTERLY OR MORE FREQUENTLY,,,liabilities.csv,48098.0,0.034,1996Q1,1997Q1,0.6841,110733647.0
flo_time_lt100k_qrt_1yr_rp,base,True,RC,stock,thousands_usd,any,RCONA229,all,,,FLOATING RATE TIME DEPOSITS OF LESS THAN $100;000 WITH A REPRICING FREQUENCY OF ANNUALLY OR MORE FREQUENTLY; BUT LESS FREQUENTLY THAN QUARTERLY,,,liabilities.csv,48098.0,0.034,1996Q1,1997Q1,0.947,12840607.0
flo_time_lt100k_1yr_rp,base,True,RC,stock,thousands_usd,any,RCONA230,all,,,FLOATING RATE TIME DEPOSITS OF LESS THAN $100;000 WITH A REPRICING FREQUENCY OF LESS FREQUENTLY THAN ANNUALLY,,,liabilities.csv,48098.0,0.034,1996Q1,1997Q1,0.9735,2468597.0
fix_time_gt100k_lt3mo_mat,base,True,RC,stock,thousands_usd,any,RCONA232,all,,,FIXED RATE TIME DEPOSITS OF $100;000 OR MORE WITH A REMAINING MATURITY OF THREE MONTHS OR LESS,,,liabilities.csv,48098.0,0.034,1996Q1,1997Q1,0.0474,715743999.0
fix_time_gt100k_gt3mo_lt1yr_mat,base,True,RC,stock,thousands_usd,any,RCONA233,all,,,FIXED RATE TIME DEPOSITS OF $100;000 OR MORE WITH A REMAINING MATURITY OF OVER THREE MONTHS THROUGH 12 MONTHS,,,liabilities.csv,48098.0,0.034,1996Q1,1997Q1,0.0299,497208333.0
fix_time_gt100k_gt1yr_lt5yr_mat,base,True,RC,stock,thousands_usd,any,RCONA234,all,,,FIXED RATE TIME DEPOSITS OF $100;000 OR MORE WITH A REMAINING MATURITY OF OVER ONE YEAR THROUGH FIVE YEARS,,,liabilities.csv,48098.0,0.034,1996Q1,1997Q1,0.1484,245459473.0
fix_time_gt100k_gt5yr_mat,base,True,RC,stock,thousands_usd,any,RCONA235,all,,,FIXED RATE TIME DEPOSITS OF $100;000 OR MORE WITH A REMAINING MATURITY OF OVER FIVE YEARS,,,liabilities.csv,48098.0,0.034,1996Q1,1997Q1,0.9126,26800998.0
flo_time_gt100k_qrt_rp,base,True,RC,stock,thousands_usd,any,RCONA236,all,,,FLOATING RATE TIME DEPOSITS OF $100;000 OR MORE WITH A REPRICING FREQUENCY OF QUARTERLY OR MORE FREQUENTLY,,,liabilities.csv,48098.0,0.034,1996Q1,1997Q1,0.8301,36103574.0
flo_time_gt100k_qrt_1yr_rp,base,True,RC,stock,thousands_usd,any,RCONA237,all,,,FLOATING RATE TIME DEPOSITS OF $100;000 OR MORE WITH A REPRICING FREQUENCY OF ANNUALLY OR MORE FREQUENTLY; BUT LESS FREQUENTLY THAN QUARTERLY,,,liabilities.csv,48098.0,0.034,1996Q1,1997Q1,0.9758,2730376.0
flo_time_gt100k_1yr_5yr_rp,base,True,RC,stock,thousands_usd,any,RCONA238,all,,,FLOATING RATE TIME DEPOSITS OF $100;000 OR MORE WITH A REPRICING FREQUENCY OF EVERY FIVE YEARS OR MORE FREQUENTLY; BUT LESS FREQUENTLY THAN ANNUALLY,,,liabilities.csv,48098.0,0.034,1996Q1,1997Q1,0.9927,448899.0
flo_time_gt100k_5yr_rp,base,True,RC,stock,thousands_usd,any,RCONA239,all,,,FLOATING RATE TIME DEPOSITS OF $100;000 OR MORE WITH A REPRICING FREQUENCY OF LESS FREQUENTLY THAN EVERY FIVE YEARS,,,liabilities.csv,48098.0,0.034,1996Q1,1997Q1,0.9999,25942.0
fix_time_lt100k_lt3m_matrp,base,True,RC,stock,thousands_usd,any,RCON0359,all,,,TIME DEPOSITS OF LESS THAN $100;000 AND OPEN-ACCOUNT TIME DEPOSITS OF $100;000 OR MORE WITH A REMAINING MATURITY OR REPRICING FREQUENCY OF THREE MONTHS OR LESS,,,liabilities.csv,376815.0,0.2663,1988Q1,1995Q4,0.0127,6679486052.0
fix_time_lt100k_gt3m_lt1yr_matrp,base,True,RC,stock,thousands_usd,any,RCON3644,all,,,TIME DEPOSITS OF LESS THAN $100;000 AND OPEN-ACCOUNT TIME DEPOSITS OF $100;000 OR MORE WITH A REMAINING MATURITY OR REPRICING FREQUENCY OF OVER THREE MONTHS THROUGH 12 MONTHS,,,liabilities.csv,323578.0,0.2287,1989Q1,1995Q4,0.0122,8037804926.0
fix_time_gt100k_3m_mat_no_oa,base,True,RC,stock,thousands_usd,any,RCON2761,all,,,FIXED RATE TIME CERTIFICATES OF DEPOSIT OF $100;000 OR MORE WITH A REMAINING MATURITY OF THREE MONTHS OR LESS,,,liabilities.csv,376815.0,0.2663,1988Q1,1995Q4,0.063,4381997057.0
fix_time_gt100k_3m_1yr_mat_no_oa,base,True,RC,stock,thousands_usd,any,RCON2762,all,,,FIXED RATE TIME CERTIFICATES OF DEPOSIT OF $100;000 OR MORE WITH A REMAINING MATURITY OF OVER THREE MONTHS THROUGH 12 MONTHS,,,liabilities.csv,376815.0,0.2663,1988Q1,1995Q4,0.0584,2481797179.0
fix_time_gt100k_1_5yr_mat_no_oa,base,True,RC,stock,thousands_usd,any,RCON2763,all,,,FIXED RATE TIME CERTIFICATES OF DEPOSIT OF $100;000 OR MORE WITH A REMAINING MATURITY OF OVER ONE YEAR THROUGH FIVE YEARS,,,liabilities.csv,376815.0,0.2663,1988Q1,1995Q4,0.3067,1363299864.0
fix_time_gt100k_5yr_mat_no_oa,base,True,RC,stock,thousands_usd,any,RCON2765,all,,,FIXED RATE TIME CERTIFICATES OF DEPOSIT OF $100;000 OR MORE WITH A REMAINING MATURITY OF OVER FIVE YEARS,,,liabilities.csv,376815.0,0.2663,1988Q1,1995Q4,0.9283,114561239.0
flo_time_gt100k_qrt_rp_no_oa,base,True,RC,stock,thousands_usd,any,RCON4568,all,,,FLOATING RATE TIME CERTIFICATES OF DEPOSIT OF $100;000 OR MORE WITH A REPRICING FREQUENCY OF QUARTERLY OR MORE FREQUENTLY,,,liabilities.csv,376815.0,0.2663,1988Q1,1995Q4,0.9133,436128046.0
flo_time_gt100k_qrt_1yr_rp_no_oa,base,True,RC,stock,thousands_usd,any,RCON4569,all,,,FLOATING RATE TIME CERTIFICATES OF DEPOSIT OF $100;000 OR MORE WITH A REPRICING FREQUENCY OF ANNUALLY OR MORE FREQUENTLY; BUT LESS FREQUENTLY THAN QUARTERLY,,,liabilities.csv,376815.0,0.2663,1988Q1,1995Q4,0.9848,33760055.0
flo_time_gt100k_1yr_5yr_rp_no_oa,base,True,RC,stock,thousands_usd,any,RCON4571,all,,,FLOATING RATE TIME CERTIFICATES OF DEPOSIT OF $100;000 OR MORE WITH A REPRICING FREQUENCY OF EVERY FIVE YEARS OR MORE FREQUENTLY; BUT LESS FREQUENTLY THAN ANNUALLY,,,liabilities.csv,376815.0,0.2663,1988Q1,1995Q4,0.9945,7734718.0
flo_time_gt100k_5yr_rp_no_oa,base,True,RC,stock,thousands_usd,any,RCON4572,all,,,FLOATING RATE TIME CERTIFICATES OF DEPOSIT OF $100;000 OR MORE WITH A REPRICING FREQUENTLY OF LESS FREQUENTLY THAN EVERY FIVE YEARS,,,liabilities.csv,376815.0,0.2663,1988Q1,1995Q4,0.9998,485671.0
deposit_acc_amt_under100k,base,True,RC,stock,thousands_usd,any,RCON2702,all,,,AMOUNT OF DEPOSIT ACCOUNTS $100;000 0R LESS,,,liabilities.csv,682529.0,0.4823,1985Q2,2006Q1,0.0034,132000411873.0
fdic_tag_nibta_amt_over250k,base,True,RC,stock,thousands_usd,any,RCONG167,all,,,AMOUNT OF NONINTEREST-BEARING TRANSACTION ACCOUNTS OF MORE THAN $250;000 (INCLUDING BALANCES SWEPT FROM NONINTEREST-BEARING TRANSACTION ACCOUNTS TO NONINTEREST-BEARING SAVINGS ACCOUNTS). TO BE COMPLETED BY ALL BANKS PARTICIPATING IN THE FDIC TRANSACTION ACCOUNT GUARANTEE PROGRAM,,,liabilities.csv,44342.0,0.0313,2008Q4,2010Q2,0.1416,5108560668.0
fdic_tag_nibta_num_over250k,base,True,RC,stock,thousands_usd,any,RCONG168,all,,,NUMBER OF NONINTEREST-BEARING TRANSACTION ACCOUNTS OF MORE THAN $250;000 (INCLUDING BALANCES SWEPT FROM NONINTEREST-BEARING TRANSACTION ACCOUNTS TO NONINTEREST-BEARING SAVINGS ACCOUNTS). TO BE COMPLETED BY ALL BANKS PARTICIPATING IN THE FDIC TRANSACTION ACCOUNT GUARANTEE PROGRAM,,,liabilities.csv,44342.0,0.0313,2008Q4,2010Q2,0.1416,3639387.0
fdic_tag_nibta_avg_amt_over250k,base,True,RC,stock,thousands_usd,any,RCONJ651,all,,,AVERAGE DAILY AMOUNT OF NONINTEREST-BEARING TRANSACTION ACCOUNTS OF MORE THAN $250;000 (INCLUDING BALANCES SWEPT FROM NONINTEREST-BEARING TRANSACTION ACCOUNTS TO NONINTEREST-BEARING SAVINGS ACCOUNTS),,,liabilities.csv,10737.0,0.0076,2010Q3,2010Q4,0.0998,302821070.0
fdic_tag_nibta_avg_num_over250k,base,True,RC,stock,thousands_usd,any,RCONJ652,all,,,AVERAGE DAILY NUMBER OF NONINTEREST-BEARING TRANSACTION ACCOUNTS OF MORE THAN $250;000,,,liabilities.csv,10735.0,0.0076,2010Q3,2010Q4,0.0996,356600.0
df_tag_nibta_amt_over250k,base,True,RC-O,stock,thousands_usd,any,RCONJ944,all,,,AMOUNT OF NONINTEREST-BEARING TRANSACTION ACCOUNTS OF MORE THAN $250;000,,,liabilities.csv,90858.0,0.0642,2010Q4,2013Q4,0.0945,19753433834.0
df_tag_nibta_num_over250k,base,True,RC-O,stock,thousands_usd,any,RCONJ945,all,,,NUMBER OF NONINTEREST-BEARING TRANSACTION ACCOUNTS OF MORE THAN $250;000,,,liabilities.csv,90858.0,0.0642,2010Q4,2013Q4,0.0945,9876432.0
tot_fiduc_accts_mngd_ass,base,True,RC-T,stock,thousands_usd,any,RCFDB894,all,,,TOTAL FIDUCIARY ACCOUNTS - MANAGED ASSETS,,,liabilities.csv,568915.0,0.402,2001Q4,2025Q3,0.8907,526516120837.0
tot_fiduc_accts_non_mngd_ass,base,True,RC-T,stock,thousands_usd,any,RCFDB895,all,,,TOTAL FIDUCIARY ACCOUNTS - NON-MANAGED ASSETS,,,liabilities.csv,580445.0,0.4102,2001Q4,2025Q3,0.9031,2228179944227.0
custody_safe_accts_non_mngd_ass,base,True,RC-T,stock,thousands_usd,any,RCFDB898,all,,,CUSTODY AND SAFEKEEPING ACCOUNTS - NON-MANAGED ASSETS,,,liabilities.csv,595367.0,0.4207,2001Q4,2025Q3,0.9207,10620114552131.0
custody_accts_num,base,True,RC-T,stock,thousands_usd,any,RCFDB899,all,,,CUSTODY AND SAFEKEEPING ACCOUNTS - NUMBER OF NON-MANAGED ACCOUNTS,,,liabilities.csv,594939.0,0.4204,2001Q4,2025Q3,0.9202,1195090443.0
tot_fiduc_mngd_accts_num,base,True,RC-T,stock,thousands_usd,any,RCFDB896,all,,,TOTAL FIDUCIARY ACCOUNTS - NUMBER OF MANAGED ACCOUNTS,,,liabilities.csv,568879.0,0.402,2001Q4,2025Q3,0.8907,216837559.0
tot_fiduc_non_mngd_accts_num,base,True,RC-T,stock,thousands_usd,any,RCFDB897,all,,,TOTAL FIDUCIARY ACCOUNTS - NON-MANAGED ACCOUNTS,,,liabilities.csv,580057.0,0.4099,2001Q4,2025Q3,0.9025,1054524076.0
brokered_reciprocal_dep,base,True,RC-O,stock,thousands_usd,any,RCONG803,all,,,RECIPROCAL BROKERED DEPOSITS (INCLUDED IN SCH. RC-E; PART 1; MEM.1B,,,liabilities.csv,385497.0,0.2724,2009Q2,2025Q3,0.8594,2211594940.0
tot_reciprocal_dep,base,True,RC-E,stock,thousands_usd,any,RCONJH83,all,,,Total reciprocal deposits,,,liabilities.csv,142277.0,0.1005,2018Q3,2025Q3,0.6589,6089953463.0
list_serv_dep,base,True,RC-E,stock,thousands_usd,any,RCONK223,all,,,ESTIMATED AMOUNT OF DEPOSITS OBTAINED THROUGH THE USE OF DEPOSIT LISTING SERVICES THAT ARE NOT BROKERED DEPOSITS,,,liabilities.csv,337683.0,0.2386,2011Q1,2025Q3,0.7798,3941225166.0
brokered_lt250k_dep_17,base,True,RC-E,stock,thousands_usd,any,RCONHK05,all,,,SELECTED COMPONENTS OF TOTAL DEPOSITS; BROKERED DEPOSITS OF 250000 OR LESS (FULLY INSURED BROKERED DEPOSITS),,,liabilities.csv,176784.0,0.1249,2017Q1,2025Q3,0.6348,31425480311.0
ffpurch_pre97,base,True,RC,stock,thousands_usd,any,RCFD0278,all,,,FEDERAL FUNDS PURCHASED,,,liabilities.csv,432323.0,0.3055,1988Q1,1996Q4,0.8144,6555280759.0
repo_sold_pre97,base,True,RC,stock,thousands_usd,any,RCFD0279,all,,,SECURITIES SOLD UNDER AGREEMENTS TO REPURCHASE,,,liabilities.csv,432323.0,0.3055,1988Q1,1996Q4,0.7812,3590307215.0
othbor_1_pre94,base,True,RC,stock,thousands_usd,any,RCFD2850,all,,,OTHER BORROWED MONEY,,,liabilities.csv,480208.0,0.3394,1985Q1,1993Q4,0.8702,4461800034.0
othbor_2,base,True,RC,stock,thousands_usd,any,RCFD2910,all,,,MORTGAGE INDEBTEDNESS AND OBLIGATIONS UNDER CAPITALIZED LEASES,,,liabilities.csv,609040.0,0.4304,1985Q1,1996Q4,0.8817,111436789.0
equity,base,True,RC,stock,thousands_usd,any,RCFD3210,all,,,TOTAL EQUITY CAPITAL,,,liabilities.csv,1414993.0,1.0,1985Q1,2025Q3,0.0,176741456771.0
minorint,base,True,RC,stock,thousands_usd,any,RCFD3000,all,,,MINORITY INTEREST IN CONSOLIDATED SUBSIDIARIES AND SIMILAR ITEMS,,,liabilities.csv,1413820.0,0.9991,1985Q1,2025Q3,0.9852,1037645530.0
ind_dep_non_trans_acc_pre01,base,True,RC,stock,thousands_usd,any,RCON2346,all,,,TOTAL NONTRANSACTION ACCOUNTS - DEPOSITS OF INDIVIDUALS; PARTNERSHIPS; AND CORPORATIONS,,,liabilities.csv,752313.0,0.5317,1985Q1,2000Q4,0.0049,113094126261.0
ind_dep_trans_acc_pre01,base,True,RC,stock,thousands_usd,any,RCON2201,all,,,TOTAL TRANSACTION ACCOUNTS - DEPOSITS OF INDIVIDUALS; PARTNERSHIPS; AND CORPORATIONS,,,liabilities.csv,752313.0,0.5317,1985Q1,2000Q4,0.0099,38989866097.0
demanddep_accounts,base,True,RC,stock,thousands_usd,any,RCON2185,all,,,TOTAL TRANSACTION ACCOUNTS - DEMAND DEPOSIT,,,liabilities.csv,752306.0,0.5316,1985Q1,2000Q4,0.9701,496488920.0
us_bank_dep_non_trans_acc_1_pre01,base,True,RC,stock,thousands_usd,any,RCON2550,all,,,TOTAL NONTRANSACTION ACCOUNTS (INCLUDING MMDA'S) OF COMMERCIAL BANKS IN THE UNITED STATES,,,liabilities.csv,752307.0,0.5316,1985Q1,2000Q4,0.8601,574690724.0
us_bank_dep_non_trans_acc_2_pre01,base,True,RC,stock,thousands_usd,any,RCON2349,all,,,TOTAL NONTRANSACTION ACCOUNTS - DEPOSITS OF OTHER DEPOSITORY INSTITUTIONS IN THE U.S.,,,liabilities.csv,752312.0,0.5317,1985Q1,2000Q4,0.8615,279875600.0
ind_for_dep_1_pre01,base,True,RC,stock,thousands_usd,any,RCFN2621,all,,,DEPOSITS IN FOREIGN OFFICES - DEPOSITS OF INDIVIDUALS; PARTNERSHIPS; AND CORPORATIONS,,,liabilities.csv,13863.0,0.0098,1985Q1,2000Q4,0.2748,16299233466.0
ind_for_dep_2_pre01,base,True,RC,stock,thousands_usd,any,RCFN2330,all,,,CERTIFIED AND OFFICERS' CHECKS; ETC.,,,liabilities.csv,13863.0,0.0098,1985Q1,2000Q4,0.8352,55880762.0
us_bank_for_dep_pre01,base,True,RC,stock,thousands_usd,any,RCFN2623,all,,,DEPOSITS IN FOREIGN OFFICES - DEPOSITS OF U.S. BANKS (INCLUDING IBFS AND FOREIGN BRANCHES OF U.S. BANKS),,,liabilities.csv,13863.0,0.0098,1985Q1,2000Q4,0.6129,1975915644.0
savings_dep,base,True,RC,stock,thousands_usd,any,RCON2389,all,,,NONTRANSACTION SAVINGS DEPOSITS,,,liabilities.csv,1070672.0,0.7566,1985Q1,2010Q4,0.0132,167052883214.0
time_cod_gt100k_dom,base,True,RC,stock,thousands_usd,any,RCON6645,all,,,TIME CERTIFICATES OF DEPOSIT OF $100;000 OR MORE IN DOMESTIC OFFICES,,,liabilities.csv,608819.0,0.4302,1985Q1,1997Q1,0.0235,13867910695.0
time_dep_gt100k_dom,base,True,RC,stock,thousands_usd,any,RCON6646,all,,,OTHER TIME DEPOSITS OF $100;000 OR MORE IN DOMESTIC OFFICES,,,liabilities.csv,602406.0,0.4257,1985Q1,1996Q4,0.8151,1342520231.0
brokered_lt100k_dep,base,True,RC-E,stock,thousands_usd,any,RCON2343,all,,,TOTAL BROKERED RETAIL DEPOSITS ISSUED IN DENOMINATIONS OF LESS THAN $100;000,,,liabilities.csv,1237037.0,0.8742,1985Q1,2016Q4,0.8589,16806011856.0
brokered_gt100k_lt250k_dep,base,True,RC-E,stock,thousands_usd,any,RCONJ472,all,,,FULLY INSURED BROKERED DEPOSITS (INCLUDED IN MEMORANDUM ITEM 1.B ABOVE): BROKERED DEPOSITS OF $100;000 THROUGH $250;000 AND CERTAIN BROKERED RETIREMENT DEPOSIT ACCOUNTS,,,liabilities.csv,189389.0,0.1338,2010Q1,2016Q4,0.7014,5369931932.0
qavg_dep_trans,base,True,RC-K,stock,thousands_usd,any,RCON3485,all,,,TRANSACTION ACCOUNTS (IN DOMESTIC OFFICES) (NOW ACCOUNTS; ATS ACCOUNTS; AND TELEPHONE AND PREAUTHORIZED TRANSFER ACCOUNTS) - QUARTERLY AVERAGE,,,liabilities.csv,1293747.0,0.9143,1987Q1,2025Q3,0.0346,117575809197.0
qavg_dep_mmda,base,True,RC,stock,thousands_usd,any,RCON3486,all,,,MONEY MARKET DEPOSIT ACCOUNTS (MMDA'S) - QUARTERLY AVERAGE,,,liabilities.csv,637702.0,0.4507,1987Q1,2000Q4,0.063,29685406450.0
qavg_dep_savings,base,True,RC,stock,thousands_usd,any,RCON3487,all,,,OTHER SAVINGS DEPOSITS - QUARTERLY AVERAGE,,,liabilities.csv,637702.0,0.4507,1987Q1,2000Q4,0.0335,18145650302.0
qavg_dep_sav_mmda,base,True,RC-K,stock,thousands_usd,any,RCONB563,all,,,NONTRANSACTION ACCOUNTS IN DOMESTIC OFFICES: SAVINGS DEPOSITS,,,liabilities.csv,656045.0,0.4636,2001Q1,2025Q3,0.0179,575288185446.0
qavg_dep_foreign_ib,base,True,RC-K,stock,thousands_usd,any,RCFN3404,all,,,QUARTERLY AVERAGE OF INTEREST-BEARING DEPOSITS IN FOREIGN OFFICES; EDGE AND AGREEMENT SUBSIDIARIES; AND IBFS,,,liabilities.csv,23140.0,0.0164,1985Q1,2025Q3,0.2462,141776145587.0
qavg_dep_time_ge100k,base,True,RC-K,stock,thousands_usd,any,RCONA514,all,,,QUARTERLY AVERAGES OF TIME DEPOSITS OF $100;000 OR MORE,,,liabilities.csv,629168.0,0.4446,1997Q1,2016Q4,0.0151,60696982030.0
qavg_dep_time_lt100k,base,True,RC-K,stock,thousands_usd,any,RCONA529,all,,,QUARTERLY AVERAGES OF TIME DEPOSITS OF LESS THAN $100;000,,,liabilities.csv,629168.0,0.4446,1997Q1,2016Q4,0.0178,71047785738.0
qavg_dep_time_le250k,base,True,RC-K,stock,thousands_usd,any,RCONHK16,all,,,LIABILITIES; NONTRANSACTION ACCOUNTS; TIME DEPOSITS OF 250000 OR LESS,,,liabilities.csv,176784.0,0.1249,2017Q1,2025Q3,0.0218,47344254476.0
qavg_dep_time_gt250k,base,True,RC-K,stock,thousands_usd,any,RCONHK17,all,,,LIABILITIES; NONTRANSACTION ACCOUNTS; TIME DEPOSITS OF MORE THAN 250000,,,liabilities.csv,176784.0,0.1249,2017Q1,2025Q3,0.0446,22726130723.0
othbor_pre94,derived,True,CROSS,stock,thousands_usd,any,,,,,Other Borrowed Money (pre-1994) [RCFD2850+RCFD2910],othbor_1_pre94 + othbor_2,othbor_1_pre94 othbor_2,liabilities.csv,480208.0,0.3394,1985Q1,1993Q4,0.7715,4553432652.0
ffrepo_liab,derived,True,CROSS,stock,thousands_usd,any,,,,,"Fed funds purchased + securities sold under repurchase [2002+: RCONB993 ffpurch + RCONB995 repo_sold; pre-2002: RCFD2800 combined (the split codes start 2002). Clean switch at 2002, no overlap] A filing that reports none of the inputs stays blank: the per-input zero is right inside an era, where one of the lines is simply not on the form, but an empty filing has no fed funds position to report.",(ffpurch.fillna(0) + repo_sold.fillna(0) + ffrepo_liab_2800.fillna(0)).where(ffpurch.notna() | repo_sold.notna() | ffrepo_liab_2800.notna()),ffpurch ffrepo_liab_2800 repo_sold,liabilities.csv,1414991.0,1.0,1985Q1,2025Q3,0.671,67059058050.0
othbor_9497,derived,True,CROSS,stock,thousands_usd,any,,,,,Other Borrowed Money (1994-1996) [RCFD2332+RCFD2333+RCFD2910],obm_less1yr+obm_gt1yr_pre97+othbor_2,obm_gt1yr_pre97 obm_less1yr othbor_2,liabilities.csv,128830.0,0.091,1994Q1,1996Q4,0.6971,3325445405.0
othbor_97,derived,True,CROSS,stock,thousands_usd,any,,,,,Other Borrowed Money (1997) [RCFD2332+RCFD2333],obm_less1yr+obm_gt1yr_pre97,obm_gt1yr_pre97 obm_less1yr,liabilities.csv,138867.0,0.0981,1994Q1,1997Q1,0.7263,3615855686.0
obm_gt1yr_9701,derived,True,CROSS,stock,thousands_usd,any,,,,,,obm_gt1yr_lt3yr+obm_gt3yr,obm_gt1yr_lt3yr obm_gt3yr,liabilities.csv,139870.0,0.0988,1997Q2,2000Q4,0.6551,2810395534.0
obm_gt1yr,derived,True,CROSS,stock,thousands_usd,any,,,,,Other Borrowed Money with Remaining Maturity of More Than One Year (pre-2001),obm_gt1yr_9701.fillna(obm_gt1yr_pre97),obm_gt1yr_9701 obm_gt1yr_pre97,liabilities.csv,278738.0,0.197,1994Q1,2000Q4,0.7344,4017236210.0
othbor_9701,derived,True,CROSS,stock,thousands_usd,any,,,,,Other Borrowed Money (1997-2001) [RCFD2332+RCFDA547+RCFDA548],obm_less1yr+obm_gt1yr_lt3yr+obm_gt3yr,obm_gt1yr_lt3yr obm_gt3yr obm_less1yr,liabilities.csv,139870.0,0.0988,1997Q2,2000Q4,0.5647,6960938467.0
othbor_liab,derived,True,CROSS,stock,thousands_usd,any,,,,,"Other Borrowed Money  [RCFD3190 post 2001, multiple series]",othbor_liab_01.fillna(othbor_9701).fillna(othbor_97).fillna(othbor_9497).fillna(othbor_pre94),othbor_9497 othbor_97 othbor_9701 othbor_liab_01 othbor_pre94,liabilities.csv,1414991.0,1.0,1985Q1,2025Q3,0.5718,108225670353.0
equity_incl_minorint_pre09,derived,True,CROSS,stock,thousands_usd,any,,,,,Equity Incl. Minority Interest [RCFD3210+RCFD3000],equity+minorint,equity minorint,liabilities.csv,1413820.0,0.9991,1985Q1,2025Q3,0.0,177747067338.0
equity_incl_minorint,derived,True,CROSS,stock,thousands_usd,any,,,,,Equity Incl. Minority Interest [RCFDG105 post09],equity_incl_minorint_09.fillna(equity_incl_minorint_pre09),equity_incl_minorint_09 equity_incl_minorint_pre09,liabilities.csv,1413820.0,0.9991,1985Q1,2025Q3,0.0,177747067338.0
liab_oth,derived,True,CROSS,stock,thousands_usd,any,,,,,"Other Liabilities [RCFD2930; pre-1997 adds RCFD3282 limited-life preferred (discontinued 1996Q4); pre-2006 adds RCFD2920 bank's acceptance liability (separate line discontinued 2005Q4, folded into 2930 thereafter)]",liab_oth_2930 + liab_limlife_pref.fillna(0) + accept_liab.fillna(0),accept_liab liab_limlife_pref liab_oth_2930,liabilities.csv,1414993.0,1.0,1985Q1,2025Q3,0.0008,46090355622.0
ind_dep_non_trans_acc,derived,True,CROSS,stock,thousands_usd,any,,,,,"Total Non-Transaction Accounts, Individuals and Corporations [RCFDB550 post 2001]",ind_dep_non_trans_acc_01.fillna(ind_dep_non_trans_acc_pre01),ind_dep_non_trans_acc_01 ind_dep_non_trans_acc_pre01,liabilities.csv,1408358.0,0.9953,1985Q1,2025Q3,0.0086,840826437665.0
ind_dep_trans_acc,derived,True,CROSS,stock,thousands_usd,any,,,,,"Total Transaction Accounts, Individuals and Corporations  [RCFDB549 post 2001]",ind_dep_trans_acc_01.fillna(ind_dep_trans_acc_pre01),ind_dep_trans_acc_01 ind_dep_trans_acc_pre01,liabilities.csv,1408358.0,0.9953,1985Q1,2025Q3,0.0147,240068272729.0
us_bank_dep_non_trans_acc_pre01,derived,True,CROSS,stock,thousands_usd,any,,,,,"Total Non-Transaction Account, Depository Institutions [RCON2550+RCON2349]",us_bank_dep_non_trans_acc_1_pre01 + us_bank_dep_non_trans_acc_2_pre01,us_bank_dep_non_trans_acc_1_pre01 us_bank_dep_non_trans_acc_2_pre01,liabilities.csv,752307.0,0.5316,1985Q1,2000Q4,0.7893,854539515.0
us_bank_dep_non_trans_acc,derived,True,CROSS,stock,thousands_usd,any,,,,,"Total Non-Transaction Account, Depository Institutions [RCONB552 post 2001]",us_bank_dep_non_trans_acc_01.fillna(us_bank_dep_non_trans_acc_pre01),us_bank_dep_non_trans_acc_01 us_bank_dep_non_trans_acc_pre01,liabilities.csv,1408352.0,0.9953,1985Q1,2025Q3,0.725,7968131338.0
ind_for_dep_pre01,derived,True,CROSS,stock,thousands_usd,any,,,,,Foreign Deposits of Individuals and Corporations (pre 2001) [RCFN2621 + RCFN2330],ind_for_dep_1_pre01+ind_for_dep_2_pre01,ind_for_dep_1_pre01 ind_for_dep_2_pre01,liabilities.csv,13863.0,0.0098,1985Q1,2000Q4,0.2744,16355114228.0
ind_for_dep,derived,True,CROSS,stock,thousands_usd,any,,,,,Foreign Deposits of Individuals and Corporations [RCFNB553 post 2001],ind_for_dep_01.fillna(ind_for_dep_pre01),ind_for_dep_01 ind_for_dep_pre01,liabilities.csv,22728.0,0.0161,1985Q1,2025Q3,0.3083,117000933680.0
us_bank_for_dep,derived,True,CROSS,stock,thousands_usd,any,,,,,"Deposits in Foreign Offices, Deposits of U.S. Banks",us_bank_for_dep_01.fillna(us_bank_for_dep_pre01),us_bank_for_dep_01 us_bank_for_dep_pre01,liabilities.csv,22724.0,0.0161,1985Q1,2025Q3,0.6816,5306891122.0
oth_savings_dep_pre87,derived,True,CROSS,stock,thousands_usd,any,,,,,,savings_dep -  mmda,mmda savings_dep,liabilities.csv,1070672.0,0.7566,1985Q1,2010Q4,0.0339,50189017289.0
oth_savings_dep,derived,True,CROSS,stock,thousands_usd,any,,,,,Other Non-Transaction Savings Deposits (excl. MMDAs),oth_savings_dep_87.fillna(oth_savings_dep_pre87),oth_savings_dep_87 oth_savings_dep_pre87,liabilities.csv,1413823.0,0.9991,1985Q1,2025Q3,0.0338,213409006102.0
trandep_indv,derived,True,CROSS,stock,thousands_usd,any,,,,,Total Deposits in Transaction Accounts for Individuals and Corporations,non_ib_trans_acc_dep_indv+ib_trans_acc_dep_indv,ib_trans_acc_dep_indv non_ib_trans_acc_dep_indv,liabilities.csv,28702.0,0.0203,2014Q1,2025Q3,0.0241,36183090274.0
time_dep_gt100k_lt3mo_mat_pre97,derived,True,CROSS,stock,thousands_usd,any,,,,,,fix_time_gt100k_lt3mo_mat+flo_time_gt100k_qrt_rp,fix_time_gt100k_lt3mo_mat flo_time_gt100k_qrt_rp,liabilities.csv,48098.0,0.034,1996Q1,1997Q1,0.0439,751847573.0
time_dep_gt100k_lt3mo_mat,derived,True,CROSS,stock,thousands_usd,any,,,,,Time Deposits >$100k with Remaining Maturity or Repricing of Three Months or Less,time_dep_gt100k_lt3mo_mat_97.fillna(time_dep_gt100k_lt3mo_mat_pre97),time_dep_gt100k_lt3mo_mat_97 time_dep_gt100k_lt3mo_mat_pre97,liabilities.csv,667229.0,0.4715,1996Q1,2016Q4,0.0347,28381544516.0
time_dep_gt100k_gt3mo_lt1yr_mat_pre97,derived,True,CROSS,stock,thousands_usd,any,,,,,,fix_time_gt100k_gt3mo_lt1yr_mat+flo_time_gt100k_qrt_1yr_rp,fix_time_gt100k_gt3mo_lt1yr_mat flo_time_gt100k_qrt_1yr_rp,liabilities.csv,48098.0,0.034,1996Q1,1997Q1,0.0298,499938709.0
time_dep_gt100k_gt3mo_lt1yr_mat,derived,True,CROSS,stock,thousands_usd,any,,,,,Time Deposits >$100k with Remaining Maturity or Repricing of Over Three Months Through 12 Months,time_dep_gt100k_gt3mo_lt1yr_mat_97.fillna(time_dep_gt100k_gt3mo_lt1yr_mat_pre97),time_dep_gt100k_gt3mo_lt1yr_mat_97 time_dep_gt100k_gt3mo_lt1yr_mat_pre97,liabilities.csv,667229.0,0.4715,1996Q1,2016Q4,0.024,21518152782.0
time_gt100k_dep_pre97,derived,True,CROSS,stock,thousands_usd,any,,,,,,time_cod_gt100k_dom+time_dep_gt100k_dom,time_cod_gt100k_dom time_dep_gt100k_dom,liabilities.csv,602406.0,0.4257,1985Q1,1996Q4,0.021,15048911117.0
time_gt100k_dep_post01,derived,True,CROSS,stock,thousands_usd,any,,,,,,time_gt100k_lt250k + time_gt250k,time_gt100k_lt250k time_gt250k,liabilities.csv,366173.0,0.2588,2010Q1,2025Q3,0.0191,64417066517.0
time_gt100k,derived,True,CROSS,stock,thousands_usd,any,,,,,"Time Deposits of $100,000 or more [RCON2604 and others]",time_gt100k_dep_9701.fillna(time_gt100k_dep_pre97).fillna(time_gt100k_dep_post01),time_gt100k_dep_9701 time_gt100k_dep_post01 time_gt100k_dep_pre97,liabilities.csv,1408358.0,0.9953,1985Q1,2025Q3,0.0182,116971832404.0
brokered_lt250k_dep_pre17,derived,True,CROSS,stock,thousands_usd,any,,,,,Brokered Deposits <$250k pre(2010-2016) [RCON2343+RCONJ472],brokered_lt100k_dep+brokered_gt100k_lt250k_dep,brokered_gt100k_lt250k_dep brokered_lt100k_dep,liabilities.csv,189389.0,0.1338,2010Q1,2016Q4,0.6119,15995593576.0
brokered_lt250k_dep,derived,True,CROSS,stock,thousands_usd,any,,,,,"Brokered Deposits <$250k [RCONHK05, RCON2343+RCONJ472]",brokered_lt250k_dep_17.fillna(brokered_lt250k_dep_pre17),brokered_lt250k_dep_17 brokered_lt250k_dep_pre17,liabilities.csv,366173.0,0.2588,2010Q1,2025Q3,0.6229,47421073887.0
cet1,derived,True,CROSS,stock,thousands_usd,any,,,,,"Common equity tier 1 capital (RC-R Part I, from 2015Q1): RCFAP859 on the 031 / RCOAP859 on the 041 and 051; from 2020Q1 advanced approaches institutions on the 031 file the line in their own column (RCFWP859) instead. The two 031 columns are never filed together and cover every 031 filer in every quarter.",cet1_1.fillna(cet1_2),cet1_1 cet1_2,liabilities.csv,226645.0,0.1602,2014Q1,2025Q3,0.0,82405142822.0
ac_afs_ust,base,True,RC-B,stock,thousands_usd,any,RCFD1286,all,1994-03-31,,AMORTIZED COST OF AVAILABLE-FOR-SALE U.S. TREASURY SECURITIES,,,rc_b_securities.csv,934784.0,0.6606,1994Q1,2025Q3,0.6445,37484111502.0
ac_afs_usagency_9418,base,True,RC-B,stock,thousands_usd,any,RCFD1291,all,1994-03-31,2018-03-31,AMORTIZED COST OF AVAILABLE-FOR-SALE U.S. GOVERNMENT AGENCY AND CORPORATION OBLIGATIONS ISSUED BY U.S. GOVERNMENT AGENCIES (EXCLUDING MORTGAGE-BACKED SECURITIES),,,rc_b_securities.csv,786912.0,0.5561,1994Q1,2018Q1,0.8589,1090531404.0
ac_afs_usgse_9418,base,True,RC-B,stock,thousands_usd,any,RCFD1297,all,1994-03-31,2018-03-31,AMORTIZED COST OF AVAILABLE-FOR-SALE U.S. GOVERNMENT AGENCY AND CORPORATION OBLIGATIONS ISSUED BY U.S. GOVERNMENT- SPONSORED AGENCIES (EXCLUDING MORTGAGE-BACKED SECURITIES),,,rc_b_securities.csv,786914.0,0.5561,1994Q1,2018Q1,0.2776,15805659196.0
ac_afs_states,base,True,RC-B,stock,thousands_usd,any,RCFD8498,all,1994-03-31,,AMORTIZED COST OF AVAILABLE-FOR-SALE SECURITIES ISSUED BY STATES AND POLITICAL SUBDIVISIONS IN THE U.S.,,,rc_b_securities.csv,934783.0,0.6606,1994Q1,2025Q3,0.4112,19639825035.0
ac_afs_oth_dom,base,True,RC-B,stock,thousands_usd,any,RCFD1739,all,1994-03-31,,AMORTIZED COST OF OTHER AVAILABLE-FOR-SALE DOMESTIC DEBT SECURITIES,,,rc_b_securities.csv,753205.0,0.5323,1994Q1,2025Q3,0.7174,6821881879.0
ac_afs_oth_fgn,base,True,RC-B,stock,thousands_usd,any,RCFD1744,all,1994-03-31,,AMORTIZED COST OF AVAILABLE-FOR-SALE OTHER FOREIGN DEBT SECURITIES,,,rc_b_securities.csv,753205.0,0.5323,1994Q1,2025Q3,0.9649,19468985223.0
ac_afs_mutual_funds_9720,base,True,RC-B,stock,thousands_usd,any,RCFDA510,all,1997-03-31,2020-09-30,AMORTIZED COST OF AVAILABLE-FOR-SALE INVESTMENTS IN MUTUAL FUNDS AND OTHER EQUITY SECURITIES WITH READILY DETERMINABLE FAIR VALUES,,,rc_b_securities.csv,690893.0,0.4882,1997Q1,2020Q3,0.8081,1385825632.0
ac_afs_abs,base,True,RC-B,stock,thousands_usd,any,RCFDC989,all,2006-03-31,,ASSET-BACKED SECURITIES: AVAILABLE-FOR-SALE AMORTIZED COST,,,rc_b_securities.csv,489713.0,0.3461,2006Q1,2025Q3,0.9385,8583482336.0
ac_structured_notes,base,True,RC-B,stock,thousands_usd,any,RCFD8782,all,1995-03-31,,AMORTIZED COST OF STRUCTURED NOTES,,,rc_b_securities.csv,889750.0,0.6288,1995Q1,2025Q3,0.7253,2187557045.0
ac_htm_sold_or_transferred_ytd,base,True,RC-B,stock,thousands_usd,any,RCFD1778,all,1994-03-31,,AMORTIZED COST OF HELD-TO-MATURITY SECURITIES SOLD OR TRANSFERRED TO AVAILABLE-FOR-SALE OR TRADING SECURITIES DURING THE CALENDAR YEAR-TO-DATE,,,rc_b_securities.csv,861228.0,0.6086,1994Q1,2025Q3,0.9716,1463312886.0
pledged_sec,base,True,RC-B,stock,thousands_usd,any,RCFD0416,all,,,PLEDGED SECURITIES,,,rc_b_securities.csv,1413820.0,0.9991,1985Q1,2025Q3,0.1185,138695126309.0
debtsec_mat_repr_lte1yr,base,True,RC-B,stock,thousands_usd,any,RCFDA248,all,1996-03-31,,FIXED RATE AND FLOATING RATE DEBT SECURITIES WITH A REMAINING MATURITY OF ONE YEAR OR LESS,,,rc_b_securities.csv,798848.0,0.5645,1996Q1,2025Q3,0.203,22880278362.0
ac_afs_tot_toplevel,derived,True,RC-B,stock,thousands_usd,any,,,,,Amortized cost of AFS securities across the top-level categories carried here; see docs/schedules/RC-B.md on what is and is not included,(ac_afs_ust.fillna(0) + ac_afs_states.fillna(0) + ac_afs_oth_dom.fillna(0) + ac_afs_oth_fgn.fillna(0) + ac_afs_abs.fillna(0)).where(ac_afs_ust.notna() | ac_afs_states.notna() | ac_afs_oth_dom.notna() | ac_afs_oth_fgn.notna() | ac_afs_abs.notna()),ac_afs_abs ac_afs_oth_dom ac_afs_oth_fgn ac_afs_states ac_afs_ust,rc_b_securities.csv,934784.0,0.6606,1994Q1,2025Q3,0.2437,91998285975.0
ln_forgovt,base,True,RC-C,stock,thousands_usd,any,RCFD2081,031+041,,,LOANS TO FOREIGN GOVERNMENTS AND OFFICIAL INSTITUTIONS,,,rc_c_loans.csv,685574.0,0.4845,1985Q1,2025Q3,0.9827,2066039054.0
ln_statelocal_oblig,base,True,RC-C,stock,thousands_usd,any,RCFD2107,all,,,OBLIGATIONS (OTHER THAN SECURITIES AND LEASES) OF STATES AND POLITICAL SUBDIVISIONS IN THE U.S.,,,rc_c_loans.csv,1413796.0,0.9991,1985Q1,2025Q3,0.5243,13182675563.0
unearned_income_ln,base,True,RC-C,stock,thousands_usd,any,RCFD2123,all,,,UNEARNED INCOME ON LOANS,,,rc_c_loans.csv,1414964.0,0.9999,1985Q1,2025Q3,0.5498,903634534.0
lease_fin_recv_net,base,True,RC-C,stock,thousands_usd,any,RCON2165,all,,,LEASE FINANCING RECEIVABLES (NET OF UNEARNED INCOME),,,rc_c_loans.csv,1413821.0,0.9991,1985Q1,2025Q3,0.8223,15243452660.0
ln_oth_consol,base,False,RC-C,stock,thousands_usd,any,RCFD1563,031+041,,2024-09-30,OTHER LOANS,,,rc_c_loans.csv,,,,,,
ln_oth_dom,base,False,RC-C,stock,thousands_usd,any,RCONJ464,all,2010-03-31,,OTHER LOANS,,,rc_c_loans.csv,,,,,,
ln_nondep_fin_inst,base,True,RC-C,stock,thousands_usd,any,RCFDJ454,all,2010-03-31,,LOANS TO NONDEPOSITORY FINANCIAL INSTITUTIONS AND OTHER LOANS: LOANS TO NONDEPOSITORY FINANCIAL INSTITUTIONS,,,rc_c_loans.csv,366173.0,0.2588,2010Q1,2025Q3,0.9052,27906282425.0
ln_finance_cre_constr,base,True,RC-C,stock,thousands_usd,any,RCFD2746,all,1991-03-31,,LOANS TO FINANCE COMMERCIAL REAL ESTATE; CONSTRUCTION; AND LAND DEVELOPMENT ACTIVITIES INCLUDED IN ITEMS 1766; 1563 FOR (FR Y-9C); IN ITEMS 1766; 1563 FOR (FFIEC 031); IN ITEMS 1766; 1564 FOR (FFIEC 032 AND 033); AND IN ITEMS 1766; 2080 FOR (FFIEC 034),,,rc_c_loans.csv,1080123.0,0.7633,1991Q1,2025Q3,0.829,11099702786.0
ln_famres_first_adjrate,base,True,RC-C,stock,thousands_usd,any,RCON5370,all,1991-03-31,,ADJUSTABLE RATE CLOSED-END LOANS SECURED BY FIRST LIENS ON 1-4 FAMILY RESIDENTIAL PROPERTIES,,,rc_c_loans.csv,1015787.0,0.7178,1991Q1,2025Q3,0.2593,73044824424.0
ln_famres_in_foreclosure,base,True,RC-C,stock,thousands_usd,any,RCONF577,all,2008-03-31,,LOANS SECURED BY 1-4 FAMILY RESIDENTIAL PROPERTIES IN DOMESTIC OFFICES IN PROCESS OF FORECLOSURE (INCLUDED IN RC-C; PART I; ITEMS 1.C.(1); 1.C.(2)(A); AND 1.C.(2)(B),,,rc_c_loans.csv,426521.0,0.3014,2008Q1,2025Q3,0.7002,2830120961.0
ln_condev_interest_reserve,base,True,RC-C,stock,thousands_usd,any,RCONG376,all,2009-06-30,,CONSTRUCTION; LAND DEVELOPMENT; AND OTHER LAND LOANS IN DOMESTIC OFFICES WITH INTEREST RESERVES: AMOUNT OF LOANS THAT PROVIDE FOR THE USE OF INTEREST RESERVES (INCLUDED IN SCHEDULED RC-C; PART I; ITEM 1.A.; COLUMN B),,,rc_c_loans.csv,95130.0,0.0672,2009Q2,2025Q3,0.8658,1038022427.0
ln_famres_heloc_converted_to_term,base,True,RC-C,stock,thousands_usd,any,RCONLE75,all,2021-03-31,,Revolving; open-end lines of credit secured by 1-4 family residential properties that have converted to non-revolving closed-end status that are included in item 1.c(1) above,,,rc_c_loans.csv,54453.0,0.0385,2021Q1,2025Q3,0.8294,716025236.0
credit_card_fees_finance_charges_outstanding,base,True,RC-C,stock,thousands_usd,any,RCFDC391,031+041,2003-03-31,,OUTSTANDING CREDIT CARD FEES & FINANCE CHARGES,,,rc_c_loans.csv,459199.0,0.3245,2003Q1,2025Q3,0.9918,1658922180.0
ln_closedend_negative_amortization,base,True,RC-C,stock,thousands_usd,any,RCONF230,all,2007-03-31,,TOTAL CARRYING AMOUNT OF CLOSED-END LOANS WITH NEGATIVE AMORTIZATION FEATURES SECURE BY 1-4 FAMILY RESIDENTIAL PROPERTIES,,,rc_c_loans.csv,384283.0,0.2716,2007Q1,2025Q3,0.9905,2935826867.0
n_ln_nfnres_lte100k,base,True,RC-C,count,,any,RCON5564,all,1993-06-30,,NUMBER OF LOANS SECURED BY NONFARM NONRESIDENTIAL PROPERTIES (IN DOMESTIC OFFICES) WITH ORIGINAL AMOUNTS OF $100;000 OR LESS,,,rc_c_loans.csv,422603.0,0.2986,1993Q2,2025Q3,0.1514,24548524.0
amt_ln_nfnres_lte100k,base,True,RC-C,stock,thousands_usd,any,RCON5565,all,1993-06-30,,AMOUNT CURRENTLY OUTSTANDING OF LOANS SECURED BY NONFARM NONRESIDENTIAL PROPERTIES (IN DOMESTIC OFFICES) WITH ORIGINAL AMOUNTS OF $100;000 OR LESS,,,rc_c_loans.csv,422602.0,0.2986,1993Q2,2025Q3,0.1519,997407812.0
n_ln_nfnres_100k_250k,base,True,RC-C,count,,any,RCON5566,all,1993-06-30,,NUMBER OF LOANS SECURED BY NONFARM NONRESIDENTIAL PROPERTIES (IN DOMESTIC OFFICES) WITH ORIGINAL AMOUNTS OF MORE THAN $100;000 THROUGH $250;000,,,rc_c_loans.csv,422588.0,0.2986,1993Q2,2025Q3,0.1395,27187919.0
amt_ln_nfnres_100k_250k,base,True,RC-C,stock,thousands_usd,any,RCON5567,all,1993-06-30,,AMOUNT CURRENTLY OUTSTANDING OF LOANS SECURED BY NONFARM NONRESIDENTIAL PROPERTIES (IN DOMESTIC OFFICES) WITH ORIGINAL AMOUNTS OF MORE THAN $100;000 THROUGH $250;000,,,rc_c_loans.csv,422592.0,0.2986,1993Q2,2025Q3,0.1397,3353867344.0
n_ln_nfnres_250k_1m,base,True,RC-C,count,,any,RCON5568,all,1993-06-30,,NUMBER OF LOANS SECURED BY NONFARM NONRESIDENTIAL PROPERTIES (IN DOMESTIC OFFICES) WITH ORIGINAL AMOUNTS OF MORE THAN $250;000 THROUGH $1;000;000,,,rc_c_loans.csv,422576.0,0.2986,1993Q2,2025Q3,0.1491,39493451.0
amt_ln_nfnres_250k_1m,base,True,RC-C,stock,thousands_usd,any,RCON5569,all,1993-06-30,,AMOUNT CURRENTLY OUTSTANDING OF LOANS SECURED BY NONFARM NONRESIDENTIAL PROPERTIES (IN DOMESTIC OFFICES) WITH ORIGINAL AMOUNTS OF MORE THAN $250;000 THROUGH $1;000;000,,,rc_c_loans.csv,422578.0,0.2986,1993Q2,2025Q3,0.1491,15641969717.0
n_ln_ci_lte100k,base,True,RC-C,count,,any,RCON5570,all,1993-06-30,,NUMBER OF COMMERCIAL AND INDUSTRIAL LOANS TO U.S. ADDRESSEES (IN DOMESTIC OFFICES) WITH ORIGINAL AMOUNTS OF $100;000 OR LESS,,,rc_c_loans.csv,422590.0,0.2986,1993Q2,2025Q3,0.1371,1334088407.0
amt_ln_ci_lte100k,base,True,RC-C,stock,thousands_usd,any,RCON5571,all,1993-06-30,,AMOUNT CURRENTLY OUTSTANDING OF COMMERCIAL AND INDUSTRIAL LOANS TO U.S. ADDRESSEES (IN DOMESTIC OFFICES) WITH ORIGINAL AMOUNTS OF $100;000 OR LESS,,,rc_c_loans.csv,422602.0,0.2986,1993Q2,2025Q3,0.1377,10185238296.0
n_ln_ci_100k_250k,base,True,RC-C,count,,any,RCON5572,all,1993-06-30,,NUMBER OF COMMERCIAL AND INDUSTRIAL LOANS TO U.S. ADDRESSEES (IN DOMESTIC OFFICES) WITH ORIGINAL AMOUNTS OF MORE THAN $100;000 THROUGH $250;000,,,rc_c_loans.csv,422596.0,0.2986,1993Q2,2025Q3,0.1527,47084284.0
amt_ln_ci_100k_250k,base,True,RC-C,stock,thousands_usd,any,RCON5573,all,1993-06-30,,AMOUNT CURRENTLY OUTSTANDING OF COMMERCIAL AND INDUSTRIAL LOANS TO U.S. ADDRESSEES (IN DOMESTIC OFFICES) WITH ORIGINAL AMOUNTS OF MORE THAN $100;000 THROUGH $250;000,,,rc_c_loans.csv,422601.0,0.2986,1993Q2,2025Q3,0.1532,4428403052.0
n_ln_ci_250k_1m,base,True,RC-C,count,,any,RCON5574,all,1993-06-30,,NUMBER OF COMMERCIAL AND INDUSTRIAL LOANS TO U.S. ADDRESSEES (IN DOMESTIC OFFICES) WITH ORIGINAL AMOUNTS OF MORE THAN $250;000 THROUGH $1;000;000,,,rc_c_loans.csv,422597.0,0.2986,1993Q2,2025Q3,0.178,34594366.0
amt_ln_ci_250k_1m,base,True,RC-C,stock,thousands_usd,any,RCON5575,all,1993-06-30,,AMOUNT CURRENTLY OUTSTANDING OF COMMERCIAL AND INDUSTRIAL LOANS TO U.S. ADDRESSEES (IN DOMESTIC OFFICES) WITH ORIGINAL AMOUNTS OF MORE THAN $250;000 THROUGH $1;000;000,,,rc_c_loans.csv,422603.0,0.2986,1993Q2,2025Q3,0.1785,9788824080.0
n_ln_farmland_lte100k,base,True,RC-C,count,,any,RCON5578,all,1993-06-30,,NUMBER OF LOANS SECURED BY FARMLAND (INCLUDING FARM RESIDENTIAL AND OTHER IMPROVEMENTS) (IN DOMESTIC OFFICES) WITH ORIGINAL AMOUNTS OF $100;000 OR LESS,,,rc_c_loans.csv,372401.0,0.2632,1993Q2,2025Q3,0.3402,9586153.0
amt_ln_farmland_lte100k,base,True,RC-C,stock,thousands_usd,any,RCON5579,all,1993-06-30,,AMOUNT CURRENTLY OUTSTANDING OF LOANS SECURED BY FARMLAND (INCLUDING FARM RESIDENTIAL AND OTHER IMPROVEMENTS) (IN DOMESTIC OFFICES) WITH ORIGINAL AMOUNTS OF $100;000 OR LESS,,,rc_c_loans.csv,372377.0,0.2632,1993Q2,2025Q3,0.3406,361268489.0
n_ln_farmland_100k_250k,base,True,RC-C,count,,any,RCON5580,all,1993-06-30,,NUMBER OF LOANS SECURED BY FARMLAND (INCLUDING FARM RESIDENTIAL AND OTHER IMPROVEMENTS) (IN DOMESTIC OFFICES) WITH ORIGINAL AMOUNTS OF MORE THAN $100;000 THROUGH $250;000,,,rc_c_loans.csv,372388.0,0.2632,1993Q2,2025Q3,0.3189,6905453.0
amt_ln_farmland_100k_250k,base,True,RC-C,stock,thousands_usd,any,RCON5581,all,1993-06-30,,AMOUNT CURRENTLY OUTSTANDING OF LOANS SECURED BY FARMLAND (INCLUDING FARM RESIDENTIAL AND OTHER IMPROVEMENTS) (IN DOMESTIC OFFICES) WITH ORIGINAL AMOUNTS OF MORE THAN $100;000 THROUGH $250;000,,,rc_c_loans.csv,372366.0,0.2631,1993Q2,2025Q3,0.3191,845846471.0
n_ln_farmland_250k_500k,base,True,RC-C,count,,any,RCON5582,all,1993-06-30,,NUMBER OF LOANS SECURED BY FARMLAND (INCLUDING FARM RESIDENTIAL AND OTHER IMPROVEMENTS) (IN DOMESTIC OFFICES) WITH ORIGINAL AMOUNTS OF MORE THAN $250;000 THROUGH $500;000,,,rc_c_loans.csv,372371.0,0.2632,1993Q2,2025Q3,0.3726,3821322.0
amt_ln_farmland_250k_500k,base,True,RC-C,stock,thousands_usd,any,RCON5583,all,1993-06-30,,AMOUNT CURRENTLY OUTSTANDING OF LOANS SECURED BY FARMLAND (INCLUDING FARM RESIDENTIAL AND OTHER IMPROVEMENTS) (IN DOMESTIC OFFICES) WITH ORIGINAL AMOUNTS OF MORE THAN $250;000 THROUGH $500;000,,,rc_c_loans.csv,372350.0,0.2631,1993Q2,2025Q3,0.3728,1029635185.0
n_ln_agprod_lte100k,base,True,RC-C,count,,any,RCON5584,all,1993-06-30,,NUMBER OF LOANS TO FINANCE AGRICULTURAL PRODUCTION AND OTHER LOANS TO FARMERS (IN DOMESTIC OFFICES) WITH ORIGINAL AMOUNTS OF $100;000 OR LESS,,,rc_c_loans.csv,372343.0,0.2631,1993Q2,2025Q3,0.3747,40067300.0
amt_ln_agprod_lte100k,base,True,RC-C,stock,thousands_usd,any,RCON5585,all,1993-06-30,,AMOUNT CURRENTLY OUTSTANDING OF LOANS TO FINANCE AGRICULTURAL PRODUCTION AND OTHER LOANS TO FARMERS (IN DOMESTIC OFFICES) WITH ORIGINAL AMOUNTS OF $100;000 OR LESS,,,rc_c_loans.csv,372317.0,0.2631,1993Q2,2025Q3,0.3753,741924544.0
n_ln_agprod_100k_250k,base,True,RC-C,count,,any,RCON5586,all,1993-06-30,,NUMBER OF LOANS TO FINANCE AGRICULTURAL PRODUCTION AND OTHER LOANS TO FARMERS (IN DOMESTIC OFFICES) WITH ORIGINAL AMOUNTS OF MORE THAN $100;000 THROUGH $250;000,,,rc_c_loans.csv,372320.0,0.2631,1993Q2,2025Q3,0.4548,8391224.0
amt_ln_agprod_100k_250k,base,True,RC-C,stock,thousands_usd,any,RCON5587,all,1993-06-30,,AMOUNT CURRENTLY OUTSTANDING OF LOANS TO FINANCE AGRICULTURAL PRODUCTION AND OTHER LOANS TO FARMERS (IN DOMESTIC OFFICES) WITH ORIGINAL AMOUNTS OF MORE THAN $100;000 THROUGH $250;000,,,rc_c_loans.csv,372298.0,0.2631,1993Q2,2025Q3,0.4556,645122378.0
n_ln_agprod_250k_500k,base,True,RC-C,count,,any,RCON5588,all,1993-06-30,,NUMBER OF LOANS TO FINANCE AGRICULTURAL PRODUCTION AND OTHER LOANS TO FARMERS (IN DOMESTIC OFFICES) WITH ORIGINAL AMOUNTS OF MORE THAN $250;000 THROUGH $500;000,,,rc_c_loans.csv,372305.0,0.2631,1993Q2,2025Q3,0.5372,2990700.0
amt_ln_agprod_250k_500k,base,True,RC-C,stock,thousands_usd,any,RCON5589,all,1993-06-30,,AMOUNT CURRENTLY OUTSTANDING OF LOANS TO FINANCE AGRICULTURAL PRODUCTION AND OTHER LOANS TO FARMERS (IN DOMESTIC OFFICES) WITH ORIGINAL AMOUNTS OF MORE THAN $250;000 THROUGH $500;000,,,rc_c_loans.csv,372279.0,0.2631,1993Q2,2025Q3,0.5381,653032022.0
upb_ln_ci_fv,base,True,RC-C,stock,thousands_usd,any,RCFDF597,031+041,2008-03-31,,UNPAID PRINCIPAL BALANCE OF COMMERICIAL AND INDUSTRIAL LOANS MEASURED AT FAIR VALUE:,,,rc_c_loans.csv,59776.0,0.0422,2008Q1,2025Q3,0.9577,988014340.0
upb_ln_oth_fv,base,True,RC-C,stock,thousands_usd,any,RCFDF601,031+041,2008-03-31,,UNPAID PRINCIPAL BALANCE OF OTHER LOANS,,,rc_c_loans.csv,59791.0,0.0423,2008Q1,2025Q3,0.9771,987133975.0
ln_pledged,base,True,RC-C,stock,thousands_usd,any,RCFDG378,all,2009-06-30,,PLEDGED LOANS AND LEASES,,,rc_c_loans.csv,388357.0,0.2744,2009Q2,2025Q3,0.3297,264909143106.0
amt_ln_smallbiz_ci,derived,True,RC-C,stock,thousands_usd,any,,,,,Amount outstanding of small commercial and industrial loans (all size buckets),amt_ln_ci_lte100k + amt_ln_ci_100k_250k + amt_ln_ci_250k_1m,amt_ln_ci_100k_250k amt_ln_ci_250k_1m amt_ln_ci_lte100k,rc_c_loans.csv,422592.0,0.2986,1993Q2,2025Q3,0.1298,24402437465.0
amt_ln_smallbiz_nfnres,derived,True,RC-C,stock,thousands_usd,any,,,,,Amount outstanding of small nonfarm nonresidential real estate loans,amt_ln_nfnres_lte100k + amt_ln_nfnres_100k_250k + amt_ln_nfnres_250k_1m,amt_ln_nfnres_100k_250k amt_ln_nfnres_250k_1m amt_ln_nfnres_lte100k,rc_c_loans.csv,422574.0,0.2986,1993Q2,2025Q3,0.1188,19993166735.0
amt_ln_smallbiz_tot,derived,True,RC-C,stock,thousands_usd,any,,,,,Total small business lending: small C&I plus small nonfarm nonresidential CRE,amt_ln_smallbiz_ci + amt_ln_smallbiz_nfnres,amt_ln_smallbiz_ci amt_ln_smallbiz_nfnres,rc_c_loans.csv,422561.0,0.2986,1993Q2,2025Q3,0.111,44395200713.0
amt_ln_smallfarm_tot,derived,True,RC-C,stock,thousands_usd,any,,,,,Total small farm lending: farmland plus agricultural production,amt_ln_farmland_lte100k + amt_ln_farmland_100k_250k + amt_ln_farmland_250k_500k + amt_ln_agprod_lte100k + amt_ln_agprod_100k_250k + amt_ln_agprod_250k_500k,amt_ln_agprod_100k_250k amt_ln_agprod_250k_500k amt_ln_agprod_lte100k amt_ln_farmland_100k_250k amt_ln_farmland_250k_500k amt_ln_farmland_lte100k,rc_c_loans.csv,372240.0,0.2631,1993Q2,2025Q3,0.2351,4276603903.0
ln_oth,derived,True,RC-C,stock,thousands_usd,any,,,,,"Other loans: loans for purchasing or carrying securities plus all other loans not classified elsewhere in Schedule RC-C. Time-consistent total across the 2010Q1 redefinition -- the consolidated RCFD1563 where reported, otherwise RCONJ464, which from 2010Q1 is the domestic-office total on every form. The two overlap on only 28,490 bank-quarters (031 filers 2010-2024) and the consolidated figure is preferred there. Subcomponents (1545, 1564, J451) are not published separately. Coverage is 100% from 2001; before that only 031 filers report the line, reaching 19% in 1985-89.",ln_oth_consol.fillna(ln_oth_dom),ln_oth_consol ln_oth_dom,rc_c_loans.csv,859244.0,0.6072,1985Q1,2025Q3,0.2445,57449574689.0
trad_ust,base,True,RC-D,stock,thousands_usd,any,RCFD3531,031+041,,,TRADING ASSETS - U.S. TREASURY SECURITIES,,,rc_d_trading.csv,545744.0,0.3857,1994Q1,2025Q3,0.9924,5724011181.0
trad_usagency,base,True,RC-D,stock,thousands_usd,any,RCFD3532,031+041,,,TRADING ASSETS - U.S. GOVERNMENT AGENCY AND CORPORATION OBLIGATIONS,,,rc_d_trading.csv,545685.0,0.3856,1994Q1,2025Q3,0.9935,599681212.0
trad_states,base,True,RC-D,stock,thousands_usd,any,RCFD3533,031+041,,,TRADING ASSETS - SECURITIES ISSUED BY STATES AND POLITICAL SUBDIVISIONS IN THE U.S.,,,rc_d_trading.csv,545667.0,0.3856,1994Q1,2025Q3,0.9913,873797597.0
trad_oth_dom_off,base,True,RC-D,stock,thousands_usd,any,RCFD3541,031+041,,,OTHER TRADING ASSETS (IN DOMESTIC OFFICES),,,rc_d_trading.csv,545612.0,0.3856,1994Q1,2025Q3,0.99,13577366444.0
trad_revaluation_gains,base,True,RC-D,stock,thousands_usd,any,RCFD3543,031+041,,,REVALUATION GAINS ON INTEREST RATE; FOREIGN EXCHANGE RATE; AND OTHER COMMODITY AND EQUITY CONTRACTS,,,rc_d_trading.csv,545688.0,0.3856,1994Q1,2025Q3,0.978,21500951814.0
trad_revaluation_losses,base,True,RC-D,stock,thousands_usd,any,RCFD3547,031+041,,,REVALUATION LOSSES ON INTEREST RATE; FOREIGN EXCHANGE RATE; AND OTHER COMMODITY AND EQUITY CONTRACTS,,,rc_d_trading.csv,545698.0,0.3856,1994Q1,2025Q3,0.9783,20251209639.0
trad_liab_short_positions,base,True,RC-D,stock,thousands_usd,any,RCFD3546,031+041,,,LIABILITY FOR SHORT POSITIONS,,,rc_d_trading.csv,545768.0,0.3857,1994Q1,2025Q3,0.9942,11635486712.0
trad_ln_ci,base,True,RC-D,stock,thousands_usd,any,RCFDF614,031+041,2008-03-31,,TRADING ASSETS - COMMERCIAL AND INDUSTRIAL LOANS,,,rc_d_trading.csv,12876.0,0.0091,2008Q1,2025Q3,0.9352,1628059396.0
trad_ln_oth,base,True,RC-D,stock,thousands_usd,any,RCFDF618,031+041,2008-03-31,,TRADING ASSETS - OTHER LOANS,,,rc_d_trading.csv,12876.0,0.0091,2008Q1,2025Q3,0.9648,808417762.0
trad_liab_oth,base,True,RC-D,stock,thousands_usd,any,RCFDF624,031+041,2008-03-31,,OTHER TRADING LIABILITIES,,,rc_d_trading.csv,12865.0,0.0091,2008Q1,2025Q3,0.9448,190706683.0
trad_ln_re_0818,base,True,RC-D,stock,thousands_usd,any,RCFDF610,031,2008-03-31,2018-03-31,TRADING ASSETS - LOANS SECURED BY REAL ESTATE,,,rc_d_trading.csv,3921.0,0.0028,2008Q1,2018Q1,0.9531,864555235.0
trad_ln_indiv_a_0818,base,True,RC-D,stock,thousands_usd,any,RCFDF615,031,2008-03-31,2018-03-31,TRADING ASSETS - LOANS TO INDIVIDUALS FOR HOUSEHOLD; FAMILY; AND OTHER PERSONAL EXPENDITURES - CREDIT CARD,,,rc_d_trading.csv,7355.0,0.0052,2008Q1,2018Q1,1.0,0.0
trad_ln_indiv_b_0818,base,True,RC-D,stock,thousands_usd,any,RCFDF616,031,2008-03-31,2018-03-31,TRADING ASSETS - LOANS TO INDIVIDUALS FOR HOUSEHOLD; FAMILY; AND OTHER PERSONAL EXPENDITURES - OTHER REVOLVING CREDIT PLANS,,,rc_d_trading.csv,7355.0,0.0052,2008Q1,2018Q1,1.0,0.0
trad_upb_ln_0818,base,True,RC-D,stock,thousands_usd,any,RCFDF632,031+041,2008-03-31,,UNPAID PRINCIPAL BALANCES OF LOANS MEASURED AT FAIR VALUE - COMMERCIAL AND INDUSTRIAL LOANS,,,rc_d_trading.csv,12876.0,0.0091,2008Q1,2025Q3,0.9345,2173521932.0
trad_upb_ln_oth,base,True,RC-D,stock,thousands_usd,any,RCFDF636,031+041,2008-03-31,,UNPAID PRINCIPAL BALANCES OF LOANS MEASURED AT FAIR VALUE - OTHER LOANS,,,rc_d_trading.csv,12877.0,0.0091,2008Q1,2025Q3,0.9644,850297312.0
trad_abs_0810,base,True,RC-D,stock,thousands_usd,any,RCFDF643,031,2008-03-31,2010-12-31,TRADING ASSETS: ASSET-BACKED SECURITIES: CREDIT CARD RECEIVABLES,,,rc_d_trading.csv,1871.0,0.0013,2008Q1,2025Q3,0.9407,25558241.0
trad_revaluation_net,derived,True,RC-D,stock,thousands_usd,any,,,,,Net revaluation gains less losses on trading positions,trad_revaluation_gains - trad_revaluation_losses,trad_revaluation_gains trad_revaluation_losses,rc_d_trading.csv,545729.0,0.3857,1994Q1,2025Q3,0.981,1249728017.0
dep_tot_dom,base,True,RC-E,stock,thousands_usd,any,RCON2200,all,,,TOTAL DEPOSITS,,,rc_e_deposits.csv,1414993.0,1.0,1985Q1,2025Q3,0.0042,1163062586917.0
dep_usgovt_trans,base,True,RC-E,stock,thousands_usd,any,RCON2202,all,,,TOTAL TRANSACTION ACCOUNTS - DEPOSITS OF U.S. GOVERNMENT,,,rc_e_deposits.csv,1408358.0,0.9953,1985Q1,2025Q3,0.4278,506680118.0
dep_statelocal_trans,base,True,RC-E,stock,thousands_usd,any,RCON2203,all,,,TOTAL TRANSACTION ACCOUNTS - DEPOSITS OF STATES AND POLITICAL SUBDIVISIONS IN THE U.S.,,,rc_e_deposits.csv,1408358.0,0.9953,1985Q1,2025Q3,0.162,17947632946.0
demand_dep_tot,base,True,RC-E,stock,thousands_usd,any,RCON2210,all,,,TOTAL DEMAND DEPOSITS (SEE NOTE BELOW),,,rc_e_deposits.csv,1414993.0,1.0,1985Q1,2025Q3,0.0151,219796305238.0
dep_forgovt_trans,base,True,RC-E,stock,thousands_usd,any,RCON2216,all,,,TOTAL TRANSACTION ACCOUNTS - DEPOSITS OF FOREIGN GOVERNMENTS AND OFFICIAL INSTITUTIONS,,,rc_e_deposits.csv,859587.0,0.6075,1985Q1,2025Q3,0.9908,1548898081.0
dep_forgovt_nontrans,base,True,RC-E,stock,thousands_usd,any,RCON2377,all,,,TOTAL NONTRANSACTION ACCOUNTS - DEPOSITS OF FOREIGN GOVERNMENTS AND OFFICIAL INSTITUTIONS,,,rc_e_deposits.csv,859587.0,0.6075,1985Q1,2025Q3,0.9939,1082387656.0
dep_usgovt_nontrans,base,True,RC-E,stock,thousands_usd,any,RCON2520,all,,,TOTAL NONTRANSACTION ACCOUNTS OF UNITED STATES GOVERNMENT,,,rc_e_deposits.csv,1408356.0,0.9953,1985Q1,2025Q3,0.9467,479856937.0
dep_statelocal_nontrans,base,True,RC-E,stock,thousands_usd,any,RCON2530,all,,,TOTAL NONTRANSACTION ACCOUNTS OF STATES AND POLITICAL SUBDIVISIONS IN THE U.S.,,,rc_e_deposits.csv,1408358.0,0.9953,1985Q1,2025Q3,0.1152,35056524007.0
preferred_dep,base,True,RC-E,stock,thousands_usd,any,RCON5590,all,1993-03-31,2024-12-31,PREFERRED DEPOSITS,,,rc_e_deposits.csv,401793.0,0.2839,1993Q1,2025Q3,0.2997,10311936065.0
time_dep_lt100k_mat_lte1yr_9716,base,True,RC-E,stock,thousands_usd,any,RCONA241,031+041,1996-03-31,2016-12-31,FIXED RATE AND FLOATING RATE TIME DEPOSITS OF LESS THAN $100;000 WITH A REMAINING MATURITY OF ONE YEAR OR LESS,,,rc_e_deposits.csv,622064.0,0.4396,1996Q1,2016Q4,0.018,47531757115.0
brokered_dep_lt100k_mat_lte1yr_9716,base,True,RC-E,stock,thousands_usd,any,RCONA243,031+041,1996-03-31,2016-12-31,BROKERED DEPOSITS ISSUED IN DENOMINATIONS OF LESS THAN $100;000 WITH A REMAINING MATURITY OF ONE YEAR OR LESS,,,rc_e_deposits.csv,670159.0,0.4736,1996Q1,2016Q4,0.8008,11617217678.0
brokered_dep_gte100k_mat_lte1yr_9610,base,True,RC-E,stock,thousands_usd,any,RCONA244,031+041,1996-03-31,2010-12-31,BROKERED DEPOSITS ISSUED IN DENOMINATIONS OF $100;000 OR MORE WITH A REMAINING MATURITY OF ONE YEAR OR LESS,,,rc_e_deposits.csv,509259.0,0.3599,1996Q1,2010Q4,0.85,7005341410.0
brokered_dep_lte250k_mat_lte1yr,base,True,RC-E,stock,thousands_usd,any,RCONHK06,all,2017-03-31,,SELECTED COMPONENTS OF TOTAL DEPOSITS; BROKERED DEPOSITS OF 250000 OR LESS WITH A REMAINING MATURITY OF ONE YEAR OR LESS,,,rc_e_deposits.csv,176784.0,0.1249,2017Q1,2025Q3,0.6748,24822185228.0
time_dep_lte250k_mat_lte1yr,base,True,RC-E,stock,thousands_usd,any,RCONHK11,all,2017-03-31,,TIME DEPOSITS OF 250000 OR LESS WITH A REMAINING MATURITY OF ONE YEAR OR LESS,,,rc_e_deposits.csv,176784.0,0.1249,2017Q1,2025Q3,0.0221,34122477604.0
reciprocal_dep_jun2018,base,True,RC-E,stock,thousands_usd,any,RCONJH84,all,2018-09-30,2018-09-30,Total reciprocal deposits as of June 30; 2018,,,rc_e_deposits.csv,5527.0,0.0039,2018Q3,2018Q3,0.7711,49600579.0
brokered_dep_100k_250k_mat_lte1yr_1116,base,True,RC-E,stock,thousands_usd,any,RCONK219,031+041,2011-03-31,2016-12-31,BROKERED DEPOSITS OF $100;000 THROUGH $250;000 WITH A REMAINING MATURITY OF ONE YEAR OR LESS,,,rc_e_deposits.csv,160899.0,0.1137,2011Q1,2016Q4,0.7279,4541153549.0
brokered_dep_gt250k_mat_lte1yr,base,True,RC-E,stock,thousands_usd,any,RCONK220,all,2011-03-31,,BROKERED DEPOSITS OF MORE THAN $250;000 WITH A REMAINING MATURITY OF ONE YEAR OR LESS,,,rc_e_deposits.csv,337683.0,0.2386,2011Q1,2025Q3,0.9259,8284787577.0
time_dep_100k_250k_mat_lte1yr_1116,base,True,RC-E,stock,thousands_usd,any,RCONK221,031+041,2011-03-31,2016-12-31,TIME DEPOSITS OF $100;000 THROUGH $250;000 WITH A REMAINING MATURITY OF ONE OR YEAR LESS,,,rc_e_deposits.csv,160899.0,0.1137,2011Q1,2016Q4,0.0259,6062451454.0
time_dep_gt250k_mat_lte1yr,base,True,RC-E,stock,thousands_usd,any,RCONK222,all,2011-03-31,,TIME DEPOSITS OF MORE THAN $250;000 WITH A REMAINING MATURITY OF ONE OR YEAR LESS,,,rc_e_deposits.csv,337683.0,0.2386,2011Q1,2025Q3,0.0804,27452789468.0
sweep_dep_affiliate_insured,base,True,RC-E,stock,thousands_usd,any,RCONMT87,all,2021-09-30,,Sweep deposits: Fully insured; affiliate sweep deposits,,,rc_e_deposits.csv,48110.0,0.034,2021Q3,2025Q3,0.9664,10181385917.0
sweep_dep_affiliate_uninsured,base,True,RC-E,stock,thousands_usd,any,RCONMT89,all,2021-09-30,,Sweep deposits: Not fully insured; affiliate sweep deposits,,,rc_e_deposits.csv,48110.0,0.034,2021Q3,2025Q3,0.9784,5762088027.0
sweep_dep_nonaffiliate_insured,base,True,RC-E,stock,thousands_usd,any,RCONMT91,all,2021-09-30,,Sweep deposits: Fully insured; non-affiliate sweep deposits,,,rc_e_deposits.csv,48118.0,0.034,2021Q3,2025Q3,0.7275,10399074136.0
sweep_dep_nonaffiliate_uninsured,base,True,RC-E,stock,thousands_usd,any,RCONMT93,all,2021-09-30,,Sweep deposits: Not fully insured; non-affiliate sweep deposits,,,rc_e_deposits.csv,48108.0,0.034,2021Q3,2025Q3,0.9805,353401357.0
sweep_dep_not_brokered_tot,base,True,RC-E,stock,thousands_usd,any,RCONMT95,all,2021-09-30,,Total sweep deposits that are not brokered deposits,,,rc_e_deposits.csv,48116.0,0.034,2021Q3,2025Q3,0.7436,21498967590.0
offers_consumer_dep_products,base,True,RC-E,flag,,any,RCONP752,all,2014-03-31,,DOES YOUR INSTITUTION OFFER ONE OR MORE CONSUMER DEPOSIT ACCOUNT I.E. TRANSACTION ACCOUNT OR NONTRANSACTION SAVINGS ACCOUNT DEPOSIT PRODUCTS INTENDED PRIMARILY FOR INDIVIDUALS FOR PERSONAL; HOUSEHOLD; OR FAMILY USE?,,,rc_e_deposits.csv,207058.0,0.1463,2014Q1,2025Q3,0.2727,150586.0
sweep_dep_insured,derived,True,RC-E,stock,thousands_usd,any,,,,,Fully insured sweep deposits; affiliate and non-affiliate (2021Q3 onward),sweep_dep_affiliate_insured + sweep_dep_nonaffiliate_insured,sweep_dep_affiliate_insured sweep_dep_nonaffiliate_insured,rc_e_deposits.csv,48109.0,0.034,2021Q3,2025Q3,0.7128,20580249343.0
sweep_dep_uninsured,derived,True,RC-E,stock,thousands_usd,any,,,,,Not-fully-insured sweep deposits; affiliate and non-affiliate (2021Q3 onward),sweep_dep_affiliate_uninsured + sweep_dep_nonaffiliate_uninsured,sweep_dep_affiliate_uninsured sweep_dep_nonaffiliate_uninsured,rc_e_deposits.csv,48108.0,0.034,2021Q3,2025Q3,0.9643,6115473301.0
sweep_dep_tot,derived,True,RC-E,stock,thousands_usd,any,,,,,All sweep deposits reported in Schedule RC-E memoranda (2021Q3 onward),sweep_dep_insured + sweep_dep_uninsured,sweep_dep_insured sweep_dep_uninsured,rc_e_deposits.csv,48108.0,0.034,2021Q3,2025Q3,0.7088,26695707681.0
brokered_dep_mat_lte1yr,derived,True,RC-E,stock,thousands_usd,any,,,,,Brokered deposits maturing within one year; see docs/schedules/RC-E.md on the 2011 and 2017 threshold changes,(brokered_dep_lte250k_mat_lte1yr.fillna(brokered_dep_lt100k_mat_lte1yr_9716.fillna(0) + brokered_dep_100k_250k_mat_lte1yr_1116.fillna(0)) + brokered_dep_gte100k_mat_lte1yr_9610.fillna(0) + brokered_dep_gt250k_mat_lte1yr.fillna(0)).where(brokered_dep_lte250k_mat_lte1yr.notna() | brokered_dep_lt100k_mat_lte1yr_9716.notna() | brokered_dep_100k_250k_mat_lte1yr_1116.notna() | brokered_dep_gte100k_mat_lte1yr_9610.notna() | brokered_dep_gt250k_mat_lte1yr.notna()),brokered_dep_100k_250k_mat_lte1yr_1116 brokered_dep_gt250k_mat_lte1yr brokered_dep_gte100k_mat_lte1yr_9610 brokered_dep_lt100k_mat_lte1yr_9716 brokered_dep_lte250k_mat_lte1yr,rc_e_deposits.csv,846943.0,0.5985,1996Q1,2025Q3,0.724,56270685442.0
qavg_ffsold_resell,base,True,RC-K,stock,thousands_usd,any,RCFD3365,all,,,QUARTERLY AVERAGE OF FEDERAL FUNDS SOLD AND SECURITIES PURCHASED UNDER AGREEMENTS TO RESELL,,,rc_k_quarterly_avg.csv,1413822.0,0.9991,1985Q1,2025Q3,0.1661,59473452867.0
qavg_ffpurch_repo,base,True,RC-K,stock,thousands_usd,any,RCFD3353,all,,,QUARTERLY AVERAGE OF FEDERAL FUNDS PURCHASED AND SECURITIES SOLD UNDER AGREEMENTS TO REPURCHASE,,,rc_k_quarterly_avg.csv,1414991.0,1.0,1985Q1,2025Q3,0.5411,69681911855.0
qavg_othbor,base,True,RC-K,stock,thousands_usd,any,RCFD3355,all,,,QUARTERLY AVERAGE OF OTHER BORROWED MONEY,,,rc_k_quarterly_avg.csv,628127.0,0.4439,1985Q1,2025Q3,0.3406,106368581511.0
qavg_ibb,base,True,RC-K,stock,thousands_usd,any,RCFD3381,all,,,QUARTERLY AVERAGE OF INTEREST-BEARING BALANCES DUE FROM DEPOSITORY INSTITUTIONS,,,rc_k_quarterly_avg.csv,1413816.0,0.9991,1985Q1,2025Q3,0.2654,132249770062.0
qavg_trading_assets,base,True,RC-K,stock,thousands_usd,any,RCFD3401,all,,,QUARTERLY AVERAGE OF ASSETS HELD IN TRADING ACCOUNTS,,,rc_k_quarterly_avg.csv,510667.0,0.3609,1985Q1,2025Q3,0.9328,75062818410.0
qavg_sec_ust_agency,base,True,RC-K,stock,thousands_usd,any,RCFDB558,all,2001-03-31,,U.S. TREASURY SECURITIES AND U.S. GOVERNMENT AGENCY OBLIGATIONS (EXCLUDING MORTGAGE-BACKED SECURITIES),,,rc_k_quarterly_avg.csv,656045.0,0.4636,2001Q1,2025Q3,0.1321,65315204194.0
qavg_sec_mbs,base,True,RC-K,stock,thousands_usd,any,RCFDB559,all,2001-03-31,,MORTGAGE-BACKED SECURITIES,,,rc_k_quarterly_avg.csv,656045.0,0.4636,2001Q1,2025Q3,0.1994,175854471724.0
qavg_sec_oth,base,True,RC-K,stock,thousands_usd,any,RCFDB560,all,2001-03-31,,ALL OTHER SECURITIES,,,rc_k_quarterly_avg.csv,656045.0,0.4636,2001Q1,2025Q3,0.141,70471034033.0
qavg_ln_indiv_cc,base,True,RC-K,stock,thousands_usd,any,RCONB561,all,2001-03-31,,LOANS TO INDIVIDUALS FOR HOUSEHOLD; FAMILY; AND OTHER PERSONAL EXPENDITURES: CREDIT CARDS,,,rc_k_quarterly_avg.csv,651214.0,0.4602,2001Q1,2025Q3,0.7879,58591122863.0
qavg_ln_indiv_oth,base,True,RC-K,stock,thousands_usd,any,RCONB562,all,2001-03-31,,LOANS TO INDIVIDUALS FOR HOUSEHOLD; FAMILY; AND OTHER PERSONAL EXPENDITURES: OTHER,,,rc_k_quarterly_avg.csv,651214.0,0.4602,2001Q1,2025Q3,0.0305,65806048126.0
qavg_sec_tot,derived,True,RC-K,stock,thousands_usd,any,,,,,Quarterly average of securities across the three reported categories (2001Q1 onward),qavg_sec_ust_agency + qavg_sec_mbs + qavg_sec_oth,qavg_sec_mbs qavg_sec_oth qavg_sec_ust_agency,rc_k_quarterly_avg.csv,656045.0,0.4636,2001Q1,2025Q3,0.0246,311640709951.0
pd30_tot_1406,base,True,RC-N,stock,thousands_usd,any,RCFD1406,all,2001-03-31,,TOTAL LOANS AND LEASE FINANCING RECEIVABLES: PAST DUE 30-89 DAYS AND STILL ACCRUING,,,rc_n_past_due.csv,495146.0,0.3499,2001Q1,2025Q3,0.0842,5053150633.0
pd90_tot_1407,base,True,RC-N,stock,thousands_usd,any,RCFD1407,all,,,TOTAL LOANS AND LEASE FINANCING RECEIVABLES: PAST DUE 90 DAYS OR MORE AND STILL ACCRUING,,,rc_n_past_due.csv,1252922.0,0.8854,1985Q1,2025Q3,0.2863,3546652162.0
pd30_agprod,base,True,RC-N,stock,thousands_usd,any,RCFD1594,all,2001-03-31,,LOANS TO FINANCE AGRICULTURAL PRODUCTION AND OTHER LOANS TO FARMERS - PAST DUE 30-89 DAYS AND STILL ACCRUING,,,rc_n_past_due.csv,648095.0,0.458,2001Q1,2025Q3,0.8574,36669393.0
pd90_agprod,base,True,RC-N,stock,thousands_usd,any,RCFD1597,all,,,LOANS TO FINANCE AGRICULTURAL PRODUCTION AND OTHER LOANS TO FARMERS - PAST DUE 90 DAYS OR MORE AND STILL ACCRUING,,,rc_n_past_due.csv,718611.0,0.5078,1985Q1,2025Q3,0.942,12145665.0
pd30_debtsec,base,True,RC-N,stock,thousands_usd,any,RCFD3505,all,2001-03-31,,DEBT SECURITIES AND OTHER ASSETS - PAST DUE 30 THROUGH 89 DAYS AND STILL ACCRUING,,,rc_n_past_due.csv,656045.0,0.4636,2001Q1,2025Q3,0.9964,23458049.0
pd90_debtsec,base,True,RC-N,stock,thousands_usd,any,RCFD3506,all,1991-03-31,,DEBT SECURITIES AND OTHER ASSETS - PAST DUE 90 DAYS OR MORE AND STILL ACCRUING,,,rc_n_past_due.csv,1080125.0,0.7633,1991Q1,2025Q3,0.998,42167876.0
pd30_forgovt,base,True,RC-N,stock,thousands_usd,any,RCFD5389,031+041,2001-03-31,,LOANS TO FOREIGN GOVERNMENTS AND OFFICIAL INSTITUTIONS - PAST DUE 30 THROUGH 89 DAYS AND STILL ACCRUING,,,rc_n_past_due.csv,482032.0,0.3406,2001Q1,2025Q3,0.9997,849863.0
pd90_forgovt,base,True,RC-N,stock,thousands_usd,any,RCFD5390,031+041,1991-03-31,,LOANS TO FOREIGN GOVERNMENTS AND OFFICIAL INSTITUTIONS - PAST DUE 90 DAYS OR MORE AND STILL ACCRUING,,,rc_n_past_due.csv,530024.0,0.3746,1991Q1,2025Q3,0.9997,499238.0
pd30_othln,base,True,RC-N,stock,thousands_usd,any,RCFD5459,all,2001-03-31,,ALL OTHER LOANS - PAST DUE 30 THROUGH 89 DAYS AND STILL ACCRUING,,,rc_n_past_due.csv,656045.0,0.4636,2001Q1,2025Q3,0.6771,210387135.0
pd90_othln,base,True,RC-N,stock,thousands_usd,any,RCFD5460,all,1991-03-31,,ALL OTHER LOANS - PAST DUE 90 DAYS OR MORE AND STILL ACCRUING,,,rc_n_past_due.csv,704037.0,0.4975,1991Q1,2025Q3,0.8854,40120984.0
pd30_finance_cre,base,True,RC-N,stock,thousands_usd,any,RCFD6558,all,2001-03-31,,LOANS TO FINANCE COMMERCIAL REAL ESTATE; CONSTRUCTION; AND LAND DEVELOPMENT ACTIVITIES - PAST DUE 30 THROUGH 89 DAYS AND STILL ACCRUING,,,rc_n_past_due.csv,656045.0,0.4636,2001Q1,2025Q3,0.9896,36843411.0
pd90_finance_cre,base,True,RC-N,stock,thousands_usd,any,RCFD6559,all,1991-03-31,,LOANS TO FINANCE COMMERCIAL REAL ESTATE; CONSTRUCTION; AND LAND DEVELOPMENT ACTIVITIES - PAST DUE 90 DAYS OR MORE AND STILL ACCRUING,,,rc_n_past_due.csv,704037.0,0.4975,1991Q1,2025Q3,0.9948,4820753.0
na_finance_cre,base,True,RC-N,stock,thousands_usd,any,RCFD6560,all,1991-03-31,,LOANS TO FINANCE COMMERCIAL REAL ESTATE; CONSTRUCTION; AND LAND DEVELOPMENT ACTIVITIES - NONACCRUAL,,,rc_n_past_due.csv,704037.0,0.4975,1991Q1,2025Q3,0.9837,63484289.0
pd30_cc,base,True,RC-N,stock,thousands_usd,any,RCFDB575,all,2001-03-31,,LOANS TO INDIVIDUALS FOR HOUSEHOLD; FAMILY; AND OTHER PERSONAL EXPENDITURES: CREDIT CARDS - PAST DUE 30 THROUGH 89 DAYS AND STILL ACCRUING,,,rc_n_past_due.csv,656045.0,0.4636,2001Q1,2025Q3,0.8729,967493599.0
pd90_cc,base,True,RC-N,stock,thousands_usd,any,RCFDB576,all,2001-03-31,,LOANS TO INDIVIDUALS FOR HOUSEHOLD; FAMILY; AND OTHER PERSONAL EXPENDITURES: CREDIT CARDS - PAST DUE 90 DAYS OR MORE AND STILL ACCRUING,,,rc_n_past_due.csv,656045.0,0.4636,2001Q1,2025Q3,0.9176,880735485.0
pd30_hfs,base,True,RC-N,stock,thousands_usd,any,RCFDC240,all,2002-03-31,,LOANS AND LEASES HELD FOR SALE-PAST DUE 30 THRU 89 DAYS AND STILL ACCRUING,,,rc_n_past_due.csv,556729.0,0.3934,2002Q1,2025Q3,0.9921,111711622.0
pd90_hfs,base,True,RC-N,stock,thousands_usd,any,RCFDC241,all,2002-03-31,,LOANS AND LEASES HELD FOR SALE-PAST DUE 90 DAYS OR MORE AND STILL ACCRUING,,,rc_n_past_due.csv,556729.0,0.3934,2002Q1,2025Q3,0.9951,89901470.0
pd30_hfs_fv,base,True,RC-N,stock,thousands_usd,any,RCFDF664,031+041,2008-03-31,2018-03-31,FAIR VALUE OF LOANS AND LEASES HELD FOR SALE - PAST DUE 30 THROUGH 89 DAYS AND STILL ACCRUING.,,,rc_n_past_due.csv,252958.0,0.1788,2008Q1,2018Q1,0.9973,14322359.0
pd90_hfs_fv,base,True,RC-N,stock,thousands_usd,any,RCFDF665,031+041,2008-03-31,2018-03-31,FAIR VALUE OF LOANS AND LEASES HELD FOR SALE - PAST DUE 90 DAYS OR MORE AND STILL ACCRUING,,,rc_n_past_due.csv,252959.0,0.1788,2008Q1,2018Q1,0.9985,26845057.0
na_hfs_fv,base,True,RC-N,stock,thousands_usd,any,RCFDF666,031+041,2008-03-31,2018-03-31,FAIR VALUE OF LOANS AND LEASES HELD FOR SALE- NONACCRUAL,,,rc_n_past_due.csv,252961.0,0.1788,2008Q1,2018Q1,0.9958,25572916.0
pd30_hfs_upb,base,True,RC-N,stock,thousands_usd,any,RCFDF667,031+041,2008-03-31,2018-03-31,UNPAID PRINCIPAL BALANCE OF LOANS AND LEASES HELD FOR SALE - PAST DUE 30 THROUGH 89 DAYS AND STILL ACCRUING.,,,rc_n_past_due.csv,252961.0,0.1788,2008Q1,2018Q1,0.9972,19015354.0
pd90_hfs_upb,base,True,RC-N,stock,thousands_usd,any,RCFDF668,031+041,2008-03-31,2018-03-31,UNPAID PRINCIPAL BALANCE OF LOANS AND LEASES HELD FOR SALE - PAST DUE 90 DAYS OR MORE AND STILL ACCRUING,,,rc_n_past_due.csv,252960.0,0.1788,2008Q1,2018Q1,0.9984,40033513.0
na_hfs_upb,base,True,RC-N,stock,thousands_usd,any,RCFDF669,031+041,2008-03-31,2018-03-31,UNPAID PRINCIPAL BALANCE OF LOANS AND LEASES HELD FOR SALE- NONACCRUAL,,,rc_n_past_due.csv,252966.0,0.1788,2008Q1,2018Q1,0.9957,36998241.0
pd30_tot_modified,base,True,RC-N,stock,thousands_usd,any,RCFDHK26,all,2017-03-31,,TOTAL LOAN MODIFICATIONS TO BORROWERS EXPERIENCING FINANCIAL DIFFICULTY INCLUDED IN SCHEDULE RC-N ITEMS 1 THROUGH 7 ABOVE AND NOT REPORTED IN SCHEDULE RC-C; PART I; MEMO ITEM 1; PAST DUE 30 THROUGH 89 DAYS AND STILL ACCRUING,,,rc_n_past_due.csv,176784.0,0.1249,2017Q1,2025Q3,0.8749,131444652.0
pd90_tot_modified,base,True,RC-N,stock,thousands_usd,any,RCFDHK27,all,2017-03-31,,TOTAL LOAN MODIFICATIONS TO BORROWERS EXPERIENCING FINANCIAL DIFFICULTY INCLUDED IN SCHEDULE RC-N ITEMS 1 THROUGH 7 ABOVE AND NOT REPORTED IN SCHEDULE RC-C; PART I; MEMO ITEM 1; PAST DUE 90 DAYS OR MORE AND STILL ACCRUING,,,rc_n_past_due.csv,176784.0,0.1249,2017Q1,2025Q3,0.9644,127117034.0
na_tot_modified,base,True,RC-N,stock,thousands_usd,any,RCFDHK28,all,2017-03-31,,TOTAL LOAN MODIFICATIONS TO BORROWERS EXPERIENCING FINANCIAL DIFFICULTY INCLUDED IN SCHEDULE RC-N ITEMS 1 THROUGH 7 ABOVE AND NOT REPORTED IN SCHEDULE RC-C; PART I; MEMO ITEM 1; NONACCRUAL,,,rc_n_past_due.csv,176784.0,0.1249,2017Q1,2025Q3,0.6423,672130964.0
pd30_tot_lossshare,base,True,RC-N,stock,thousands_usd,any,RCFDK036,all,2011-03-31,,LOANS AND LEASES REPORTED IN THE PAST DUE AND NONACCRUAL LOANS; LEASES AND OTHER ASSETS WHICH ARE WHOLLY OR PARTIALLY GUARANTEED BY THE U.S. GOVERNMENT ; EXCLUDING LOANS AND LEASES COVERED BY LOSS-SHARING AGREEMENTS WITH THE FDIC - PAST DUE 30 THROUGH 89 DAYS AND STILL ACCRUING,,,rc_n_past_due.csv,337683.0,0.2386,2011Q1,2025Q3,0.9163,607228334.0
pd90_tot_lossshare,base,True,RC-N,stock,thousands_usd,any,RCFDK037,all,2011-03-31,,LOANS AND LEASES REPORTED IN THE PAST DUE AND NONACCRUAL LOANS; LEASES AND OTHER ASSETS WHICH ARE WHOLLY OR PARTIALLY GUARANTEED BY THE U.S. GOVERNMENT ; EXCLUDING LOANS AND LEASES COVERED BY LOSS-SHARING AGREEMENTS WITH THE FDIC - PAST DUE 90 DAYS OR MORE AND STILL ACCRUING,,,rc_n_past_due.csv,337683.0,0.2386,2011Q1,2025Q3,0.9652,2011555363.0
na_tot_lossshare,base,True,RC-N,stock,thousands_usd,any,RCFDK038,all,2011-03-31,,LOANS AND LEASES REPORTED IN THE PAST DUE AND NONACCRUAL LOANS; LEASES AND OTHER ASSETS WHICH ARE WHOLLY OR PARTIALLY GUARANTEED BY THE U.S. GOVERNMENT ; EXCLUDING LOANS AND LEASES COVERED BY LOSS-SHARING AGREEMENTS WITH THE FDIC - NONACCRUAL,,,rc_n_past_due.csv,337683.0,0.2386,2011Q1,2025Q3,0.8727,416025557.0
pd30_tot_usgtd_portion,base,True,RC-N,stock,thousands_usd,any,RCFDK039,all,2011-03-31,,GUARANTEED PORTION OF LOANS AND LEASES INCLUDED IN ITEM 10; EXCLUDING REBOOKED 'GNMA LOANS' PAST DUE 30 THROUGH 89 DAYS AND STILL ACCRUING,,,rc_n_past_due.csv,337683.0,0.2386,2011Q1,2025Q3,0.9179,193102874.0
pd90_tot_usgtd_portion,base,True,RC-N,stock,thousands_usd,any,RCFDK040,all,2011-03-31,,GUARANTEED PORTION OF LOANS AND LEASES INCLUDED IN ITEM 10; EXCLUDING REBOOKED 'GNMA LOANS' PAST DUE 90 DAYS OR MORE AND STILL ACCRUING,,,rc_n_past_due.csv,337683.0,0.2386,2011Q1,2025Q3,0.9669,310664668.0
na_tot_usgtd_portion,base,True,RC-N,stock,thousands_usd,any,RCFDK041,all,2011-03-31,,GUARANTEED PORTION OF LOANS AND LEASES INCLUDED IN ITEM 10; EXCLUDING REBOOKED 'GNMA LOANS' : NONACCRUAL,,,rc_n_past_due.csv,337683.0,0.2386,2011Q1,2025Q3,0.8738,103997374.0
pd30_tot_gnma_rebooked,base,True,RC-N,stock,thousands_usd,any,RCFDK042,all,2011-03-31,,REBOOKED 'GNMA LOANS' THAT HAVE BEEN REPURCHASED OR ARE ELIGIBLE FOR REPURCHASE INCLUDED IN ITEM 10 - PAST DUE 30 THROUGH 89 DAYS AND STILL ACCRUING,,,rc_n_past_due.csv,337683.0,0.2386,2011Q1,2025Q3,0.9933,398603445.0
pd90_tot_gnma_rebooked,base,True,RC-N,stock,thousands_usd,any,RCFDK043,all,2011-03-31,,REBOOKED 'GNMA LOANS' THAT HAVE BEEN REPURCHASED OR ARE ELIGIBLE FOR REPURCHASE INCLUDED IN ITEM 10 - PAST DUE 90 DAYS OR MORE AND STILL ACCRUING,,,rc_n_past_due.csv,337683.0,0.2386,2011Q1,2025Q3,0.9938,1678512295.0
na_tot_gnma_rebooked,base,True,RC-N,stock,thousands_usd,any,RCFDK044,all,2011-03-31,,REBOOKED 'GNMA LOANS' THAT HAVE BEEN REPURCHASED OR ARE ELIGIBLE FOR REPURCHASE INCLUDED IN ITEM 10 - NONACCRUAL,,,rc_n_past_due.csv,337683.0,0.2386,2011Q1,2025Q3,0.9953,280832490.0
pd30_othln_lossshare,base,True,RC-N,stock,thousands_usd,any,RCFDK072,031+041,2011-03-31,2016-12-31,LOANS AND LEASES COVERED BY LOSS SHARING AGREEMENTS WITH THE FDIC: LOANS TO FINANCE AGRICULTURE PRODUCTION AND OTHER LOANS TO FARMERS : PAST DUE 30 THROUGH 89 DAYS AND STILL ACCRUING,,,rc_n_past_due.csv,89083.0,0.063,2011Q1,2016Q4,0.999,11533.0
pd90_othln_lossshare,base,True,RC-N,stock,thousands_usd,any,RCFDK073,031+041,2011-03-31,2016-12-31,LOANS AND LEASES COVERED BY LOSS SHARING AGREEMENTS WITH THE FDIC: LOANS TO FINANCE AGRICULTURE PRODUCTION AND OTHER LOANS TO FARMERS : PAST DUE 90 DAYS OR MORE AND STILL ACCRUING,,,rc_n_past_due.csv,89073.0,0.0629,2011Q1,2016Q4,0.9987,59259.0
na_othln_lossshare,base,True,RC-N,stock,thousands_usd,any,RCFDK074,031+041,2011-03-31,2016-12-31,LOANS AND LEASES COVERED BY LOSS SHARING AGREEMENTS WITH THE FDIC: LOANS TO FINANCE AGRICULTURE PRODUCTION AND OTHER LOANS TO FARMERS : NONACCRUAL,,,rc_n_past_due.csv,89074.0,0.0629,2011Q1,2016Q4,0.9986,75740.0
pd30_ci_lossshare,base,True,RC-N,stock,thousands_usd,any,RCFDK075,031+041,2011-03-31,2016-12-31,LOANS AND LEASES COVERED BY LOSS SHARING AGREEMENTS WITH THE FDIC: COMMERCIAL AND INDUSTRIAL LOANS - PAST DUE 30 THROUGH 89 DAYS AND STILL ACCRUING,,,rc_n_past_due.csv,160899.0,0.1137,2011Q1,2016Q4,0.9907,1761867.0
pd90_ci_lossshare,base,True,RC-N,stock,thousands_usd,any,RCFDK076,031+041,2011-03-31,2016-12-31,LOANS AND LEASES COVERED BY LOSS SHARING AGREEMENTS WITH THE FDIC: COMMERCIAL AND INDUSTRIAL LOANS - PAST DUE 90 DAYS OR MORE AND STILL ACCRUING,,,rc_n_past_due.csv,160899.0,0.1137,2011Q1,2016Q4,0.9927,5028263.0
na_ci_lossshare,base,True,RC-N,stock,thousands_usd,any,RCFDK077,031+041,2011-03-31,2016-12-31,LOANS AND LEASES COVERED BY LOSS SHARING AGREEMENTS WITH THE FDIC: COMMERCIAL AND INDUSTRIAL LOANS - NONACCRUAL,,,rc_n_past_due.csv,160899.0,0.1137,2011Q1,2016Q4,0.9913,3308730.0
pd30_cc_lossshare,base,True,RC-N,stock,thousands_usd,any,RCFDK078,031+041,2011-03-31,2016-12-31,LOANS AND LEASES COVERED BY LOSS SHARING AGREEMENTS WITH THE FDIC: LOANS TO INDIVIDUAL FOR HOUSEHOLD; FAMILY; PERSONAL EXPENDITURES: CREDIT CARDS: PAST DUE 30 THROUGH 89 DAYS AND STILL ACCRUING,,,rc_n_past_due.csv,160899.0,0.1137,2011Q1,2016Q4,0.9993,23090.0
pd90_cc_lossshare,base,True,RC-N,stock,thousands_usd,any,RCFDK079,031+041,2011-03-31,2016-12-31,LOANS AND LEASES COVERED BY LOSS SHARING AGREEMENTS WITH THE FDIC: LOANS TO INDIVIDUAL FOR HOUSEHOLD; FAMILY; PERSONAL EXPENDITURES: CREDIT CARDS: PAST DUE 90 DAYS OR MORE AND STILL ACCRUING,,,rc_n_past_due.csv,160899.0,0.1137,2011Q1,2016Q4,0.9995,19787.0
na_cc_lossshare,base,True,RC-N,stock,thousands_usd,any,RCFDK080,031+041,2011-03-31,2016-12-31,LOANS AND LEASES COVERED BY LOSS SHARING AGREEMENTS WITH THE FDIC: LOANS TO INDIVIDUAL FOR HOUSEHOLD; FAMILY; PERSONAL EXPENDITURES: CREDIT CARDS: NONACCRUAL,,,rc_n_past_due.csv,160899.0,0.1137,2011Q1,2016Q4,0.9998,3298.0
pd30_auto_lossshare,base,True,RC-N,stock,thousands_usd,any,RCFDK081,031+041,2011-03-31,2016-12-31,LOANS AND LEASES COVERED BY LOSS SHARING AGREEMENTS WITH THE FDIC: LOANS TO INDIVIDUAL FOR HOUSEHOLD; FAMILY; PERSONAL EXPENDITURES: AUTOMOBILE LOANS : PAST DUE 30 THROUGH 89 DAYS AND STILL ACCRUING,,,rc_n_past_due.csv,160899.0,0.1137,2011Q1,2016Q4,0.9977,67408.0
pd90_auto_lossshare,base,True,RC-N,stock,thousands_usd,any,RCFDK082,031+041,2011-03-31,2016-12-31,LOANS AND LEASES COVERED BY LOSS SHARING AGREEMENTS WITH THE FDIC: LOANS TO INDIVIDUAL FOR HOUSEHOLD; FAMILY; PERSONAL EXPENDITURES: AUTOMOBILE LOANS :PAST DUE 90 DAYS OR MORE AND STILL ACCRUING,,,rc_n_past_due.csv,160899.0,0.1137,2011Q1,2016Q4,0.9987,85323.0
na_auto_lossshare,base,True,RC-N,stock,thousands_usd,any,RCFDK083,031+041,2011-03-31,2016-12-31,LOANS AND LEASES COVERED BY LOSS SHARING AGREEMENTS WITH THE FDIC: LOANS TO INDIVIDUAL FOR HOUSEHOLD; FAMILY; PERSONAL EXPENDITURES: AUTOMOBILE LOANS :NONACCRUAL,,,rc_n_past_due.csv,160899.0,0.1137,2011Q1,2016Q4,0.9988,9635.0
pd30_lease_lossshare,base,True,RC-N,stock,thousands_usd,any,RCFDK087,031+041,2011-03-31,2023-06-30,LOANS AND LEASES COVERED BY LOSS SHARING AGREEMENTS WITH THE FDIC: ALL OTHER LOANS AND ALL LEASES: PAST DUE 30 THROUGH 89 DAYS AND STILL ACCRUING,,,rc_n_past_due.csv,201874.0,0.1427,2011Q1,2023Q2,0.9986,275393.0
pd90_lease_lossshare,base,True,RC-N,stock,thousands_usd,any,RCFDK088,031+041,2011-03-31,2023-06-30,LOANS AND LEASES COVERED BY LOSS SHARING AGREEMENTS WITH THE FDIC: ALL OTHER LOANS AND ALL LEASES: PAST DUE 90 DAYS OR MORE AND STILL ACCRUING,,,rc_n_past_due.csv,201874.0,0.1427,2011Q1,2023Q2,0.9986,545518.0
na_lease_lossshare,base,True,RC-N,stock,thousands_usd,any,RCFDK089,031+041,2011-03-31,2023-06-30,LOANS AND LEASES COVERED BY LOSS SHARING AGREEMENTS WITH THE FDIC: ALL OTHER LOANS AND ALL LEASES: NONACCRUAL,,,rc_n_past_due.csv,201874.0,0.1427,2011Q1,2023Q2,0.9985,615889.0
pd30_depinst_a,base,False,RC-N,stock,thousands_usd,any,RCFDK091,031+041,2011-03-31,2016-06-30,ITEMIZE PAST DUE AND NONACCRUAL AMOUNTS INCLUDED IN ALL OTHER LOANS AND ALL LEASES: LOANS TO DEPOSITORY INSTITUTIONS AND ACCEPTANCES OF OTHER BANKS PAST DUE 30 THROUGH 89 DAYS AND STILL ACCRUING,,,rc_n_past_due.csv,,,,,,
pd90_depinst_a,base,False,RC-N,stock,thousands_usd,any,RCFDK092,031+041,2011-03-31,2016-06-30,ITEMIZE PAST DUE AND NONACCRUAL AMOUNTS INCLUDED IN ALL OTHER LOANS AND ALL LEASES: LOANS TO DEPOSITORY INSTITUTIONS AND ACCEPTANCES OF OTHER BANKS PAST DUE 90 DAYS OR MORE AND STILL ACCRUING,,,rc_n_past_due.csv,,,,,,
na_depinst_a,base,False,RC-N,stock,thousands_usd,any,RCFDK093,031+041,2011-03-31,2016-06-30,ITEMIZE PAST DUE AND NONACCRUAL AMOUNTS INCLUDED IN ALL OTHER LOANS AND ALL LEASES: LOANS TO DEPOSITORY INSTITUTIONS AND ACCEPTANCES OF OTHER BANKS: NONACCRUAL LOANS,,,rc_n_past_due.csv,,,,,,
pd30_forgovt_a,base,False,RC-N,stock,thousands_usd,any,RCFDK095,031+041,2011-03-31,2016-06-30,ITEMIZE PAST DUE AND NONACCRUAL AMOUNTS INCLUDED IN ALL OTHER LOANS AND ALL LEASES: LOANS TO FOREIGN GOVERNMENTS AND OFFICIAL INSTITUTIONS PAST DUE 30 THROUGH 89 DAYS AND STILL ACCRUING,,,rc_n_past_due.csv,,,,,,
pd90_forgovt_a,base,False,RC-N,stock,thousands_usd,any,RCFDK096,031+041,2011-03-31,2016-06-30,ITEMIZE PAST DUE AND NONACCRUAL AMOUNTS INCLUDED IN ALL OTHER LOANS AND ALL LEASES: LOANS TO FOREIGN GOVERNMENTS AND OFFICIAL INSTITUTIONS PAST DUE 90 DAYS OR MORE AND STILL ACCRUING,,,rc_n_past_due.csv,,,,,,
na_forgovt_a,base,False,RC-N,stock,thousands_usd,any,RCFDK097,031+041,2011-03-31,2016-06-30,ITEMIZE PAST DUE AND NONACCRUAL AMOUNTS INCLUDED IN ALL OTHER LOANS AND ALL LEASES: LOANS TO FOREIGN GOVERNMENTS AND OFFICIAL INSTITUTIONS - NONACCRUAL LOANS,,,rc_n_past_due.csv,,,,,,
pd30_othln_a,base,False,RC-N,stock,thousands_usd,any,RCFDK099,031+041,2011-03-31,2016-06-30,ITEMIZE PAST DUE AND NONACCRUAL AMOUNTS INCLUDED IN ALL OTHER LOANS AND ALL LEASES: OTHER LOANS - PAST DUE 30 THROUGH 89 DAYS AND STILL ACCRUING,,,rc_n_past_due.csv,,,,,,
pd90_othln_a,base,False,RC-N,stock,thousands_usd,any,RCFDK100,031+041,2011-03-31,2016-06-30,ITEMIZE PAST DUE AND NONACCRUAL AMOUNTS INCLUDED IN ALL OTHER LOANS AND ALL LEASES: OTHER LOANS: PAST DUE 90 DAYS OR MORE AND STILL ACCRUING,,,rc_n_past_due.csv,,,,,,
na_othln_a,base,False,RC-N,stock,thousands_usd,any,RCFDK101,031+041,2011-03-31,2016-06-30,ITEMIZE PAST DUE AND NONACCRUAL AMOUNTS INCLUDED IN ALL OTHER LOANS AND ALL LEASES: OTHER LOANS: NONACCRUAL LOANS,,,rc_n_past_due.csv,,,,,,
pd30_othln_modified,base,True,RC-N,stock,thousands_usd,any,RCFDK126,all,2011-03-31,,LOAN MODIFICATIONS TO BORROWERS EXPERIENCING FINANCIAL DIFFICULTY: ALL OTHER LOANS - PAST DUE 30 THROUGH 89 DAYS AND STILL ACCRUING,,,rc_n_past_due.csv,291313.0,0.2059,2011Q1,2025Q3,0.9614,77534611.0
pd90_othln_modified,base,True,RC-N,stock,thousands_usd,any,RCFDK127,all,2011-03-31,,LOAN MODIFICATIONS TO BORROWERS EXPERIENCING FINANCIAL DIFFICULTY : ALL OTHER LOANS - PAST DUE 90 DAYS OR MORE AND STILL ACCRUING,,,rc_n_past_due.csv,291313.0,0.2059,2011Q1,2025Q3,0.9856,46084444.0
na_othln_modified,base,True,RC-N,stock,thousands_usd,any,RCFDK128,all,2011-03-31,,LOAN MODIFICATIONS TO BORROWERS EXPERIENCING FINANCIAL DIFFICULTY : ALL OTHER LOANS - NONACCRUAL,,,rc_n_past_due.csv,291320.0,0.2059,2011Q1,2025Q3,0.8986,97234848.0
pd30_depinst_b,base,False,RC-N,stock,thousands_usd,any,RCFDK134,031+041,2011-03-31,2016-06-30,ITEMIZE LOANS TO DEPOSITORY INSTITUTIONS AND ACCEPTANCES OF OTHER BANKS INCLUDED IN ALL OTHER LOANS PAST DUE 30 THROUGH 89 DAYS AND STILL ACCRUING,,,rc_n_past_due.csv,,,,,,
pd90_depinst_b,base,False,RC-N,stock,thousands_usd,any,RCFDK135,031+041,2011-03-31,2016-06-30,ITEMIZE LOANS TO DEPOSITORY INSTITUTIONS AND ACCEPTANCES OF OTHER BANKS INCLUDED IN ALL OTHER LOANS PAST DUE 30 THROUGH 89 DAYS AND STILL ACCRUING: PAST DUE 90 DAYS OR MORE AND STILL ACCRUING,,,rc_n_past_due.csv,,,,,,
na_depinst_b,base,False,RC-N,stock,thousands_usd,any,RCFDK136,031+041,2011-03-31,2016-06-30,ITEMIZE LOANS TO DEPOSITORY INSTITUTIONS AND ACCEPTANCES OF OTHER BANKS INCLUDED IN ALL OTHER LOANS PAST DUE 30 THROUGH 89 DAYS AND STILL ACCRUING: NONACCRUAL,,,rc_n_past_due.csv,,,,,,
pd30_agprod_modified,base,True,RC-N,stock,thousands_usd,any,RCFDK138,all,2011-03-31,,ITEMIZE LOAN MODIFICATIONS TO BORROWERS EXPERIENCING FINANCIAL DIFFICULTY TO FINANCE AGRICULTURAL PRODUCTION AND OTHER LOANS TO FARMERS INCLUDED IN ALL OTHER LOANS PAST DUE 30 THROUGH 89 DAYS AND STILL ACCRUING,,,rc_n_past_due.csv,187682.0,0.1326,2011Q1,2025Q3,0.9973,234639.0
pd90_agprod_modified,base,True,RC-N,stock,thousands_usd,any,RCFDK139,all,2011-03-31,,ITEMIZE LOAN MODIFICATIONS TO BORROWERS EXPERIENCING FINANCIAL DIFFICULTY TO FINANCE AGRICULTURAL PRODUCTION AND OTHER LOANS TO FARMERS INCLUDED IN ALL OTHER LOANS: PAST DUE 90 DAYS OR MORE AND STILL ACCRUING,,,rc_n_past_due.csv,187679.0,0.1326,2011Q1,2025Q3,0.9992,46861.0
na_agprod_modified,base,True,RC-N,stock,thousands_usd,any,RCFDK140,all,2011-03-31,,ITEMIZE LOAN MODIFICATIONS TO BORROWERS EXPERIENCING FINANCIAL DIFFICULTY TO FINANCE AGRICULTURAL PRODUCTION AND OTHER LOANS TO FARMERS INCLUDED IN ALL OTHER LOANS: NONACCRUAL,,,rc_n_past_due.csv,187686.0,0.1326,2011Q1,2025Q3,0.9787,4580894.0
pd30_auto,base,True,RC-N,stock,thousands_usd,any,RCFDK213,all,2011-03-31,,LOANS TO INDIVIDUALS FOR HOUSEHOLD; FAMILY AND OTHER PERSONAL EXPENDITURES: AUTOMOBILE LOANS - PAST DUE 30 THROUGH 89 DAYS AND STILL ACCRUING,,,rc_n_past_due.csv,337683.0,0.2386,2011Q1,2025Q3,0.508,472680367.0
pd90_auto,base,True,RC-N,stock,thousands_usd,any,RCFDK214,all,2011-03-31,,LOANS TO INDIVIDUALS FOR HOUSEHOLD; FAMILY AND OTHER PERSONAL EXPENDITURES: AUTOMOBILE LOANS - PAST DUE 90 DAYS OR MORE AND STILL ACCRUING,,,rc_n_past_due.csv,337683.0,0.2386,2011Q1,2025Q3,0.861,10618013.0
pd30_indiv,base,True,RC-N,stock,thousands_usd,any,RCFDK216,all,2011-03-31,,LOANS TO INDIVIDUALS FOR HOUSEHOLD; FAMILY AND OTHER PERSONAL EXPENDITURES: OTHER - PAST DUE 30 THROUGH 89 DAYS AND STILL ACCRUING,,,rc_n_past_due.csv,337683.0,0.2386,2011Q1,2025Q3,0.4231,229639415.0
pd90_indiv,base,True,RC-N,stock,thousands_usd,any,RCFDK217,all,2011-03-31,,LOANS TO INDIVIDUALS FOR HOUSEHOLD; FAMILY AND OTHER PERSONAL EXPENDITURES: OTHER - PAST DUE 90 DAYS OR MORE AND STILL ACCRUING,,,rc_n_past_due.csv,337683.0,0.2386,2011Q1,2025Q3,0.8145,130689703.0
pd30_lease_a,base,False,RC-N,stock,thousands_usd,any,RCFDK269,031+041,2011-03-31,2016-06-30,ITEMIZE PAST DUE AND NONACCRUAL AMOUNTS INCLUDED IN ALL OTHER LOANS AND ALL LEASES: LEASE FINANCING RECEIVABLES - PAST DUE 30 THROUGH 89 DAYS AND STILL ACCRUING,,,rc_n_past_due.csv,,,,,,
pd90_lease_a,base,False,RC-N,stock,thousands_usd,any,RCFDK271,031+041,2011-03-31,2016-06-30,ITEMIZE PAST DUE AND NONACCRUAL AMOUNTS INCLUDED IN ALL OTHER LOANS AND ALL LEASES: LEASE FINANCING RECEIVABLES - PAST DUE 90 DAYS OR MORE AND STILL ACCRUING,,,rc_n_past_due.csv,,,,,,
na_lease_a,base,False,RC-N,stock,thousands_usd,any,RCFDK272,031+041,2011-03-31,2016-06-30,ITEMIZE PAST DUE AND NONACCRUAL AMOUNTS INCLUDED IN ALL OTHER LOANS AND ALL LEASES: LEASE FINANCING RECEIVABLES - NONACCRUAL LOANS,,,rc_n_past_due.csv,,,,,,
pd30_indiv_modified,base,True,RC-N,stock,thousands_usd,any,RCFDK274,all,2011-03-31,,ITEMIZE LOAN MODIFICATIONS TO BORROWERS EXPERIENCING FINANCIAL DIFFICULTY CREDIT CARD LOANS TO INDIVIDUALS FOR HOUSEHOLD; FAMILY; AND OTHER PERSONAL EXPENDITURES: PAST DUE 30 THROUGH 89 DAYS AND STILL ACCRUING,,,rc_n_past_due.csv,291313.0,0.2059,2011Q1,2025Q3,0.9954,40692449.0
pd90_indiv_modified,base,True,RC-N,stock,thousands_usd,any,RCFDK275,all,2011-03-31,,ITEMIZE LOAN MODIFICATIONS TO BORROWERS EXPERIENCING FINANCIAL DIFFICULTY CREDIT CARD LOANS TO INDIVIDUALS FOR HOUSEHOLD; FAMILY; AND OTHER PERSONAL EXPENDITURES: PAST DUE 90 DAYS OR MORE AND STILL ACCRUING,,,rc_n_past_due.csv,291313.0,0.2059,2011Q1,2025Q3,0.9962,32648502.0
na_indiv_modified,base,True,RC-N,stock,thousands_usd,any,RCFDK276,all,2011-03-31,,ITEMIZE LOAN MODIFICATIONS TO BORROWERS EXPERIENCING FINANCIAL DIFFICULTY CREDIT CARD LOANS TO INDIVIDUALS FOR HOUSEHOLD; FAMILY; AND OTHER PERSONAL EXPENDITURES: NONACCRUAL,,,rc_n_past_due.csv,291313.0,0.2059,2011Q1,2025Q3,0.9976,6563998.0
pd30_auto_modified,base,True,RC-N,stock,thousands_usd,any,RCFDK277,all,2011-03-31,,ITEMIZE LOAN MODIFICATIONS TO BORROWERS EXPERIENCING FINANCIAL DIFFICULTY AUTOMOBILE LOANS TO INDIVIDUALS FOR HOUSEHOLD; FAMILY; AND OTHER PERSONAL EXPENDITURES: PAST DUE 30 THROUGH 89 DAYS AND STILL ACCRUING,,,rc_n_past_due.csv,291314.0,0.2059,2011Q1,2025Q3,0.9936,9354259.0
pd90_auto_modified,base,True,RC-N,stock,thousands_usd,any,RCFDK278,all,2011-03-31,,ITEMIZE LOAN MODIFICATIONS TO BORROWERS EXPERIENCING FINANCIAL DIFFICULTY AUTOMOBILE LOANS TO INDIVIDUALS FOR HOUSEHOLD; FAMILY; AND OTHER PERSONAL EXPENDITURES: PAST DUE 90 DAYS OR MORE AND STILL ACCRUING,,,rc_n_past_due.csv,291313.0,0.2059,2011Q1,2025Q3,0.9988,22375.0
na_auto_modified,base,True,RC-N,stock,thousands_usd,any,RCFDK279,all,2011-03-31,,ITEMIZE LOAN MODIFICATIONS TO BORROWERS EXPERIENCING FINANCIAL DIFFICULTY AUTOMOBILE LOANS TO INDIVIDUALS FOR HOUSEHOLD; FAMILY; AND OTHER PERSONAL EXPENDITURES: NONACCRUAL,,,rc_n_past_due.csv,291315.0,0.2059,2011Q1,2025Q3,0.9873,12130035.0
pd30_cc_modified,base,True,RC-N,stock,thousands_usd,any,RCFDK280,all,2011-03-31,,ITEMIZE LOAN MODIFICATIONS TO BORROWERS EXPERIENCING FINANCIAL DIFFICULTY OTHER CONSUMER (INCLUDES SINGLE PAYMENT; INSTALLMENT; ALL STUDENT LOANS; AND REVOLVING CREDIT PLANS OTHER THAN CREDIT CARDS) LOANS TO INDIVIDUALS FOR HOUSEHOLD; FAMILY; AND OTHER PERSONAL EXPENDITURES: PAST DUE 30 THROUGH 89 DAYS AND STILL ACCRUING,,,rc_n_past_due.csv,291314.0,0.2059,2011Q1,2025Q3,0.992,5560796.0
pd90_cc_modified,base,True,RC-N,stock,thousands_usd,any,RCFDK281,all,2011-03-31,,ITEMIZE LOAN MODIFICATIONS TO BORROWERS EXPERIENCING FINANCIAL DIFFICULTY OTHER CONSUMER (INCLUDES SINGLE PAYMENT; INSTALLMENT; ALL STUDENT LOANS; AND REVOLVING CREDIT PLANS OTHER THAN CREDIT CARDS) LOANS TO INDIVIDUALS FOR HOUSEHOLD; FAMILY; AND OTHER PERSONAL EXPENDITURES: PAST DUE 90 DAYS OR MORE AND STILL ACCRUING,,,rc_n_past_due.csv,291314.0,0.2059,2011Q1,2025Q3,0.998,2925368.0
na_cc_modified,base,True,RC-N,stock,thousands_usd,any,RCFDK282,all,2011-03-31,,ITEMIZE LOAN MODIFICATIONS TO BORROWERS EXPERIENCING FINANCIAL DIFFICULTY OTHER CONSUMER (INCLUDES SINGLE PAYMENT; INSTALLMENT; ALL STUDENT LOANS; AND REVOLVING CREDIT PLANS OTHER THAN CREDIT CARDS) LOANS TO INDIVIDUALS FOR HOUSEHOLD; FAMILY; AND OTHER PERSONAL EXPENDITURES: NONACCRUAL,,,rc_n_past_due.csv,291315.0,0.2059,2011Q1,2025Q3,0.9819,4036019.0
pd30_forgovt_b,base,False,RC-N,stock,thousands_usd,any,RCFDK283,031+041,2011-03-31,2016-06-30,ITEMIZE LOANS TO FOREIGN GOVERNMENTS AND OFFICIAL INSTITUTIONS: PAST DUE 30 THROUGH 89 DAYS AND STILL ACCRUING,,,rc_n_past_due.csv,,,,,,
pd90_forgovt_b,base,False,RC-N,stock,thousands_usd,any,RCFDK284,031+041,2011-03-31,2016-06-30,ITEMIZE LOANS TO FOREIGN GOVERNMENTS AND OFFICIAL INSTITUTIONS: PAST DUE 90 DAYS OR MORE AND STILL ACCRUING,,,rc_n_past_due.csv,,,,,,
na_forgovt_b,base,False,RC-N,stock,thousands_usd,any,RCFDK285,031+041,2011-03-31,2016-06-30,ITEMIZE LOANS TO FOREIGN GOVERNMENTS AND OFFICIAL INSTITUTIONS: NONACCRUAL,,,rc_n_past_due.csv,,,,,,
pd30_othln_b,base,False,RC-N,stock,thousands_usd,any,RCFDK286,031+041,2011-03-31,2016-06-30,ITEMIZE OTHER LOANS: PAST DUE 30 THROUGH 89 DAYS AND STILL ACCRUING,,,rc_n_past_due.csv,,,,,,
pd90_othln_b,base,False,RC-N,stock,thousands_usd,any,RCFDK287,031+041,2011-03-31,2016-06-30,ITEMIZE OTHER LOANS: PAST DUE 90 DAYS OR MORE AND STILL ACCRUING,,,rc_n_past_due.csv,,,,,,
na_othln_b,base,False,RC-N,stock,thousands_usd,any,RCFDK288,031+041,2011-03-31,2016-06-30,ITEMIZE OTHER LOANS: NONACCRUAL,,,rc_n_past_due.csv,,,,,,
pci_balance_pd30,base,True,RC-N,stock,thousands_usd,any,RCFDL183,all,2012-06-30,2023-12-31,PURCHASED CREDIT-IMPAIRED LOANS ACCOUNTED FOR IN ACCORDANCE WITH FASB ASC 310-30 (FORMER AICPA STATEMENT OF POSITION 03-3): OUTSTANDING BALANCE PAST DUE 30 THROUGH 89 DAYS AND STILL ACCRUING,,,rc_n_past_due.csv,206740.0,0.1461,2012Q2,2023Q4,0.9711,225223672.0
pci_balance_pd90,base,True,RC-N,stock,thousands_usd,any,RCFDL184,all,2012-06-30,2023-12-31,PURCHASED CREDIT-IMPAIRED LOANS ACCOUNTED FOR IN ACCORDANCE WITH FASB ASC 310-30 (FORMER AICPA STATEMENT OF POSITION 03-3): OUTSTANDING BALANCE PAST DUE 90 DAYS OR MORE AND STILL ACCRUING,,,rc_n_past_due.csv,206737.0,0.1461,2012Q2,2023Q4,0.98,757762762.0
pci_balance_na,base,True,RC-N,stock,thousands_usd,any,RCFDL185,all,2012-06-30,2023-12-31,PURCHASED CREDIT-IMPAIRED LOANS ACCOUNTED FOR IN ACCORDANCE WITH FASB ASC 310-30 (FORMER AICPA STATEMENT OF POSITION 03-3): OUTSTANDING BALANCE PAST DUE 30 THROUGH 89 DAYS AND STILL ACCRUING NONACCRUAL,,,rc_n_past_due.csv,206743.0,0.1461,2012Q2,2023Q4,0.9661,72066892.0
pci_carrying_pd30,base,True,RC-N,stock,thousands_usd,any,RCFDL186,all,2012-06-30,2023-12-31,PURCHASED CREDIT-IMPAIRED LOANS ACCOUNTED FOR IN ACCORDANCE WITH FASB ASC 310-30 (FORMER AICPA STATEMENT OF POSITION 03-3): CARRYING AMOUNT INCLUDED IN SCHEDULE RC-N; ITEMS 1 THOUGH 7; ABOVE PAST DUE 30 THROUGH 89 DAYS AND STILL ACCRUING,,,rc_n_past_due.csv,206740.0,0.1461,2012Q2,2023Q4,0.9715,181384491.0
pci_carrying_pd90,base,True,RC-N,stock,thousands_usd,any,RCFDL187,all,2012-06-30,2023-12-31,PURCHASED CREDIT-IMPAIRED LOANS ACCOUNTED FOR IN ACCORDANCE WITH FASB ASC 310-30 (FORMER AICPA STATEMENT OF POSITION 03-3): CARRYING AMOUNT INCLUDED IN SCHEDULE RC-N; ITEMS 1 THOUGH 7; ABOVE PAST DUE 90 DAYS OR MORE AND STILL ACCRUING,,,rc_n_past_due.csv,206737.0,0.1461,2012Q2,2023Q4,0.9802,481481868.0
pci_carrying_na,base,True,RC-N,stock,thousands_usd,any,RCFDL188,all,2012-06-30,2023-12-31,PURCHASED CREDIT-IMPAIRED LOANS ACCOUNTED FOR IN ACCORDANCE WITH FASB ASC 310-30 (FORMER AICPA STATEMENT OF POSITION 03-3): CARRYING AMOUNT INCLUDED IN SCHEDULE RC-N; ITEMS 1 THOUGH 7; ABOVE NONACCRUAL,,,rc_n_past_due.csv,206742.0,0.1461,2012Q2,2023Q4,0.9673,37172169.0
pd30_nondep_fin,base,True,RC-N,stock,thousands_usd,any,RCFDPV23,all,2024-12-31,,LOANS TO NONDEPOSITORY FINANCIAL INSTITUTIONS INCLUDED IN SCHEDULE RC-N; ITEM 7 - PAST DUE 30 THROUGH 89 DAYS AND STILL ACCRUING,,,rc_n_past_due.csv,17974.0,0.0127,2024Q4,2025Q3,0.9924,2474760.0
pd90_nondep_fin,base,True,RC-N,stock,thousands_usd,any,RCFDPV24,all,2024-12-31,,LOANS TO NONDEPOSITORY FINANCIAL INSTITUTIONS INCLUDED IN SCHEDULE RC-N; ITEM 7 - PAST DUE 90 DAYS OR MORE AND STILL ACCRUING,,,rc_n_past_due.csv,17974.0,0.0127,2024Q4,2025Q3,0.9974,146126.0
na_nondep_fin,base,True,RC-N,stock,thousands_usd,any,RCFDPV25,all,2024-12-31,,LOANS TO NONDEPOSITORY FINANCIAL INSTITUTIONS INCLUDED IN SCHEDULE RC-N; ITEM 7 - NONACCRUAL,,,rc_n_past_due.csv,17974.0,0.0127,2024Q4,2025Q3,0.9893,5002240.0
pd30_lease_1226,base,False,RC-N,stock,thousands_usd,any,RCON1226,all,2001-03-31,,LEASE FINANCING RECEIVABLES - PAST DUE 30-89 DAYS AND STILL ACCRUING,,,rc_n_past_due.csv,,,,,,
pd90_lease_1227,base,False,RC-N,stock,thousands_usd,any,RCON1227,all,,,LEASE FINANCING RECEIVABLES - PAST DUE 90 DAYS OR MORE AND STILL ACCRUING,,,rc_n_past_due.csv,,,,,,
na_lease_1228,base,False,RC-N,stock,thousands_usd,any,RCON1228,all,,,LEASE FINANCING RECEIVABLES - NONACCRUAL,,,rc_n_past_due.csv,,,,,,
pd30_ci_1606,base,False,RC-N,stock,thousands_usd,any,RCON1606,all,2001-03-31,,COMMERCIAL AND INDUSTRIAL LOANS - PAST DUE 30-89 DAYS AND STILL ACCRUING,,,rc_n_past_due.csv,,,,,,
pd90_ci_1607,base,False,RC-N,stock,thousands_usd,any,RCON1607,all,,,COMMERCIAL AND INDUSTRIAL LOANS - PAST DUE 90 DAYS OR MORE AND STILL ACCRUING,,,rc_n_past_due.csv,,,,,,
pd30_farmland,base,True,RC-N,stock,thousands_usd,any,RCON3493,all,2001-03-31,,LOANS SECURED BY REAL ESTATE (IN DOMESTIC OFFICES): SECURED BY FARMLAND - PAST DUE 30 THROUGH 89 DAYS AND STILL ACCRUING,,,rc_n_past_due.csv,656045.0,0.4636,2001Q1,2025Q3,0.7978,45418241.0
pd90_farmland,base,True,RC-N,stock,thousands_usd,any,RCON3494,all,1991-03-31,,LOANS SECURED BY REAL ESTATE (IN DOMESTIC OFFICES): SECURED BY FARMLAND - PAST DUE 90 DAYS OR MORE AND STILL ACCRUING,,,rc_n_past_due.csv,704037.0,0.4975,1991Q1,2025Q3,0.9383,15742461.0
pd30_multifam,base,True,RC-N,stock,thousands_usd,any,RCON3499,all,2001-03-31,,LOANS SECURED BY REAL ESTATE (IN DOMESTIC OFFICES): SECURED BY MULTIFAMILY (5 OR MORE) RESIDENTIAL PROPERTIES - PAST DUE 30 THROUGH 89 DAYS AND STILL ACCRUING,,,rc_n_past_due.csv,656045.0,0.4636,2001Q1,2025Q3,0.9317,89099130.0
pd90_multifam,base,True,RC-N,stock,thousands_usd,any,RCON3500,all,1991-03-31,,LOANS SECURED BY REAL ESTATE (IN DOMESTIC OFFICES): SECURED BY MULTIFAMILY (5 OR MORE) RESIDENTIAL PROPERTIES - PAST DUE 90 DAYS OR MORE AND STILL ACCRUING,,,rc_n_past_due.csv,704037.0,0.4975,1991Q1,2025Q3,0.9806,27989933.0
pd30_heloc,base,True,RC-N,stock,thousands_usd,any,RCON5398,all,2001-03-31,,LOANS SECURED BY 1-4 FAMILY RESIDENTIAL PROPERTIES: REVOLVING; OPEN-END LOANS SECURED BY 1-4 FAMILY RESIDENTIAL PROPERTIES AND EXTENDED UNDER LINES OF CREDIT - PAST DUE 30 THROUGH 89 DAYS AND STILL ACCRUING,,,rc_n_past_due.csv,656045.0,0.4636,2001Q1,2025Q3,0.7494,308442607.0
pd90_heloc,base,True,RC-N,stock,thousands_usd,any,RCON5399,all,1991-03-31,,LOANS SECURED BY 1-4 FAMILY RESIDENTIAL PROPERTIES: REVOLVING; OPEN-END LOANS SECURED BY 1-4 FAMILY RESIDENTIAL PROPERTIES AND EXTENDED UNDER LINES OF CREDIT - PAST DUE 90 DAYS OR MORE AND STILL ACCRUING,,,rc_n_past_due.csv,704037.0,0.4975,1991Q1,2025Q3,0.9253,96266500.0
pd30_depinst_b834,base,False,RC-N,stock,thousands_usd,any,RCONB834,041+051,2001-03-31,,LOANS TO DEPOSITORY INSTITUTIONS AND ACCEPTANCES OF OTHER BANKS - PAST DUE 30 THROUGH 89 DAYS AND STILL ACCRUING,,,rc_n_past_due.csv,,,,,,
pd90_depinst_b835,base,False,RC-N,stock,thousands_usd,any,RCONB835,041+051,2001-03-31,,LOANS TO DEPOSITORY INSTITUTIONS AND ACCEPTANCES OF OTHER BANKS - PAST DUE 90 DAYS OR MORE AND STILL ACCRUING,,,rc_n_past_due.csv,,,,,,
na_depinst_b836,base,False,RC-N,stock,thousands_usd,any,RCONB836,041+051,2001-03-31,,LOANS TO DEPOSITORY INSTITUTIONS AND ACCEPTANCES OF OTHER BANKS - NONACCRUAL,,,rc_n_past_due.csv,,,,,,
na_constr_3492,base,False,RC-N,stock,thousands_usd,any,RCON3492,all,1991-03-31,2010-12-31,LOANS SECURED BY REAL ESTATE (IN DOMESTIC OFFICES): CONSTRUCTION AND LAND DEVELOPMENT; AND OTHER LAND LOANS - NONACCRUAL,,,rc_n_past_due.csv,,,,,,
na_constr_5426,base,False,RC-N,stock,thousands_usd,any,RCON5426,041,1991-03-31,2000-12-31,REAL ESTATE LOANS: CONSTRUCTION AND LAND DEVELOPMENT - NONACCRUAL,,,rc_n_past_due.csv,,,,,,
na_nfnres_3504,base,False,RC-N,stock,thousands_usd,any,RCON3504,all,1991-03-31,2010-12-31,LOANS SECURED BY REAL ESTATE (IN DOMESTIC OFFICES): SECURED BY NONFARM NONRESIDENTIAL PROPERTIES - NONACCRUAL,,,rc_n_past_due.csv,,,,,,
na_nfnres_5441,base,False,RC-N,stock,thousands_usd,any,RCON5441,041,1991-03-31,2000-12-31,REAL ESTATE LOANS: SECURED BY NONFARM NONRESIDENTIAL PROPERTIES - NONACCRUAL,,,rc_n_past_due.csv,,,,,,
pd30_famres_first,base,True,RC-N,stock,thousands_usd,any,RCONC236,all,2002-03-31,,CLOSED-END LOANS SECURED BY 1-4 FAMILY RESIDENTIAL PROPERTIES:SECURED BY FIRST LIENS-PAST DUE 30 THRU 89 DAYS AND STILL ACCRUING,,,rc_n_past_due.csv,621331.0,0.4391,2002Q1,2025Q3,0.2905,2250281153.0
pd90_famres_first,base,True,RC-N,stock,thousands_usd,any,RCONC237,all,2002-03-31,,CLOSED-END LOANS SECURED BY 1-4 FAMILY RESIDENTIAL PROPERTIES:SECURED BY FIRST LIENS-PAST DUE 90 DAYS OR MORE AND STILL ACCRUING,,,rc_n_past_due.csv,621331.0,0.4391,2002Q1,2025Q3,0.7213,3269957547.0
pd30_famres_junior,base,True,RC-N,stock,thousands_usd,any,RCONC238,all,2002-03-31,,CLOSED-END LOANS SECURED BY 1-4 FAMILY RESIDENTIAL PROPERTIES:SECURED BY JUNIOR LIENS-PAST DUE 30 THRU 89 DAYS AND STILL ACCRUING,,,rc_n_past_due.csv,621331.0,0.4391,2002Q1,2025Q3,0.7151,118166453.0
pd90_famres_junior,base,True,RC-N,stock,thousands_usd,any,RCONC239,all,2002-03-31,,CLOSED-END LOANS SECURED BY 1-4 FAMILY RESIDENTIAL PROPERTIES:SECURED BY JUNIOR LIENS-PAST DUE 90 DAYS OR MORE AND STILL ACCRUING,,,rc_n_past_due.csv,621331.0,0.4391,2002Q1,2025Q3,0.9279,29687284.0
pd30_constr_res14,base,False,RC-N,stock,thousands_usd,any,RCONF172,all,2007-03-31,,1-4 FAMILY RESIDENTIAL CONSTRUCTION LOANS: PAST DUE 31 - 89 DAYS,,,rc_n_past_due.csv,,,,,,
pd30_constr_oth,base,False,RC-N,stock,thousands_usd,any,RCONF173,all,2007-03-31,,OTHER CONSTRUCTION LOANS AND ALL LAND DEVELOPMENT AND OTHER LAND LOANS; PAST DUE 31 - 89 DAYS,,,rc_n_past_due.csv,,,,,,
pd90_constr_res14,base,False,RC-N,stock,thousands_usd,any,RCONF174,all,2007-03-31,,1-4 FAMILY RESIDENTIAL CONSTRUCTION LOANS; PAST DUE 90 OR MORE DAYS AND STILL ACCRUING.,,,rc_n_past_due.csv,,,,,,
pd90_constr_oth,base,False,RC-N,stock,thousands_usd,any,RCONF175,all,2007-03-31,,OTHER CONSTRUCTION LOANS AND ALL LAND DEVELOPMENT AND OTHER LAND LOANS; PAST DUE 90 OR MORE DAYS AND STILL ACCRUING.,,,rc_n_past_due.csv,,,,,,
pd30_constr_res14_lossshare,base,True,RC-N,stock,thousands_usd,any,RCONK045,031+041,2011-03-31,2023-06-30,LOANS AND LEASES COVERED BY LOSS SHARING AGREEMENTS WITH THE FDIC: LOANS SECURED BY RE-1-4 FAMILY RESIDENTIAL CONSTRUCTION LOANS : PAST DUE 30 THROUGH 89 DAYS AND STILL ACCRUING,,,rc_n_past_due.csv,201874.0,0.1427,2011Q1,2023Q2,0.9979,550634.0
pd90_constr_res14_lossshare,base,True,RC-N,stock,thousands_usd,any,RCONK046,031+041,2011-03-31,2023-06-30,LOANS AND LEASES COVERED BY LOSS SHARING AGREEMENTS WITH THE FDIC: LOANS SECURED BY RE-1-4 FAMILY RESIDENTIAL CONSTRUCTION LOANS : PAST DUE 90 DAYS OR MORE AND STILL ACCRUING,,,rc_n_past_due.csv,201874.0,0.1427,2011Q1,2023Q2,0.9965,4699119.0
na_constr_res14_lossshare,base,True,RC-N,stock,thousands_usd,any,RCONK047,031+041,2011-03-31,2023-06-30,LOANS AND LEASES COVERED BY LOSS SHARING AGREEMENTS WITH THE FDIC: LOANS SECURED BY RE-1-4 FAMILY RESIDENTIAL CONSTRUCTION LOANS : NONACCRUAL,,,rc_n_past_due.csv,201874.0,0.1427,2011Q1,2023Q2,0.9973,1740255.0
pd30_farmland_lossshare,base,True,RC-N,stock,thousands_usd,any,RCONK051,031+041,2011-03-31,2023-06-30,LOANS AND LEASES COVERED BY LOSS SHARING AGREEMENTS WITH THE FDIC: LOANS SECURED BY RE: SECURED BY FARMLAND -PAST DUE 30 THROUGH 89 DAYS AND STILL ACCRUING,,,rc_n_past_due.csv,201874.0,0.1427,2011Q1,2023Q2,0.9979,249989.0
pd90_farmland_lossshare,base,True,RC-N,stock,thousands_usd,any,RCONK052,031+041,2011-03-31,2023-06-30,LOANS AND LEASES COVERED BY LOSS SHARING AGREEMENTS WITH THE FDIC: LOANS SECURED BY RE: SECURED BY FARMLAND -PAST DUE 90 DAYS OR MORE AND STILL ACCRUING,,,rc_n_past_due.csv,201874.0,0.1427,2011Q1,2023Q2,0.9973,1223518.0
na_farmland_lossshare,base,True,RC-N,stock,thousands_usd,any,RCONK053,031+041,2011-03-31,2023-06-30,LOANS AND LEASES COVERED BY LOSS SHARING AGREEMENTS WITH THE FDIC: LOANS SECURED BY RE: SECURED BY FARMLAND -NONACCRUAL,,,rc_n_past_due.csv,201874.0,0.1427,2011Q1,2023Q2,0.9979,598862.0
pd30_heloc_lossshare,base,True,RC-N,stock,thousands_usd,any,RCONK054,031+041,2011-03-31,2023-06-30,LOANS AND LEASES COVERED BY LOSS SHARING AGREEMENTS WITH THE FDIC: LOANS SECURED BY 1-4 FAMILY RESIDENTIAL PROPERTIES-REVOLVING; OPEN-END LOANS EXTENDED UNDER LINES OF CREDIT -PAST DUE 30 THROUGH 89 DAYS AND STILL ACCRUING,,,rc_n_past_due.csv,201874.0,0.1427,2011Q1,2023Q2,0.9915,1290569.0
pd90_heloc_lossshare,base,True,RC-N,stock,thousands_usd,any,RCONK055,031+041,2011-03-31,2023-06-30,LOANS AND LEASES COVERED BY LOSS SHARING AGREEMENTS WITH THE FDIC: LOANS SECURED BY 1-4 FAMILY RESIDENTIAL PROPERTIES-REVOLVING; OPEN-END LOANS EXTENDED UNDER LINES OF CREDIT -PAST DUE 90 DAYS OR MORE AND STILL ACCRUING,,,rc_n_past_due.csv,201874.0,0.1427,2011Q1,2023Q2,0.9945,1548514.0
na_heloc_lossshare,base,True,RC-N,stock,thousands_usd,any,RCONK056,031+041,2011-03-31,2023-06-30,LOANS AND LEASES COVERED BY LOSS SHARING AGREEMENTS WITH THE FDIC: LOANS SECURED BY 1-4 FAMILY RESIDENTIAL PROPERTIES-REVOLVING; OPEN-END LOANS EXTENDED UNDER LINES OF CREDIT -NONACCRUAL,,,rc_n_past_due.csv,201874.0,0.1427,2011Q1,2023Q2,0.9924,1915277.0
pd30_famres_first_lossshare,base,True,RC-N,stock,thousands_usd,any,RCONK057,031+041,2011-03-31,2023-06-30,LOANS AND LEASES COVERED BY LOSS SHARING AGREEMENTS WITH THE FDIC: CLOSED-END LOANS SECURED BY 1-4 FAMILY RESIDENTIAL PROPERTIES :SECURED BY FIRST LIENS -PAST DUE 30 THROUGH 89 DAYS AND STILL ACCRUING,,,rc_n_past_due.csv,201874.0,0.1427,2011Q1,2023Q2,0.9886,25679705.0
pd90_famres_first_lossshare,base,True,RC-N,stock,thousands_usd,any,RCONK058,031+041,2011-03-31,2023-06-30,LOANS AND LEASES COVERED BY LOSS SHARING AGREEMENTS WITH THE FDIC: CLOSED-END LOANS SECURED BY 1-4 FAMILY RESIDENTIAL PROPERTIES :SECURED BY FIRST LIENS - PAST DUE 90 DAYS OR MORE AND STILL ACCRUING,,,rc_n_past_due.csv,201874.0,0.1427,2011Q1,2023Q2,0.9916,62160643.0
na_famres_first_lossshare,base,True,RC-N,stock,thousands_usd,any,RCONK059,031+041,2011-03-31,2023-06-30,LOANS AND LEASES COVERED BY LOSS SHARING AGREEMENTS WITH THE FDIC: CLOSED-END LOANS SECURED BY 1-4 FAMILY RESIDENTIAL PROPERTIES :SECURED BY FIRST LIENS -NONACCRUAL,,,rc_n_past_due.csv,201874.0,0.1427,2011Q1,2023Q2,0.9903,7798534.0
pd30_famres_junior_lossshare,base,True,RC-N,stock,thousands_usd,any,RCONK060,031+041,2011-03-31,2023-06-30,LOANS AND LEASES COVERED BY LOSS SHARING AGREEMENTS WITH THE FDIC: CLOSED END LOANS SECURED BY 1-4 FAMILY RESIDENTIAL PROPERTIES :SECURED BY JUNIOR LIENS -PAST DUE 30 THROUGH 89 DAYS AND STILL ACCRUING,,,rc_n_past_due.csv,201874.0,0.1427,2011Q1,2023Q2,0.9925,550372.0
pd90_famres_junior_lossshare,base,True,RC-N,stock,thousands_usd,any,RCONK061,031+041,2011-03-31,2023-06-30,LOANS AND LEASES COVERED BY LOSS SHARING AGREEMENTS WITH THE FDIC: CLOSED END LOANS SECURED BY 1-4 FAMILY RESIDENTIAL PROPERTIES :SECURED BY JUNIOR LIENS -PAST DUE 90 DAYS OR MORE AND STILL ACCRUING,,,rc_n_past_due.csv,201874.0,0.1427,2011Q1,2023Q2,0.9943,1366187.0
na_famres_junior_lossshare,base,True,RC-N,stock,thousands_usd,any,RCONK062,031+041,2011-03-31,2023-06-30,LOANS AND LEASES COVERED BY LOSS SHARING AGREEMENTS WITH THE FDIC: CLOSED END LOANS SECURED BY 1-4 FAMILY RESIDENTIAL PROPERTIES :SECURED BY JUNIOR LIENS -NONACCRUAL,,,rc_n_past_due.csv,201874.0,0.1427,2011Q1,2023Q2,0.994,626915.0
pd30_multifam_lossshare,base,True,RC-N,stock,thousands_usd,any,RCONK063,031+041,2011-03-31,2023-06-30,LOANS AND LEASES COVERED BY LOSS SHARING AGREEMENTS WITH THE FDIC: LOANS SECURED BY RE: SECURED BY MULTIFAMILY (5 OR MORE) RESIDENTIAL PROPERTIES -PAST DUE 30 THROUGH 89 DAYS AND STILL ACCRUING,,,rc_n_past_due.csv,201874.0,0.1427,2011Q1,2023Q2,0.9964,2219223.0
pd90_multifam_lossshare,base,True,RC-N,stock,thousands_usd,any,RCONK064,031+041,2011-03-31,2023-06-30,LOANS AND LEASES COVERED BY LOSS SHARING AGREEMENTS WITH THE FDIC: LOANS SECURED BY RE: SECURED BY MULTIFAMILY (5 OR MORE) RESIDENTIAL PROPERTIES-PAST DUE 90 DAYS OR MORE AND STILL ACCRUING,,,rc_n_past_due.csv,201874.0,0.1427,2011Q1,2023Q2,0.9957,6209533.0
na_multifam_lossshare,base,True,RC-N,stock,thousands_usd,any,RCONK065,031+041,2011-03-31,2023-06-30,LOANS AND LEASES COVERED BY LOSS SHARING AGREEMENTS WITH THE FDIC: LOANS SECURED BY RE: SECURED BY MULTIFAMILY (5 OR MORE) RESIDENTIAL PROPERTIES -NONACCRUAL,,,rc_n_past_due.csv,201874.0,0.1427,2011Q1,2023Q2,0.997,2211581.0
pd30_nfnres_owner_lossshare,base,True,RC-N,stock,thousands_usd,any,RCONK066,031+041,2011-03-31,2023-06-30,LOANS AND LEASES COVERED BY LOSS SHARING AGREEMENTS WITH THE FDIC: LOANS SECURED BY RE: SECURED BY NONFARM NONRESIDENTIAL PROPERTIES -OWNER OCCUPIED : PAST DUE 30 THROUGH 89 DAYS AND STILL ACCRUING,,,rc_n_past_due.csv,201874.0,0.1427,2011Q1,2023Q2,0.9926,4389777.0
pd90_nfnres_owner_lossshare,base,True,RC-N,stock,thousands_usd,any,RCONK067,031+041,2011-03-31,2023-06-30,LOANS AND LEASES COVERED BY LOSS SHARING AGREEMENTS WITH THE FDIC: LOANS SECURED BY RE: SECURED BY NONFARM NONRESIDENTIAL PROPERTIES -OWNER OCCUPIED -PAST DUE 90 DAYS OR MORE AND STILL ACCRUING,,,rc_n_past_due.csv,201874.0,0.1427,2011Q1,2023Q2,0.9943,16349427.0
na_nfnres_owner_lossshare,base,True,RC-N,stock,thousands_usd,any,RCONK068,031+041,2011-03-31,2023-06-30,LOANS AND LEASES COVERED BY LOSS SHARING AGREEMENTS WITH THE FDIC: LOANS SECURED BY RE: SECURED BY NONFARM NONRESIDENTIAL PROPERTIES -OWNER OCCUPIED -NONACCRUAL,,,rc_n_past_due.csv,201874.0,0.1427,2011Q1,2023Q2,0.993,5522362.0
pd30_nfnres_oth_lossshare,base,True,RC-N,stock,thousands_usd,any,RCONK069,031+041,2011-03-31,2023-06-30,LOANS AND LEASES COVERED BY LOSS SHARING AGREEMENTS WITH THE FDIC: LOANS SECURED BY RE: SECURED BY NONFARM NONRESIDENTIAL PROPERTIES -OTHER : PAST DUE 30 THROUGH 89 DAYS AND STILL ACCRUING,,,rc_n_past_due.csv,201874.0,0.1427,2011Q1,2023Q2,0.9932,7188125.0
pd90_nfnres_oth_lossshare,base,True,RC-N,stock,thousands_usd,any,RCONK070,031+041,2011-03-31,2023-06-30,LOANS AND LEASES COVERED BY LOSS SHARING AGREEMENTS WITH THE FDIC: LOANS SECURED BY RE: SECURED BY NONFARM NONRESIDENTIAL PROPERTIES -OTHER -PAST DUE 90 DAYS OR MORE AND STILL ACCRUING,,,rc_n_past_due.csv,201874.0,0.1427,2011Q1,2023Q2,0.994,24914627.0
na_nfnres_oth_lossshare,base,True,RC-N,stock,thousands_usd,any,RCONK071,031+041,2011-03-31,2023-06-30,LOANS AND LEASES COVERED BY LOSS SHARING AGREEMENTS WITH THE FDIC: LOANS SECURED BY RE: SECURED BY NONFARM NONRESIDENTIAL PROPERTIES -OTHER -NONACCRUAL,,,rc_n_past_due.csv,201874.0,0.1427,2011Q1,2023Q2,0.9934,10280393.0
pd30_constr_res14_modified,base,True,RC-N,stock,thousands_usd,any,RCONK105,all,2011-03-31,,LOAN MODIFICATIONS TO BORROWERS EXPERIENCING FINANCIAL DIFFICULTY 1-4 FAMILY RESIDENTIAL CONSTRUCTION LOANS :PAST DUE 30 THROUGH 89 DAYS AND STILL ACCRUING,,,rc_n_past_due.csv,291313.0,0.2059,2011Q1,2025Q3,0.9977,960900.0
pd90_constr_res14_modified,base,True,RC-N,stock,thousands_usd,any,RCONK106,all,2011-03-31,,LOAN MODIFICATIONS TO BORROWERS EXPERIENCING FINANCIAL DIFFICULTY 1-4 FAMILY RESIDENTIAL CONSTRUCTION LOANS : PAST DUE 90 DAYS OR MORE AND STILL ACCRUING,,,rc_n_past_due.csv,291311.0,0.2059,2011Q1,2025Q3,0.9994,183553.0
na_constr_res14_modified,base,True,RC-N,stock,thousands_usd,any,RCONK107,all,2011-03-31,,LOAN MODIFICATIONS TO BORROWERS EXPERIENCING FINANCIAL DIFFICULTY 1-4 FAMILY RESIDENTIAL CONSTRUCTION LOANS -NONACCRUAL,,,rc_n_past_due.csv,291317.0,0.2059,2011Q1,2025Q3,0.976,17573077.0
pd30_constr_oth_modified,base,True,RC-N,stock,thousands_usd,any,RCONK108,all,2011-03-31,,LOAN MODIFICATIONS TO BORROWERS EXPERIENCING FINANCIAL DIFFICULTY OTHER CONSTRUCTION LOANS AND ALL LAND DEVELOPMENT AND OTHER LAND LOANS: PAST DUE 30 THROUGH 89 DAYS AND STILL ACCRUING,,,rc_n_past_due.csv,291315.0,0.2059,2011Q1,2025Q3,0.9883,3746478.0
pd90_constr_oth_modified,base,True,RC-N,stock,thousands_usd,any,RCONK109,all,2011-03-31,,LOAN MODIFICATIONS TO BORROWERS EXPERIENCING FINANCIAL DIFFICULTY OTHER CONSTRUCTION LOANS AND ALL LAND DEVELOPMENT AND OTHER LAND LOANS: PAST DUE 90 DAYS OR MORE AND STILL ACCRUING,,,rc_n_past_due.csv,291311.0,0.2059,2011Q1,2025Q3,0.9973,1378751.0
na_constr_oth_modified,base,True,RC-N,stock,thousands_usd,any,RCONK110,all,2011-03-31,,LOAN MODIFICATIONS TO BORROWERS EXPERIENCING FINANCIAL DIFFICULTY OTHER CONSTRUCTION LOANS AND ALL LAND DEVELOPMENT AND OTHER LAND LOANS-NONACCRUAL,,,rc_n_past_due.csv,291315.0,0.2059,2011Q1,2025Q3,0.9016,81793399.0
pd30_multifam_modified,base,True,RC-N,stock,thousands_usd,any,RCONK111,all,2011-03-31,,LOAN MODIFICATIONS TO BORROWERS EXPERIENCING FINANCIAL DIFFICULTY SECURED BY MULTIFAMILY RESIDENTIAL PROPERTIES IN DOMESTIC OFFICES: PAST DUE 30 THROUGH 89 DAYS AND STILL ACCRUING,,,rc_n_past_due.csv,291312.0,0.2059,2011Q1,2025Q3,0.9959,2234987.0
pd90_multifam_modified,base,True,RC-N,stock,thousands_usd,any,RCONK112,all,2011-03-31,,LOAN MODIFICATIONS TO BORROWERS EXPERIENCING FINANCIAL DIFFICULTY SECURED BY MULTIFAMILY RESIDENTIAL PROPERTIES IN DOMESTIC OFFICES :PAST DUE 90 DAYS OR MORE AND STILL ACCRUING,,,rc_n_past_due.csv,291312.0,0.2059,2011Q1,2025Q3,0.9992,407249.0
na_multifam_modified,base,True,RC-N,stock,thousands_usd,any,RCONK113,all,2011-03-31,,LOAN MODIFICATIONS TO BORROWERS EXPERIENCING FINANCIAL DIFFICULTY SECURED BY MULTIFAMILY RESIDENTIAL PROPERTIES IN DOMESTIC OFFICES: NONACCRUAL,,,rc_n_past_due.csv,291312.0,0.2059,2011Q1,2025Q3,0.9664,22068614.0
pd30_nfnres_owner,base,False,RC-N,stock,thousands_usd,any,RCONK114,all,2011-03-31,,LOAN MODIFICATIONS TO BORROWERS EXPERIENCING FINANCIAL DIFFICULTY LOANS SECURED BY OWNER OCCUPIED NONFARM NONRESIDENTIAL PROPERTIES: PAST DUE 30 THROUGH 89 DAYS AND STILL ACCRUING,,,rc_n_past_due.csv,,,,,,
pd90_nfnres_owner,base,False,RC-N,stock,thousands_usd,any,RCONK115,all,2011-03-31,,LOAN MODIFICATIONS TO BORROWERS EXPERIENCING FINANCIAL DIFFICULTY LOANS SECURED BY OWNER OCCUPIED NONFARM NONRESIDENTIAL PROPERTIES: PAST DUE 90 DAYS OR MORE AND STILL ACCRUING,,,rc_n_past_due.csv,,,,,,
na_nfnres_owner,base,False,RC-N,stock,thousands_usd,any,RCONK116,all,2011-03-31,,LOAN MODIFICATIONS TO BORROWERS EXPERIENCING FINANCIAL DIFFICULTY LOANS SECURED BY OWNER OCCUPIED NONFARM NONRESIDENTIAL PROPERTIES: NONACCRUAL,,,rc_n_past_due.csv,,,,,,
pd30_nfnres_oth,base,False,RC-N,stock,thousands_usd,any,RCONK117,all,2011-03-31,,LOAN MODIFICATIONS TO BORROWERS EXPERIENCING FINANCIAL DIFFICULTY LOANS SECURED BY OWNER OCCUPIED NONFARM NONRESIDENTIAL PROPERTIES: NONACCRUAL,,,rc_n_past_due.csv,,,,,,
pd90_nfnres_oth,base,False,RC-N,stock,thousands_usd,any,RCONK118,all,2011-03-31,,LOAN MODIFICATIONS TO BORROWERS EXPERIENCING FINANCIAL DIFFICULTY LOANS SECURED BY OTHER NONFARM NONRESIDENTIAL PROPERTIES :PAST DUE 90 DAYS OR MORE AND STILL ACCRUING,,,rc_n_past_due.csv,,,,,,
na_nfnres_oth,base,False,RC-N,stock,thousands_usd,any,RCONK119,all,2011-03-31,,LOAN MODIFICATIONS TO BORROWERS EXPERIENCING FINANCIAL DIFFICULTY -LOANS SECURED BY OTHER NONFARM NONRESIDENTIAL PROPERTIES :NONACCRUAL,,,rc_n_past_due.csv,,,,,,
pd30_farmland_modified,base,True,RC-N,stock,thousands_usd,any,RCONK130,all,2011-03-31,,ITEMIZE LOAN MODIFICATIONS TO BORROWERS EXPERIENCING FINANCIAL DIFFICULTY SECURED BY FARMLAND IN DOMESTIC OFFICES INCLUDED IN ALL OTHER LOANS PAST DUE 30 THROUGH 89 DAYS AND STILL ACCRUING,,,rc_n_past_due.csv,291314.0,0.2059,2011Q1,2025Q3,0.9964,464876.0
pd90_farmland_modified,base,True,RC-N,stock,thousands_usd,any,RCONK131,all,2011-03-31,,ITEMIZE LOAN MODIFICATIONS TO BORROWERS EXPERIENCING FINANCIAL DIFFICULTY SECURED BY FARMLAND IN DOMESTIC OFFICES INCLUDED IN ALL OTHER LOANS: PAST DUE 90 DAYS OR MORE AND STILL ACCRUING,,,rc_n_past_due.csv,291313.0,0.2059,2011Q1,2025Q3,0.999,198360.0
na_farmland_modified,base,True,RC-N,stock,thousands_usd,any,RCONK132,all,2011-03-31,,ITEMIZE LOAN MODIFICATIONS TO BORROWERS EXPERIENCING FINANCIAL DIFFICULTY SECURED BY FARMLAND IN DOMESTIC OFFICES INCLUDED IN ALL OTHER LOANS: NONACCRUAL,,,rc_n_past_due.csv,291316.0,0.2059,2011Q1,2025Q3,0.9724,9548229.0
pd30_ci_modified,base,True,RC-N,stock,thousands_usd,any,RCONK257,041+051,2011-03-31,,LOAN MODIFICATIONS TO BORROWERS EXPERIENCING FINANCIAL DIFFICULTY: COMMERCIAL AND INDUSTRIAL LOANS - PAST DUE 30 THROUGH 89 DAYS AND STILL ACCRUING,,,rc_n_past_due.csv,286337.0,0.2024,2011Q1,2025Q3,0.9714,3190669.0
pd90_ci_modified,base,True,RC-N,stock,thousands_usd,any,RCONK258,041+051,2011-03-31,,LOAN MODIFICATIONS TO BORROWERS EXPERIENCING FINANCIAL DIFFICULTY: COMMERCIAL AND INDUSTRIAL LOANS - PAST DUE 90 DAYS OR MORE AND STILL ACCRUING,,,rc_n_past_due.csv,286333.0,0.2023,2011Q1,2025Q3,0.9939,1134513.0
na_ci_modified,base,True,RC-N,stock,thousands_usd,any,RCONK259,041+051,2011-03-31,,LOAN MODIFICATIONS TO BORROWERS EXPERIENCING FINANCIAL DIFFICULTY: COMMERCIAL AND INDUSTRIAL LOANS - NONACCRUAL,,,rc_n_past_due.csv,286353.0,0.2024,2011Q1,2025Q3,0.8358,76450295.0
pd30_nfnres_owner_f178,base,False,RC-N,stock,thousands_usd,any,RCONF178,all,2007-03-31,,LOANS SECURED BY OWNER-OCCUPIED NONFARM NONRESIDENTIAL PROPERTIES; 30-89 DAYS PAST DUE,,,rc_n_past_due.csv,,,,,,
pd30_nfnres_oth_f179,base,False,RC-N,stock,thousands_usd,any,RCONF179,all,2007-03-31,,LOANS SECURED BY OTHER NONFARM NONRESIDENTIAL PROPERTIES; 30-89 DAYS PAST DUE,,,rc_n_past_due.csv,,,,,,
pd90_nfnres_owner_f180,base,False,RC-N,stock,thousands_usd,any,RCONF180,all,2007-03-31,,LOANS SECURED BY OWNER-OCCUPIED NONFARM NONRESIDENTIAL PROPERTIES; 90 OR MORE DAYS PAST DUE AND STILL ACCRUING,,,rc_n_past_due.csv,,,,,,
pd90_nfnres_oth_f181,base,False,RC-N,stock,thousands_usd,any,RCONF181,all,2007-03-31,,LOANS SECURED BY OTHER NONFARM NONRESIDENTIAL PROPERTIES; 90 OR MORE DAYS PAST DUE AND STILL ACCRUING,,,rc_n_past_due.csv,,,,,,
pd30_nfnres_3502,base,False,RC-N,stock,thousands_usd,any,RCON3502,all,1991-03-31,2010-12-31,LOANS SECURED BY REAL ESTATE (IN DOMESTIC OFFICES): SECURED BY NONFARM NONRESIDENTIAL PROPERTIES - PAST DUE 30 THROUGH 89 DAYS AND STILL ACCRUING,,,rc_n_past_due.csv,,,,,,
pd90_nfnres_3503,base,False,RC-N,stock,thousands_usd,any,RCON3503,all,1991-03-31,2010-12-31,LOANS SECURED BY REAL ESTATE (IN DOMESTIC OFFICES): SECURED BY NONFARM NONRESIDENTIAL PROPERTIES - PAST DUE 90 DAYS OR MORE AND STILL ACCRUING,,,rc_n_past_due.csv,,,,,,
pd30_constr_2759,base,False,RC-N,stock,thousands_usd,any,RCON2759,all,1991-03-31,2010-12-31,LOANS SECURED BY REAL ESTATE (IN DOMESTIC OFFICES): CONSTRUCTION AND LAND DEVELOPMENT; AND OTHER LAND LOANS - PAST DUE 30 THROUGH 89 DAYS AND STILL ACCRUING,,,rc_n_past_due.csv,,,,,,
pd90_constr_2769,base,False,RC-N,stock,thousands_usd,any,RCON2769,all,1991-03-31,2010-12-31,LOANS SECURED BY REAL ESTATE (IN DOMESTIC OFFICES): CONSTRUCTION AND LAND DEVELOPMENT; AND OTHER LAND LOANS - PAST DUE 90 DAYS OR MORE AND STILL ACCRUING,,,rc_n_past_due.csv,,,,,,
pd30_re_foreign,base,True,RC-N,stock,thousands_usd,any,RCFNB572,031,2001-03-31,,LOANS SECURED BY REAL ESTATE: IN FOREIGN OFFICES - PAST DUE 30 THROUGH 89 DAYS AND STILL ACCRUING,,,rc_n_past_due.csv,9276.0,0.0066,2001Q1,2025Q3,0.9113,41580452.0
pd90_re_foreign,base,True,RC-N,stock,thousands_usd,any,RCFNB573,031,2001-03-31,,LOANS SECURED BY REAL ESTATE: IN FOREIGN OFFICES - PAST DUE 90 DAYS OR MORE AND STILL ACCRUING,,,rc_n_past_due.csv,9276.0,0.0066,2001Q1,2025Q3,0.9591,5788505.0
pd30_depinst_5377,base,False,RC-N,stock,thousands_usd,any,RCFD5377,031,1991-03-31,,LOANS TO DEPOSITORY INSTITUTIONS AND ACCEPTANCES OF OTHER BANKS: TO U.S. BANKS AND OTHER U.S. DEPOSITORY INSTITUTIONS - PAST DUE 30 THROUGH 89 DAYS AND STILL ACCRUING,,,rc_n_past_due.csv,,,,,,
pd30_depinst_5380,base,False,RC-N,stock,thousands_usd,any,RCFD5380,031,1991-03-31,,LOANS TO DEPOSITORY INSTITUTIONS AND ACCEPTANCES OF OTHER BANKS: TO FOREIGN BANKS - PAST DUE 30 THROUGH 89 DAYS AND STILL ACCRUING,,,rc_n_past_due.csv,,,,,,
pd90_depinst_5378,base,False,RC-N,stock,thousands_usd,any,RCFD5378,031,1991-03-31,,LOANS TO DEPOSITORY INSTITUTIONS AND ACCEPTANCES OF OTHER BANKS: TO U.S. BANKS AND OTHER U.S. DEPOSITORY INSTITUTIONS - PAST DUE 90 DAYS OR MORE AND STILL ACCRUING,,,rc_n_past_due.csv,,,,,,
pd90_depinst_5381,base,False,RC-N,stock,thousands_usd,any,RCFD5381,031,1991-03-31,,LOANS TO DEPOSITORY INSTITUTIONS AND ACCEPTANCES OF OTHER BANKS: TO FOREIGN BANKS - PAST DUE 90 DAYS OR MORE AND STILL ACCRUING,,,rc_n_past_due.csv,,,,,,
pd30_ci_1251,base,False,RC-N,stock,thousands_usd,any,RCFD1251,031,1987-03-31,,COMMERCIAL AND INDUSTRIAL LOANS TO U.S. ADDRESSEES (DOMICILE) - PAST DUE 30-89 DAYS AND STILL ACCRUING,,,rc_n_past_due.csv,,,,,,
pd30_ci_1254,base,False,RC-N,stock,thousands_usd,any,RCFD1254,031,1987-03-31,,COMMERCIAL AND INDUSTRIAL LOANS TO NON-U.S. ADDRESSEES (DOMICILE) - PAST DUE 30-89 DAYS AND STILL ACCRUING,,,rc_n_past_due.csv,,,,,,
pd90_ci_1252,base,False,RC-N,stock,thousands_usd,any,RCFD1252,031,1987-03-31,,COMMERCIAL AND INDUSTRIAL LOANS TO U.S. ADDRESSEES (DOMICILE) - PAST DUE 90 DAYS OR MORE AND STILL ACCRUING,,,rc_n_past_due.csv,,,,,,
pd90_ci_1255,base,False,RC-N,stock,thousands_usd,any,RCFD1255,031,1987-03-31,,COMMERCIAL AND INDUSTRIAL LOANS TO NON-U.S. ADDRESSEES (DOMICILE) - PAST DUE 90 DAYS OR MORE AND STILL ACCRUING,,,rc_n_past_due.csv,,,,,,
pd30_lease_f166,base,False,RC-N,stock,thousands_usd,any,RCFDF166,031,2007-03-31,,LEASES TO INDIVIDUALS FOR HOUSEHOLD; FAMILY; AND OTHER PERSONAL EXPENDITURES; PAST DUE 30-89 DAYS,,,rc_n_past_due.csv,,,,,,
pd30_lease_f169,base,False,RC-N,stock,thousands_usd,any,RCFDF169,031,2007-03-31,,ALL OTHER LEASES; PAST DUE 30-89 DAYS AND STILL ACCRUING,,,rc_n_past_due.csv,,,,,,
pd90_lease_f167,base,False,RC-N,stock,thousands_usd,any,RCFDF167,031,2007-03-31,,LEASES TO INDIVIDUALS FOR HOUSEHOLD; FAMILY; AND OTHER PERSONAL EXPENDITURES; PAST DUE 90 OR MORE DAYS AND STILL ACCRUING,,,rc_n_past_due.csv,,,,,,
pd90_lease_f170,base,False,RC-N,stock,thousands_usd,any,RCFDF170,031,2007-03-31,,ALL OTHER LEASES; PAST DUE 90 OR MORE DAYS AND STILL ACCRUING,,,rc_n_past_due.csv,,,,,,
pd30_consumer_oth_b578,base,False,RC-N,stock,thousands_usd,any,RCONB578,all,2001-03-31,2010-12-31,LOANS TO INDIVIDUALS FOR HOUSEHOLD; FAMILY; AND OTHER PERSONAL EXPENDITURES: OTHER - PAST DUE 30 THROUGH 89 DAYS AND STILL ACCRUING,,,rc_n_past_due.csv,,,,,,
pd90_consumer_oth_b579,base,False,RC-N,stock,thousands_usd,any,RCONB579,all,2001-03-31,2010-12-31,LOANS TO INDIVIDUALS FOR HOUSEHOLD; FAMILY; AND OTHER PERSONAL EXPENDITURES: OTHER - PAST DUE 90 DAYS OR MORE AND STILL ACCRUING,,,rc_n_past_due.csv,,,,,,
na_consumer_oth_b580,base,False,RC-N,stock,thousands_usd,any,RCFDB580,all,2001-03-31,2010-12-31,LOANS TO INDIVIDUALS FOR HOUSEHOLD; FAMILY; AND OTHER PERSONAL EXPENDITURES: OTHER - NONACCRUAL,,,rc_n_past_due.csv,,,,,,
na_consumer_oth_5388,base,False,RC-N,stock,thousands_usd,any,RCFD5388,031,1991-03-31,2000-12-31,LOANS TO INDIVIDUALS FOR HOUSEHOLD; FAMILY; AND OTHER PERSONAL EXPENDITURES: OTHER (INCLUDING SINGLE PAYMENT; INSTALLMENT; AND ALL STUDENT LOANS) - NONACCRUAL,,,rc_n_past_due.csv,,,,,,
na_consumer_tot,derived,True,RC-N,stock,thousands_usd,any,,,,,"Total consumer (loans to individuals) nonaccrual, consistent across the 2001 and 2011 splits: credit cards + automobile + other from 2011; credit cards + other 2001-2010 (equals the FDIC-derived RCFD1981 for 100% of banks); for 031 filers before 2001, credit cards and related plans (5385) + other (5388). Blank before 2001 for other filers, which reported only the credit-card line. -3.2% over the same banks at 2011Q1.",(na_cc + na_auto + na_indiv).fillna(na_cc + na_consumer_oth_b580).fillna(na_cc_5385 + na_consumer_oth_5388),na_auto na_cc na_cc_5385 na_consumer_oth_5388 na_consumer_oth_b580 na_indiv,rc_n_past_due.csv,704037.0,0.4975,1991Q1,2025Q3,0.5319,410944632.0
pd30_consumer_noncc,derived,True,RC-N,stock,thousands_usd,any,,,,,"Consumer loans other than credit cards, past due 30 through 89 days and still accruing. From 2011Q1: automobile + other consumer; 2001Q1-2010Q4: the single other-consumer line RCONB578. Every pre-2011 mismatch against the reported total equalled this line exactly.",(pd30_auto + pd30_indiv).fillna(pd30_consumer_oth_b578),pd30_auto pd30_consumer_oth_b578 pd30_indiv,rc_n_past_due.csv,651117.0,0.4601,2001Q1,2025Q3,0.2542,801114460.0
pd90_consumer_noncc,derived,True,RC-N,stock,thousands_usd,any,,,,,"Consumer loans other than credit cards, past due 90 days or more and still accruing. From 2011Q1: automobile + other consumer; 2001Q1-2010Q4: the single other-consumer line RCONB579. Every pre-2011 mismatch against the reported total equalled this line exactly.",(pd90_auto + pd90_indiv).fillna(pd90_consumer_oth_b579),pd90_auto pd90_consumer_oth_b579 pd90_indiv,rc_n_past_due.csv,651117.0,0.4601,2001Q1,2025Q3,0.6637,162319012.0
na_consumer_noncc,derived,True,RC-N,stock,thousands_usd,any,,,,,"Consumer loans other than credit cards, nonaccrual. From 2011Q1: automobile + other consumer; 2001Q1-2010Q4: the single other-consumer line RCONB580 (RCFDB580). Every pre-2011 mismatch against the reported total equalled this line exactly.",(na_auto + na_indiv).fillna(na_consumer_oth_b580),na_auto na_consumer_oth_b580 na_indiv,rc_n_past_due.csv,656045.0,0.4636,2001Q1,2025Q3,0.5512,233793950.0
pd30_constr,derived,True,RC-N,stock,thousands_usd,any,,,,,"Construction, land development and other land loans, past due 30 through 89 days and still accruing. From 2007Q1: 1-4 family construction + other construction and land; before: RCON2759 (equal to the sum for 100% of banks 2007-2010).",(pd30_constr_res14 + pd30_constr_oth).fillna(pd30_constr_2759),pd30_constr_2759 pd30_constr_oth pd30_constr_res14,rc_n_past_due.csv,656045.0,0.4636,2001Q1,2025Q3,0.739,328559644.0
pd30_nfnres,derived,True,RC-N,stock,thousands_usd,any,,,,,"Loans secured by nonfarm nonresidential properties, past due 30 through 89 days and still accruing. From 2007Q1: owner-occupied + other; before: RCON3502 (equal to the sum for 100% of banks 2007-2010).",(pd30_nfnres_owner_f178 + pd30_nfnres_oth_f179).fillna(pd30_nfnres_3502),pd30_nfnres_3502 pd30_nfnres_oth_f179 pd30_nfnres_owner_f178,rc_n_past_due.csv,656045.0,0.4636,2001Q1,2025Q3,0.5329,530813770.0
pd30_ci,derived,True,RC-N,stock,thousands_usd,any,,,,,"Commercial and industrial loans, past due 30 through 89 days and still accruing. The 041/051 total RCON1606, else the 031 split US + non-US addressees. The two never co-report.",pd30_ci_1606.fillna(pd30_ci_1251 + pd30_ci_1254),pd30_ci_1251 pd30_ci_1254 pd30_ci_1606,rc_n_past_due.csv,656045.0,0.4636,2001Q1,2025Q3,0.3648,722133442.0
pd30_depinst,derived,True,RC-N,stock,thousands_usd,any,,,,,"Loans to depository institutions and acceptances of other banks, past due 30 through 89 days and still accruing. The 041/051 total RCONB834, else the 031 split US + foreign banks.",pd30_depinst_b834.fillna(pd30_depinst_5377 + pd30_depinst_5380),pd30_depinst_5377 pd30_depinst_5380 pd30_depinst_b834,rc_n_past_due.csv,656044.0,0.4636,2001Q1,2025Q3,0.9989,3261912.0
pd30_lease,derived,True,RC-N,stock,thousands_usd,any,,,,,"Lease financing receivables, past due 30 through 89 days and still accruing. The 041/051 total RCON1226, else the 031 split leases to individuals + all other leases.",pd30_lease_1226.fillna(pd30_lease_f166 + pd30_lease_f169),pd30_lease_1226 pd30_lease_f166 pd30_lease_f169,rc_n_past_due.csv,656050.0,0.4636,1990Q1,2025Q3,0.9698,90806936.0
pd30_tot,derived,True,RC-N,stock,thousands_usd,any,,,,,"Total loans and leases past due 30 through 89 days and still accruing. RCFD1406, else (2011Q1-2016Q4, when 1406 was not collected) the sum of the RC-N main-body categories, each counted ONCE as its total or its breakdown, never both -- the same construction as na_tot. Agricultural (pd30_agprod) enters only for FFIEC 031 filers; on the 041/051 it is inside all other loans. Loans to nondepository financial institutions (2024Q4 on) are NOT a separate term: with them added the sum overshot the reported total by exactly that line on every affected bank, so they sit inside all other loans in the total. Blank, not zero, where no category is reported.",pd30_tot_1406.fillna((pd30_constr.fillna(0) + pd30_nfnres.fillna(0) + pd30_farmland.fillna(0) + pd30_heloc.fillna(0) + pd30_famres_first.fillna(0) + pd30_famres_junior.fillna(0) + pd30_multifam.fillna(0) + pd30_depinst.fillna(0) + pd30_agprod.where(form_type == 31).fillna(0) + pd30_ci.fillna(0) + pd30_cc.fillna(0) + pd30_consumer_noncc.fillna(0) + pd30_forgovt.fillna(0) + pd30_othln.fillna(0) + pd30_lease.fillna(0) + pd30_re_foreign.fillna(0)).where(pd30_constr.notna() | pd30_nfnres.notna() | pd30_farmland.notna() | pd30_heloc.notna() | pd30_famres_first.notna() | pd30_famres_junior.notna() | pd30_multifam.notna() | pd30_depinst.notna() | pd30_agprod.where(form_type == 31).notna() | pd30_ci.notna() | pd30_cc.notna() | pd30_consumer_noncc.notna() | pd30_forgovt.notna() | pd30_othln.notna() | pd30_lease.notna() | pd30_re_foreign.notna())),pd30_agprod pd30_cc pd30_ci pd30_constr pd30_consumer_noncc pd30_depinst pd30_famres_first pd30_famres_junior pd30_farmland pd30_forgovt pd30_heloc pd30_lease pd30_multifam pd30_nfnres pd30_othln pd30_re_foreign pd30_tot_1406,rc_n_past_due.csv,656050.0,0.4636,1990Q1,2025Q3,0.0841,6847556960.0
pd90_constr,derived,True,RC-N,stock,thousands_usd,any,,,,,"Construction, land development and other land loans, past due 90 days or more and still accruing. From 2007Q1: 1-4 family construction + other construction and land; before: RCON2769 (equal to the sum for 100% of banks 2007-2010).",(pd90_constr_res14 + pd90_constr_oth).fillna(pd90_constr_2769),pd90_constr_2769 pd90_constr_oth pd90_constr_res14,rc_n_past_due.csv,704037.0,0.4975,1991Q1,2025Q3,0.927,162630169.0
pd90_nfnres,derived,True,RC-N,stock,thousands_usd,any,,,,,"Loans secured by nonfarm nonresidential properties, past due 90 days or more and still accruing. From 2007Q1: owner-occupied + other; before: RCON3503 (equal to the sum for 100% of banks 2007-2010).",(pd90_nfnres_owner_f180 + pd90_nfnres_oth_f181).fillna(pd90_nfnres_3503),pd90_nfnres_3503 pd90_nfnres_oth_f181 pd90_nfnres_owner_f180,rc_n_past_due.csv,704037.0,0.4975,1991Q1,2025Q3,0.8526,188424833.0
pd90_ci,derived,True,RC-N,stock,thousands_usd,any,,,,,"Commercial and industrial loans, past due 90 days or more and still accruing. The 041/051 total RCON1607, else the 031 split US + non-US addressees. The two never co-report.",pd90_ci_1607.fillna(pd90_ci_1252 + pd90_ci_1255),pd90_ci_1252 pd90_ci_1255 pd90_ci_1607,rc_n_past_due.csv,726337.0,0.5133,1985Q1,2025Q3,0.7344,256246175.0
pd90_depinst,derived,True,RC-N,stock,thousands_usd,any,,,,,"Loans to depository institutions and acceptances of other banks, past due 90 days or more and still accruing. The 041/051 total RCONB835, else the 031 split US + foreign banks.",pd90_depinst_b835.fillna(pd90_depinst_5378 + pd90_depinst_5381),pd90_depinst_5378 pd90_depinst_5381 pd90_depinst_b835,rc_n_past_due.csv,704036.0,0.4975,1991Q1,2025Q3,0.9992,1370494.0
pd90_lease,derived,True,RC-N,stock,thousands_usd,any,,,,,"Lease financing receivables, past due 90 days or more and still accruing. The 041/051 total RCON1227, else the 031 split leases to individuals + all other leases.",pd90_lease_1227.fillna(pd90_lease_f167 + pd90_lease_f170),pd90_lease_1227 pd90_lease_f167 pd90_lease_f170,rc_n_past_due.csv,1338077.0,0.9456,1985Q1,2025Q3,0.9886,9890786.0
pd90_tot,derived,True,RC-N,stock,thousands_usd,any,,,,,"Total loans and leases past due 90 days or more and still accruing. RCFD1407, else (2011Q1-2016Q4, when 1407 was not collected) the sum of the RC-N main-body categories, each counted ONCE as its total or its breakdown, never both -- the same construction as na_tot. Agricultural (pd90_agprod) enters only for FFIEC 031 filers; on the 041/051 it is inside all other loans. Loans to nondepository financial institutions (2024Q4 on) are NOT a separate term: with them added the sum overshot the reported total by exactly that line on every affected bank, so they sit inside all other loans in the total. Blank, not zero, where no category is reported.",pd90_tot_1407.fillna((pd90_constr.fillna(0) + pd90_nfnres.fillna(0) + pd90_farmland.fillna(0) + pd90_heloc.fillna(0) + pd90_famres_first.fillna(0) + pd90_famres_junior.fillna(0) + pd90_multifam.fillna(0) + pd90_depinst.fillna(0) + pd90_agprod.where(form_type == 31).fillna(0) + pd90_ci.fillna(0) + pd90_cc.fillna(0) + pd90_consumer_noncc.fillna(0) + pd90_forgovt.fillna(0) + pd90_othln.fillna(0) + pd90_lease.fillna(0) + pd90_re_foreign.fillna(0)).where(pd90_constr.notna() | pd90_nfnres.notna() | pd90_farmland.notna() | pd90_heloc.notna() | pd90_famres_first.notna() | pd90_famres_junior.notna() | pd90_multifam.notna() | pd90_depinst.notna() | pd90_agprod.where(form_type == 31).notna() | pd90_ci.notna() | pd90_cc.notna() | pd90_consumer_noncc.notna() | pd90_forgovt.notna() | pd90_othln.notna() | pd90_lease.notna() | pd90_re_foreign.notna())),pd90_agprod pd90_cc pd90_ci pd90_constr pd90_consumer_noncc pd90_depinst pd90_famres_first pd90_famres_junior pd90_farmland pd90_forgovt pd90_heloc pd90_lease pd90_multifam pd90_nfnres pd90_othln pd90_re_foreign pd90_tot_1407,rc_n_past_due.csv,1413821.0,0.9991,1985Q1,2025Q3,0.3103,5775074364.0
na_constr,derived,True,RC-N,stock,thousands_usd,any,,,,,"Construction, land development and other land loans, nonaccrual. From 2007Q1: 1-4 family construction (F176) + other construction and land (F177). Before: RCON3492, else RCON5426 (the 041 code 1991-2000). Where they overlap in 2007-2010, 3492 equals F176+F177 for 100% of banks.",(na_re_f176 + na_re_f177).fillna(na_constr_3492).fillna(na_constr_5426),na_constr_3492 na_constr_5426 na_re_f176 na_re_f177,rc_n_past_due.csv,1080125.0,0.7633,1991Q1,2025Q3,0.8073,1181924311.0
na_nfnres,derived,True,RC-N,stock,thousands_usd,any,,,,,"Loans secured by nonfarm nonresidential properties, nonaccrual. From 2007Q1: owner-occupied (F182) + other (F183). Before: RCON3504, else RCON5441 (the 041 code 1991-2000). Where they overlap in 2007-2010, 3504 equals F182+F183 for 100% of banks.",(na_re_f182 + na_re_f183).fillna(na_nfnres_3504).fillna(na_nfnres_5441),na_nfnres_3504 na_nfnres_5441 na_re_f182 na_re_f183,rc_n_past_due.csv,1080126.0,0.7633,1991Q1,2025Q3,0.6005,1699145615.0
na_depinst,derived,True,RC-N,stock,thousands_usd,any,,,,,"Loans to depository institutions and acceptances of other banks, nonaccrual. The 041/051 total RCONB836, else the 031 split US (5379) + foreign (5382). Where both are reported, B836 equals 5379+5382 for 99.8-100% of banks. The split requires BOTH codes: 144K bank-quarters carry only a zero 5382.",na_depinst_b836.fillna(na_dep_5379 + na_dep_5382),na_dep_5379 na_dep_5382 na_depinst_b836,rc_n_past_due.csv,704036.0,0.4975,1991Q1,2025Q3,0.9975,14296474.0
na_lease,derived,True,RC-N,stock,thousands_usd,any,,,,,"Lease financing receivables, nonaccrual. The 041/051 total RCON1228, else the 031 split leases to individuals (F168) + all other leases (F171). In 2011-2016 the two populations are disjoint; where both were reported (2008) they agree for 95.6% of banks.",na_lease_1228.fillna(na_lease_f168 + na_lease_f171),na_lease_1228 na_lease_f168 na_lease_f171,rc_n_past_due.csv,1325971.0,0.9371,1985Q1,2025Q3,0.9846,70012425.0
npl_tot,derived,True,CROSS,stock,thousands_usd,any,,,,,Nonperforming loans on the standard definition: past due 90+ days and still accruing; plus nonaccrual,pd90_tot + na_tot,na_tot pd90_tot,rc_n_past_due.csv,1413821.0,0.9991,1985Q1,2025Q3,0.0884,16986772273.0
pastdue_tot,derived,True,CROSS,stock,thousands_usd,any,,,,,All past due and nonaccrual loans and leases,pd30_tot + pd90_tot + na_tot,na_tot pd30_tot pd90_tot,rc_n_past_due.csv,656050.0,0.4636,1990Q1,2025Q3,0.0524,20527343144.0
pd30_othln_leases_itemized,derived,True,RC-N,stock,thousands_usd,any,,,,,"All other loans and leases, past due 30 through 89 days and still accruing: the RC-N memorandum itemisation summed across loans to depository institutions, loans to foreign governments, other loans and lease financing receivables. Two parallel code blocks (K091-K101/K269-K272 and K134-K136/K283-K288) carry this memorandum; both are summed because they are near-disjoint in practice -- of ~2,700 populated bank-quarters only 29 report in both, and where both are populated the values differ, so they are distinct itemisations rather than duplicate filings. Memo item only: already included in the loan totals above. Collected 2011Q1-2016Q2.",(pd30_depinst_a.fillna(0) + pd30_forgovt_a.fillna(0) + pd30_othln_a.fillna(0) + pd30_lease_a.fillna(0) + pd30_depinst_b.fillna(0) + pd30_forgovt_b.fillna(0) + pd30_othln_b.fillna(0)).where(pd30_depinst_a.notna() | pd30_forgovt_a.notna() | pd30_othln_a.notna() | pd30_lease_a.notna() | pd30_depinst_b.notna() | pd30_forgovt_b.notna() | pd30_othln_b.notna()),pd30_depinst_a pd30_depinst_b pd30_forgovt_a pd30_forgovt_b pd30_lease_a pd30_othln_a pd30_othln_b,rc_n_past_due.csv,148899.0,0.1052,2011Q1,2016Q2,0.9976,159177.0
pd90_othln_leases_itemized,derived,True,RC-N,stock,thousands_usd,any,,,,,"All other loans and leases, past due 90 days or more and still accruing: the RC-N memorandum itemisation summed across loans to depository institutions, loans to foreign governments, other loans and lease financing receivables. Two parallel code blocks (K091-K101/K269-K272 and K134-K136/K283-K288) carry this memorandum; both are summed because they are near-disjoint in practice -- of ~2,700 populated bank-quarters only 29 report in both, and where both are populated the values differ, so they are distinct itemisations rather than duplicate filings. Memo item only: already included in the loan totals above. Collected 2011Q1-2016Q2.",(pd90_depinst_a.fillna(0) + pd90_forgovt_a.fillna(0) + pd90_othln_a.fillna(0) + pd90_lease_a.fillna(0) + pd90_depinst_b.fillna(0) + pd90_forgovt_b.fillna(0) + pd90_othln_b.fillna(0)).where(pd90_depinst_a.notna() | pd90_forgovt_a.notna() | pd90_othln_a.notna() | pd90_lease_a.notna() | pd90_depinst_b.notna() | pd90_forgovt_b.notna() | pd90_othln_b.notna()),pd90_depinst_a pd90_depinst_b pd90_forgovt_a pd90_forgovt_b pd90_lease_a pd90_othln_a pd90_othln_b,rc_n_past_due.csv,148899.0,0.1052,2011Q1,2016Q2,0.9988,253964.0
na_othln_leases_itemized,derived,True,RC-N,stock,thousands_usd,any,,,,,"All other loans and leases, nonaccrual: the RC-N memorandum itemisation summed across loans to depository institutions, loans to foreign governments, other loans and lease financing receivables. Two parallel code blocks (K091-K101/K269-K272 and K134-K136/K283-K288) carry this memorandum; both are summed because they are near-disjoint in practice -- of ~2,700 populated bank-quarters only 29 report in both, and where both are populated the values differ, so they are distinct itemisations rather than duplicate filings. Memo item only: already included in the loan totals above. Collected 2011Q1-2016Q2.",(na_depinst_a.fillna(0) + na_forgovt_a.fillna(0) + na_othln_a.fillna(0) + na_lease_a.fillna(0) + na_depinst_b.fillna(0) + na_forgovt_b.fillna(0) + na_othln_b.fillna(0)).where(na_depinst_a.notna() | na_forgovt_a.notna() | na_othln_a.notna() | na_lease_a.notna() | na_depinst_b.notna() | na_forgovt_b.notna() | na_othln_b.notna()),na_depinst_a na_depinst_b na_forgovt_a na_forgovt_b na_lease_a na_othln_a na_othln_b,rc_n_past_due.csv,148899.0,0.1052,2011Q1,2016Q2,0.9852,5264693.0
pd30_nfnres_modified,derived,True,RC-N,stock,thousands_usd,any,,,,,"Modified loans secured by nonfarm nonresidential properties, past due 30 through 89 days and still accruing: owner-occupied plus other nonfarm nonresidential. Loan modifications to borrowers experiencing financial difficulty (troubled debt restructurings before ASU 2022-02). Collected from 2011Q1.",(pd30_nfnres_owner.fillna(0) + pd30_nfnres_oth.fillna(0)).where(pd30_nfnres_owner.notna() | pd30_nfnres_oth.notna()),pd30_nfnres_oth pd30_nfnres_owner,rc_n_past_due.csv,291313.0,0.2059,2011Q1,2025Q3,0.9615,15865246.0
pd90_nfnres_modified,derived,True,RC-N,stock,thousands_usd,any,,,,,"Modified loans secured by nonfarm nonresidential properties, past due 90 days or more and still accruing: owner-occupied plus other nonfarm nonresidential. Loan modifications to borrowers experiencing financial difficulty (troubled debt restructurings before ASU 2022-02). Collected from 2011Q1.",(pd90_nfnres_owner.fillna(0) + pd90_nfnres_oth.fillna(0)).where(pd90_nfnres_owner.notna() | pd90_nfnres_oth.notna()),pd90_nfnres_oth pd90_nfnres_owner,rc_n_past_due.csv,291311.0,0.2059,2011Q1,2025Q3,0.9931,4341424.0
na_nfnres_modified,derived,True,RC-N,stock,thousands_usd,any,,,,,"Modified loans secured by nonfarm nonresidential properties, nonaccrual: owner-occupied plus other nonfarm nonresidential. Loan modifications to borrowers experiencing financial difficulty (troubled debt restructurings before ASU 2022-02). Collected from 2011Q1.",(na_nfnres_owner.fillna(0) + na_nfnres_oth.fillna(0)).where(na_nfnres_owner.notna() | na_nfnres_oth.notna()),na_nfnres_oth na_nfnres_owner,rc_n_past_due.csv,291330.0,0.2059,2011Q1,2025Q3,0.7821,246712950.0
assessable_dep_liabilities,base,True,RC-O,stock,thousands_usd,any,RCFDF236,all,2007-03-31,,TOTAL DEPOSIT LIABILITIES AS DEFINED IN SECTION 3(1) OF THE FEDERAL DEPOSIT INSURANCE ACT BEFORE EXCLUSIONS,,,rc_o_assessments.csv,428863.0,0.3031,2007Q1,2025Q3,0.0035,1014794443834.0
assessable_allowable_exclusions,base,True,RC-O,stock,thousands_usd,any,RCFDF237,all,2007-03-31,,TOTAL ALLOWABLE EXCLUSIONS; INCLUDING INTEREST ACCRUED AND UNPAID ON ALLOWABLE EXCLUSIONS (INCLUDING FOREIGN DEPOSITS),,,rc_o_assessments.csv,428862.0,0.3031,2007Q1,2025Q3,0.9552,126667412780.0
unsecured_othbor_lte1yr,base,True,RC-O,stock,thousands_usd,any,RCFDG465,all,2009-06-30,,UNSECURED OTHER BORROWINGS WITH A REMAINING MATURITY OF ONE YEAR OR LESS,,,rc_o_assessments.csv,385498.0,0.2724,2009Q2,2025Q3,0.9702,7054013480.0
unsecured_othbor_1_3yr,base,True,RC-O,stock,thousands_usd,any,RCFDG466,all,2009-06-30,,UNSECURED OTHER BORROWINGS WITH A REMAINING MATURITY OF OVER ONE YEAR THROUGH THREE YEARS,,,rc_o_assessments.csv,385499.0,0.2724,2009Q2,2025Q3,0.984,8452392450.0
unsecured_othbor_3_5yr,base,True,RC-O,stock,thousands_usd,any,RCFDG467,all,2009-06-30,,UNSECURED OTHER BORROWINGS WITH A REMAINING MATURITY OF OVER THREE YEARS THROUGH FIVE YEARS,,,rc_o_assessments.csv,385499.0,0.2724,2009Q2,2025Q3,0.9882,2153620968.0
unsecured_othbor_gt5yr,base,True,RC-O,stock,thousands_usd,any,RCFDG468,all,2009-06-30,,UNSECURED OTHER BORROWINGS WITH A REMAINING MATURITY OF OVER FIVE YEARS,,,rc_o_assessments.csv,385499.0,0.2724,2009Q2,2025Q3,0.9827,2182973585.0
qavg_consolidated_assets,base,True,RC-O,stock,thousands_usd,any,RCFDK652,all,2011-06-30,,AVERAGE CONSOLIDATED TOTAL ASSETS FOR THE CALENDAR QUARTER,,,rc_o_assessments.csv,327913.0,0.2317,2011Q2,2025Q3,0.0003,1086506427342.0
qavg_tangible_equity,base,True,RC-O,stock,thousands_usd,any,RCFDK654,all,2011-06-30,,AVERAGE TANGIBLE EQUITY FOR THE CALENDAR QUARTER,,,rc_o_assessments.csv,327913.0,0.2317,2011Q2,2025Q3,0.0004,98496166522.0
holdings_ltd_other_insured_insts,base,True,RC-O,stock,thousands_usd,any,RCFDK655,all,2011-06-30,,HOLDINGS OF LONG-TERM UNSECURED DEBT ISSUED BY OTHER FDIC INSURED INSTITUTIONS,,,rc_o_assessments.csv,327897.0,0.2317,2011Q2,2025Q3,0.9843,360345382.0
unsecured_othbor_tot,derived,True,RC-O,stock,thousands_usd,any,,,,,Unsecured other borrowings across all maturity buckets (2009Q2 onward),unsecured_othbor_lte1yr + unsecured_othbor_1_3yr + unsecured_othbor_3_5yr + unsecured_othbor_gt5yr,unsecured_othbor_1_3yr unsecured_othbor_3_5yr unsecured_othbor_gt5yr unsecured_othbor_lte1yr,rc_o_assessments.csv,385498.0,0.2724,2009Q2,2025Q3,0.9535,19842657171.0
tier1_capital_baselI,base,False,RC-R-I,stock,thousands_usd,any,RCFD8274,031+041,1996-03-31,2014-12-31,TIER 1 CAPITAL ALLOWABLE UNDER THE RISK-BASED CAPITAL GUIDELINES,,,rc_r_capital.csv,,,,,,
tier2_capital_baselI,base,False,RC-R-I,stock,thousands_usd,any,RCFD5311,031+041,2001-03-31,2014-12-31,TIER 2 (SUPPLEMENTARY) CAPITAL,,,rc_r_capital.csv,,,,,,
rwa_baselI,base,False,RC-R-I,stock,thousands_usd,any,RCFDA223,031+041,1996-03-31,2014-12-31,RISK-WEIGHTED ASSETS (NET OF ALLOWANCES AND OTHER DEDUCTIONS),,,rc_r_capital.csv,,,,,,
leverage_ratio_reported_baselI,base,True,RC-R-I,stock,thousands_usd,any,RCFD7204,031+041,2001-03-31,2014-12-31,TIER 1 LEVERAGE CAPITAL RATIO,,,rc_r_capital.csv,429400.0,0.3035,2001Q1,2014Q4,0.0,789754.0
total_rbc_ratio_reported_baselI,base,True,RC-R-I,stock,thousands_usd,any,RCFD7205,031+041,2001-03-31,2014-12-31,TOTAL RISK-BASED CAPITAL RATIO,,,rc_r_capital.csv,429400.0,0.3035,2001Q1,2014Q4,0.0,1539294.0
tier1_rbc_ratio_reported_baselI,base,True,RC-R-I,stock,thousands_usd,any,RCFD7206,031+041,2001-03-31,2014-12-31,TIER 1 RISK-BASED CAPITAL RATIO,,,rc_r_capital.csv,429400.0,0.3035,2001Q1,2014Q4,0.0,1459146.0
rwa_before_excess_allowance,base,True,RC-R-I,stock,thousands_usd,any,RCFDB704,all,2001-03-31,,RISK-WEIGHTED ASSETS BEFORE DEDUCTIONS FOR EXCESS ALLOWANCE FOR LOAN AND LEASE LOSSES AND ALLOCATED TRANSFER RISK RESERVE - 100%,,,rc_r_capital.csv,615901.0,0.4353,2001Q1,2025Q3,0.0,1016091358122.0
rwa_bucket_0pct_baselI,base,True,RC-R-I,stock,thousands_usd,any,RCFDB700,031+041,2001-03-31,2014-12-31,RISK-WEIGHTED ASSETS BY RISK WEIGHT CATEGORY - 0%,,,rc_r_capital.csv,429518.0,0.3035,2001Q1,2014Q4,1.0,0.0
rwa_bucket_20pct_baselI,base,True,RC-R-I,stock,thousands_usd,any,RCFDB701,031+041,2001-03-31,2014-12-31,RISK-WEIGHTED ASSETS BY RISK WEIGHT CATEGORY - 20%,,,rc_r_capital.csv,429518.0,0.3035,2001Q1,2014Q4,0.0039,36026780503.0
rwa_bucket_50pct_baselI,base,True,RC-R-I,stock,thousands_usd,any,RCFDB702,031+041,2001-03-31,2014-12-31,RISK-WEIGHTED ASSETS BY RISK WEIGHT CATEGORY - 50%,,,rc_r_capital.csv,429518.0,0.3035,2001Q1,2014Q4,0.0361,50415338308.0
rwa_bucket_100pct_baselI,base,True,RC-R-I,stock,thousands_usd,any,RCFDB703,031+041,2001-03-31,2014-12-31,RISK-WEIGHTED ASSETS BY RISK WEIGHT CATEGORY - 100%,,,rc_r_capital.csv,429518.0,0.3035,2001Q1,2014Q4,0.0006,348450444019.0
assets_for_leverage_baselI,base,True,RC-R-I,stock,thousands_usd,any,RCFDL138,031+041,2012-03-31,2014-12-31,TOTAL ASSETS FOR LEVERAGE CAPITAL PURPOSES,,,rc_r_capital.csv,83631.0,0.0591,2012Q1,2014Q4,0.0,133714997822.0
tier1_capital_baselIII,base,False,RC-R-I,stock,thousands_usd,any,RCFA8274,all,2015-03-31,,TIER 1 CAPITAL ALLOWABLE UNDER THE RISK-BASED CAPITAL GUIDELINES,,,rc_r_capital.csv,,,,,,
tier2_capital_baselIII,base,False,RC-R-I,stock,thousands_usd,any,RCFA5311,all,2015-03-31,,TIER 2 (SUPPLEMENTARY) CAPITAL,,,rc_r_capital.csv,,,,,,
rwa_baselIII,base,False,RC-R-I,stock,thousands_usd,any,RCFAA223,all,2015-03-31,,RISK-WEIGHTED ASSETS (NET OF ALLOWANCES AND OTHER DEDUCTIONS),,,rc_r_capital.csv,,,,,,
cet1_common_stock_surplus,base,True,RC-R-I,stock,thousands_usd,any,RCFAP742,all,2015-03-31,,COMMON EQUITY TIER 1 CAPITAL: COMMON STOCK PLUS RELATED SURPLUS; NET OF TREASURY STOCK AND UNEARNED EMPLOYEE STOCK OWNERSHIP PLAN (ESOP) SHARES,,,rc_r_capital.csv,226647.0,0.1602,2014Q1,2025Q3,0.055,61990088852.0
cet1_minority_interest,base,True,RC-R-I,stock,thousands_usd,any,RCFAP839,all,2015-03-31,,COMMON EQUITY TIER 1 MINORITY INTEREST INCLUDABLE IN COMMON EQUITY TIER 1 CAPITAL,,,rc_r_capital.csv,226647.0,0.1602,2014Q1,2025Q3,0.9974,11104073.0
cet1_adjustments_deductions_p858,base,False,RC-R-I,stock,thousands_usd,any,RCFAP858,all,2015-03-31,,TOTAL ADJUSTMENTS AND DEDUCTIONS FOR COMMON EQUITY TIER 1 CAPITAL,,,rc_r_capital.csv,,,,,,
cet1_adjustments_deductions_aa,base,False,RC-R-I,stock,thousands_usd,any,RCFWP858,031,2020-03-31,,TOTAL ADJUSTMENTS AND DEDUCTIONS FOR COMMON EQUITY TIER 1 CAPITAL,,,rc_r_capital.csv,,,,,,
tier1_minority_interest_not_cet1,base,True,RC-R-I,stock,thousands_usd,any,RCFAP862,all,2015-03-31,,TIER 1 MINORITY INTEREST NOT INCLUDED IN COMMON EQUITY TIER 1 CAPITAL,,,rc_r_capital.csv,226647.0,0.1602,2014Q1,2025Q3,0.992,67254124.0
cet1_adjustments_deductions,derived,True,RC-R-I,stock,thousands_usd,any,,,,,"Total adjustments and deductions for common equity tier 1 capital: RCFAP858 (031) / RCOAP858 (041, 051); from 2020Q1 advanced approaches institutions on the 031 file the line in their own column (RCFWP858) instead. The two are never filed together and cover every 031 filer.",cet1_adjustments_deductions_p858.fillna(cet1_adjustments_deductions_aa),cet1_adjustments_deductions_aa cet1_adjustments_deductions_p858,rc_r_capital.csv,226649.0,0.1602,2014Q1,2025Q3,0.9418,103021883.0
tier1_capital,derived,True,RC-R-I,stock,thousands_usd,any,,,,,Tier 1 capital on a consistent basis; Basel III (RCOA8274) from 2015Q1 falling back to Basel I (RCFD8274) before,tier1_capital_baselIII.fillna(tier1_capital_baselI),tier1_capital_baselI tier1_capital_baselIII,rc_r_capital.csv,846944.0,0.5985,1996Q1,2025Q3,0.0,138387670431.0
tier2_capital,derived,True,RC-R-I,stock,thousands_usd,any,,,,,Tier 2 capital on a consistent basis across the Basel I / Basel III change,tier2_capital_baselIII.fillna(tier2_capital_baselI),tier2_capital_baselI tier2_capital_baselIII,rc_r_capital.csv,615902.0,0.4353,2001Q1,2025Q3,0.0161,18974781071.0
rwa,derived,True,RC-R-I,stock,thousands_usd,any,,,,,Risk-weighted assets on a consistent basis across the Basel I / Basel III change,rwa_baselIII.fillna(rwa_baselI),rwa_baselI rwa_baselIII,rc_r_capital.csv,806801.0,0.5702,1996Q1,2025Q3,0.0,1095853062156.0
total_capital,derived,True,RC-R-I,stock,thousands_usd,any,,,,,Total regulatory capital: tier 1 plus tier 2,tier1_capital + tier2_capital,tier1_capital tier2_capital,rc_r_capital.csv,615902.0,0.4353,2001Q1,2025Q3,0.0,147047843774.0
tier1_rbc_ratio,derived,True,RC-R-I,rate,ratio,any,,,,,Tier 1 risk-based capital ratio; COMPUTED as tier 1 capital over risk-weighted assets. Computed rather than read because the reported ratio is confidential from 2015Q1; see docs/schedules/RC-R-I.md,tier1_capital / rwa,rwa tier1_capital,rc_r_capital.csv,806793.0,0.5702,1996Q1,2025Q3,0.0,181072.0
total_rbc_ratio,derived,True,RC-R-I,rate,ratio,any,,,,,Total risk-based capital ratio; COMPUTED as total capital over risk-weighted assets,total_capital / rwa,rwa total_capital,rc_r_capital.csv,615895.0,0.4352,2001Q1,2025Q3,0.0,150238.0
cet1_ratio,derived,True,RC-R-I,rate,ratio,any,,,,,Common equity tier 1 ratio; COMPUTED as cet1 over risk-weighted assets. Basel III only; so NaN before 2015Q1,cet1 / rwa,cet1 rwa,rc_r_capital.csv,186502.0,0.1318,2014Q1,2025Q3,0.0,50705.0
equity_end,base,True,RI-A,stock,thousands_usd,any,RIAD3210,all,,,TOTAL EQUITY CAPITAL,,,ri_a_equity.csv,1002448.0,0.7084,1985Q1,2025Q3,0.0,175115627903.0
equity_prev_yearend,base,True,RI-A,stock,thousands_usd,any,RIAD3217,all,,,EQUITY CAPITAL; MOST RECENTLY REPORTED FOR THE END OF PREVIOUS CALENDAR YEAR (I.E.; AFTER ADJUSTMENTS FROM AMENDED REPORTS OF INCOME),,,ri_a_equity.csv,1001117.0,0.7075,1985Q1,2025Q3,0.006,165915472665.0
equity_prev_yearend_restated,base,True,RI-A,stock,thousands_usd,any,RIADB508,all,2001-03-31,,BALANCE END OF PREVIOUS CALENDAR YEAR AS RESTATED,,,ri_a_equity.csv,656044.0,0.4636,2001Q1,2025Q3,0.0045,148805261989.0
ytd_capital_stock_net,base,True,RI-A,ytd,thousands_usd,any,RIADB509,all,2001-03-31,,SALE; CONVERSION; ACQUISITION; OR RETIREMENT OF CAPITAL STOCK; NET (EXCLUDING TREASURY STOCK TRANSACTIONS),,,ri_a_equity.csv,656044.0,0.4636,2001Q1,2025Q3,0.8794,455606576.0
ytd_treasury_stock_net,base,True,RI-A,ytd,thousands_usd,any,RIADB510,all,2001-03-31,,TREASURY STOCK TRANSACTIONS; NET,,,ri_a_equity.csv,656044.0,0.4636,2001Q1,2025Q3,0.9942,-2398746.0
ytd_oth_comprehensive_income,base,True,RI-A,ytd,thousands_usd,any,RIADB511,all,2001-03-31,,OTHER COMPREHENSIVE INCOME,,,ri_a_equity.csv,656044.0,0.4636,2001Q1,2025Q3,0.0971,-503151804.0
ytd_oth_stockholder_transactions,base,True,RI-A,ytd,thousands_usd,any,RIAD4415,all,,,OTHER TRANSACTIONS WITH STOCKHOLDERS (INCLUDING PARENT HOLDING COMPANY),,,ri_a_equity.csv,1001001.0,0.7074,1985Q1,2025Q3,0.9108,1582079555.0
ytd_div_common,base,True,RI-A,ytd,thousands_usd,any,RIAD4460,all,,,CASH DIVIDENDS DECLARED ON COMMON STOCK,,,ri_a_equity.csv,1002260.0,0.7083,1985Q1,2025Q3,0.3868,6990518700.0
ytd_div_preferred,base,True,RI-A,ytd,thousands_usd,any,RIAD4470,all,,,CASH DIVIDENDS DECLARED ON PREFERRED STOCK,,,ri_a_equity.csv,1002169.0,0.7082,1985Q1,2025Q3,0.9883,24391356.0
ytd_div_tot,derived,True,RI-A,ytd,thousands_usd,any,,,,,Cash dividends declared on common and preferred stock,ytd_div_common + ytd_div_preferred,ytd_div_common ytd_div_preferred,ri_a_equity.csv,1002168.0,0.7082,1985Q1,2025Q3,0.3817,7014891089.0
ytd_co_farmland,base,True,RI-B,ytd,thousands_usd,nonneg,RIAD3584,all,1991-03-31,,CHARGE-OFFS ON LOANS SECURED BY FARMLAND,,,ri_b_chargeoffs.csv,704036.0,0.4975,1991Q1,2025Q3,0.9624,5561613.0
ytd_rec_farmland,base,True,RI-B,ytd,thousands_usd,any,RIAD3585,all,1991-03-31,,RECOVERIES ON LOANS SECURED BY FARMLAND,,,ri_b_chargeoffs.csv,704036.0,0.4975,1991Q1,2025Q3,0.9584,1738332.0
ytd_co_multifam,base,True,RI-B,ytd,thousands_usd,nonneg,RIAD3588,all,1991-03-31,,CHARGE-OFFS ON LOANS SECURED BY MULTIFAMILY (5 OR MORE) RESIDENTIAL PROPERTIES,,,ri_b_chargeoffs.csv,704036.0,0.4975,1991Q1,2025Q3,0.957,30718176.0
ytd_rec_multifam,base,True,RI-B,ytd,thousands_usd,any,RIAD3589,all,1991-03-31,,RECOVERIES ON LOANS SECURED BY MULTIFAMILY (5 OR MORE) RESIDENTIAL PROPERTIES,,,ri_b_chargeoffs.csv,704036.0,0.4975,1991Q1,2025Q3,0.9625,4832267.0
ytd_co_lease,base,True,RI-B,ytd,thousands_usd,nonneg,RIAD4266,all,,,CHARGE-OFFS ON LEASE FINANCING RECEIVABLES,,,ri_b_chargeoffs.csv,1403376.0,0.9918,1985Q1,2025Q3,0.9747,43914154.0
ytd_rec_lease,base,True,RI-B,ytd,thousands_usd,any,RIAD4267,all,,,RECOVERIES ON LEASE FINANCING RECEIVABLES,,,ri_b_chargeoffs.csv,1403376.0,0.9918,1985Q1,2025Q3,0.9767,11326710.0
ytd_co_depinst,base,True,RI-B,ytd,thousands_usd,nonneg,RIAD4481,031+041,,2016-12-31,CHARGE-OFFS ON LOANS TO DEPOSITORY INSTITUTIONS AND ACCEPTANCES OF OTHER BANKS,,,ri_b_chargeoffs.csv,547343.0,0.3868,1985Q1,2016Q4,0.9951,13538968.0
ytd_rec_depinst,base,True,RI-B,ytd,thousands_usd,any,RIAD4482,031+041,,2016-12-31,RECOVERIES ON LOANS TO DEPOSITORY INSTITUTIONS AND ACCEPTANCES OF OTHER BANKS,,,ri_b_chargeoffs.csv,547342.0,0.3868,1985Q1,2016Q4,0.994,1981429.0
ytd_rec_tot,base,True,RI-B,ytd,thousands_usd,any,RIAD4605,all,,,RECOVERIES ON ALLOWANCE FOR LOAN AND LEASE LOSSES,,,ri_b_chargeoffs.csv,1414984.0,1.0,1985Q1,2025Q3,0.1705,1052222460.0
ytd_rec_ci,base,True,RI-B,ytd,thousands_usd,any,RIAD4608,all,,,RECOVERIES ON COMMERCIAL AND INDUSTRIAL LOANS,,,ri_b_chargeoffs.csv,721356.0,0.5098,1985Q1,2025Q3,0.4967,133700698.0
ytd_rec_forgovt,base,True,RI-B,ytd,thousands_usd,any,RIAD4627,031+041,,,RECOVERIES ON LOANS TO FOREIGN GOVERNMENTS AND OFFICIAL INSTITUTIONS,,,ri_b_chargeoffs.csv,685571.0,0.4845,1985Q1,2025Q3,0.996,5837258.0
ytd_rec_othln,base,True,RI-B,ytd,thousands_usd,any,RIAD4628,all,,,RECOVERIES ON ALL OTHER LOANS,,,ri_b_chargeoffs.csv,726336.0,0.5133,1985Q1,2025Q3,0.7716,29755134.0
ytd_co_tot,base,True,RI-B,ytd,thousands_usd,nonneg,RIAD4635,all,,,CHARGE-OFFS ON ALLOWANCE FOR LOAN AND LEASE LOSSES,,,ri_b_chargeoffs.csv,1414984.0,1.0,1985Q1,2025Q3,0.1581,5521926611.0
ytd_co_ci,base,True,RI-B,ytd,thousands_usd,nonneg,RIAD4638,all,,,CHARGE-OFFS ON COMMERCIAL AND INDUSTRIAL LOANS,,,ri_b_chargeoffs.csv,721356.0,0.5098,1985Q1,2025Q3,0.5328,670193716.0
ytd_co_forgovt,base,True,RI-B,ytd,thousands_usd,nonneg,RIAD4643,031+041,,,CHARGE-OFFS ON LOANS TO FOREIGN GOVERNMENTS AND OFFICIAL INSTITUTIONS,,,ri_b_chargeoffs.csv,685571.0,0.4845,1985Q1,2025Q3,0.9962,54460741.0
ytd_co_othln,base,True,RI-B,ytd,thousands_usd,nonneg,RIAD4644,all,,,CHARGE-OFFS ON ALL OTHER LOANS,,,ri_b_chargeoffs.csv,726336.0,0.5133,1985Q1,2025Q3,0.7796,125585615.0
ytd_co_agprod,base,True,RI-B,ytd,thousands_usd,nonneg,RIAD4655,all,,,CHARGE-OFFS ON LOANS TO FINANCE AGRICULTURAL PRODUCTION AND OTHER LOANS TO FARMERS,,,ri_b_chargeoffs.csv,718590.0,0.5078,1985Q1,2025Q3,0.9351,16415639.0
ytd_rec_agprod,base,True,RI-B,ytd,thousands_usd,any,RIAD4665,all,,,RECOVERIES ON LOANS TO FINANCE AGRICULTURAL PRODUCTION AND OTHER LOANS TO FARMERS,,,ri_b_chargeoffs.csv,718550.0,0.5078,1985Q1,2025Q3,0.9128,5230950.0
ytd_co_finance_cre,base,True,RI-B,ytd,thousands_usd,nonneg,RIAD5409,all,1991-03-31,,CHARGE-OFFS ON LOANS TO FINANCE COMMERCIAL REAL ESTATE; CONSTRUCTION; AND LAND DEVELOPMENT ACTIVITIES INCLUDED IN ITEMS 4645; 4646; AND 4644,,,ri_b_chargeoffs.csv,704036.0,0.4975,1991Q1,2025Q3,0.9859,17599815.0
ytd_rec_finance_cre,base,True,RI-B,ytd,thousands_usd,any,RIAD5410,all,1991-03-31,,RECOVERIES ON LOANS TO FINANCE COMMERCIAL REAL ESTATE; CONSTRUCTION; AND LAND DEVELOPMENT ACTIVITIES INCLUDED IN ITEMS 4617; 4618; AND 4628,,,ri_b_chargeoffs.csv,704036.0,0.4975,1991Q1,2025Q3,0.9843,3455871.0
ytd_co_heloc,base,True,RI-B,ytd,thousands_usd,nonneg,RIAD5411,all,1991-03-31,,CHARGE-OFFS ON REVOLVING; OPEN-END LOANS SECURED BY 1-4 FAMILY RESIDENTIAL PROPERTIES AND EXTENDED UNDER LINES OF CREDIT,,,ri_b_chargeoffs.csv,704034.0,0.4975,1991Q1,2025Q3,0.8877,249518015.0
ytd_rec_heloc,base,True,RI-B,ytd,thousands_usd,any,RIAD5412,all,1991-03-31,,RECOVERIES ON REVOLVING; OPEN-END LOANS SECURED BY 1-4 FAMILY RESIDENTIAL PROPERTIES AND EXTENDED UNDER LINES OF CREDIT,,,ri_b_chargeoffs.csv,704035.0,0.4975,1991Q1,2025Q3,0.898,38960343.0
ytd_co_cc,base,True,RI-B,ytd,thousands_usd,nonneg,RIADB514,all,2001-03-31,,CHARGE-OFFS ON LOANS TO CREDIT CARDS,,,ri_b_chargeoffs.csv,656043.0,0.4636,2001Q1,2025Q3,0.8615,1960140563.0
ytd_rec_cc,base,True,RI-B,ytd,thousands_usd,any,RIADB515,all,2001-03-31,,RECOVERIES ON LOANS TO CREDIT CARDS,,,ri_b_chargeoffs.csv,656044.0,0.4636,2001Q1,2025Q3,0.8921,329587559.0
ytd_rec_famres_first,base,True,RI-B,ytd,thousands_usd,any,RIADC217,all,2002-03-31,,RECOVERIES ON CLOSED-END LOANS SECURED BY 1-4 FAMILY RESIDENTIAL PROPERTIES:SECURED BY FIRST LIENS,,,ri_b_chargeoffs.csv,621331.0,0.4391,2002Q1,2025Q3,0.718,42235098.0
ytd_rec_famres_junior,base,True,RI-B,ytd,thousands_usd,any,RIADC218,all,2002-03-31,,RECOVERIES ON CLOSED-END LOANS SECURED BY 1-4 FAMILY RESIDENTIAL PROPERTIES:SECURED BY JUNIOR LIENS,,,ri_b_chargeoffs.csv,621331.0,0.4391,2002Q1,2025Q3,0.8693,16522244.0
ytd_co_famres_first,base,True,RI-B,ytd,thousands_usd,nonneg,RIADC234,all,2002-03-31,,CHARGE-OFFS ON CLOSED-END LOANS BY 1-4 FAMILY RESIDENTIAL PROPERTIES:SECURED BY FIRST LIENS,,,ri_b_chargeoffs.csv,621331.0,0.4391,2002Q1,2025Q3,0.6781,290004934.0
ytd_co_famres_junior,base,True,RI-B,ytd,thousands_usd,nonneg,RIADC235,all,2002-03-31,,CHARGE-OFFS ON CLOSED-END LOANS SECURED BY 1-4 FAMILY RESIDENTIAL PROPERTIES:SECURED BY JUNIOR LIENS,,,ri_b_chargeoffs.csv,621330.0,0.4391,2002Q1,2025Q3,0.8778,115451744.0
ytd_cc_fees_reversed,base,True,RI-B,ytd,thousands_usd,nonneg,RIADC388,031+041,2003-03-31,,UNCOLLECTIBLE CREDIT CARD FEES & FINANCE CHARGES REVERSED AGAINST INCOME (I.E.; NOT INCLUDED IN CHARGE-OFFS AGAINST THE ALLOWANCE FOR LOAN AND LEASE LOSSES),,,ri_b_chargeoffs.csv,459225.0,0.3245,2003Q1,2025Q3,0.9928,408268147.0
ytd_co_constr_res14,base,True,RI-B,ytd,thousands_usd,nonneg,RIADC891,all,2007-03-31,,1-4 FAMILY RESIDENTIAL CONSTRUCTION LOANS; CHARGE-OFFS,,,ri_b_chargeoffs.csv,444904.0,0.3144,2007Q1,2025Q3,0.917,61576092.0
ytd_rec_constr_res14,base,True,RI-B,ytd,thousands_usd,any,RIADC892,all,2007-03-31,,1-4 FAMILY RESIDENTIAL CONSTRUCTION LOANS RECOVERIES,,,ri_b_chargeoffs.csv,444904.0,0.3144,2007Q1,2025Q3,0.9334,5782622.0
ytd_co_constr_oth,base,True,RI-B,ytd,thousands_usd,nonneg,RIADC893,all,2007-03-31,,OTHER CONSTRUCTION LOANS AND ALL LAND DEVELOPMENT AND OTHER LAND LOANS; CHARGE-OFFS,,,ri_b_chargeoffs.csv,444905.0,0.3144,2007Q1,2025Q3,0.866,141022857.0
ytd_rec_constr_oth,base,True,RI-B,ytd,thousands_usd,any,RIADC894,all,2007-03-31,,OTHER CONSTRUCTION LOANS AND ALL LAND DEVELOPMENT AND OTHER LAND LOANS; RECOVERIES,,,ri_b_chargeoffs.csv,444904.0,0.3144,2007Q1,2025Q3,0.8776,16463011.0
ytd_co_nfnres_owner,base,True,RI-B,ytd,thousands_usd,nonneg,RIADC895,all,2007-03-31,,LOANS SECURED BY OWNER-OCCUPIED NONFARM NONRESIDENTIAL PROPERTIES: CHARGE-OFFS,,,ri_b_chargeoffs.csv,444904.0,0.3144,2007Q1,2025Q3,0.8363,53211621.0
ytd_rec_nfnres_owner,base,True,RI-B,ytd,thousands_usd,any,RIADC896,all,2007-03-31,,LOANS SECURED BY OWNER-OCCUPIED NONFARM NONRESIDENTIAL PROPERTIES: RECOVERIES,,,ri_b_chargeoffs.csv,444904.0,0.3144,2007Q1,2025Q3,0.8453,11018643.0
ytd_co_nfnres_oth,base,True,RI-B,ytd,thousands_usd,nonneg,RIADC897,all,2007-03-31,,LOANS SECURED BY OTHER NONFARM NONRESIDENTIAL PROPERTIES: CHARGE-OFFS,,,ri_b_chargeoffs.csv,444905.0,0.3144,2007Q1,2025Q3,0.8576,112035809.0
ytd_rec_nfnres_oth,base,True,RI-B,ytd,thousands_usd,any,RIADC898,all,2007-03-31,,LOANS SECURED BY OTHER NONFARM NONRESIDENTIAL PROPERTIES: RECOVERIES,,,ri_b_chargeoffs.csv,444905.0,0.3144,2007Q1,2025Q3,0.8687,16136860.0
ytd_co_auto,base,True,RI-B,ytd,thousands_usd,nonneg,RIADK129,all,2011-03-31,,CHARGE-OFFS ON AUTOMOBILE LOANS,,,ri_b_chargeoffs.csv,337683.0,0.2386,2011Q1,2025Q3,0.6786,191463940.0
ytd_rec_auto,base,True,RI-B,ytd,thousands_usd,any,RIADK133,all,2011-03-31,,RECOVERIES ON AUTOMOBILE LOANS,,,ri_b_chargeoffs.csv,337683.0,0.2386,2011Q1,2025Q3,0.6718,83346539.0
ytd_co_consumer_oth_ex_auto,base,True,RI-B,ytd,thousands_usd,nonneg,RIADK205,all,2011-03-31,,CHARGE-OFFS ALL OTHER (INCLUDES SINGLE PAYMENT; INSTALLMENT; ALL STUDENT LOANS; AND REVOLVING CREDIT PLANS OTHER THAN CREDIT CARDS),,,ri_b_chargeoffs.csv,337683.0,0.2386,2011Q1,2025Q3,0.4552,189302675.0
ytd_rec_consumer_oth_ex_auto,base,True,RI-B,ytd,thousands_usd,any,RIADK206,all,2011-03-31,,RECOVERIES ALL OTHER (INCLUDES SINGLE PAYMENT; INSTALLMENT; ALL STUDENT LOANS; AND REVOLVING CREDIT PLANS OTHER THAN CREDIT CARDS),,,ri_b_chargeoffs.csv,337683.0,0.2386,2011Q1,2025Q3,0.4872,42845888.0
alll_end,base,True,RI-B,stock,thousands_usd,any,RIAD3123,all,,,ALLOWANCE FOR LOAN AND LEASE LOSSES,,,ri_b_chargeoffs.csv,942887.0,0.6663,1985Q1,2025Q3,0.0133,16630768084.0
ytd_alll_adjustments,base,True,RI-B,ytd,thousands_usd,any,RIADC233,all,2002-03-31,,ADJUSTMENTS,,,ri_b_chargeoffs.csv,621331.0,0.4391,2002Q1,2025Q3,0.9456,439135952.0
ytd_writedowns_transfer_to_hfs,base,True,RI-B,ytd,thousands_usd,nonneg,RIAD5523,all,2001-06-30,,WRITE DOWNS ARISING FROM TRANSFER TO HFS,,,ri_b_chargeoffs.csv,647278.0,0.4574,2001Q2,2025Q3,0.994,105566509.0
acl_oth_fin_assets,base,True,RI-B,stock,thousands_usd,any,RCFDJJ03,all,2020-03-31,,Allowance for credit losses on other financial assets measured at amortized cost,,,ri_b_chargeoffs.csv,53690.0,0.0379,2019Q1,2025Q3,0.9837,23503303.0
ytd_co_cc_incl_revolving_4262,base,False,RI-B,ytd,thousands_usd,nonneg,RIAD4262,041+051,1984-03-31,2000-12-31,CHARGE-OFFS ON CREDIT CARDS AND RELATED PLANS,,,ri_b_chargeoffs.csv,,,,,,
ytd_co_cc_incl_revolving_4656,base,False,RI-B,ytd,thousands_usd,nonneg,RIAD4656,031,1984-03-31,2000-12-31,CHARGE-OFFS ON LOANS TO INDIVIDUALS FOR HOUSEHOLD; FAMILY; AND OTHER PERSONAL EXPENDITURES - CREDIT CARDS AND RELATED PLANS,,,ri_b_chargeoffs.csv,,,,,,
ytd_co_consumer_oth_4657,base,False,RI-B,ytd,thousands_usd,nonneg,RIAD4657,031,1984-03-31,2000-12-31,CHARGE-OFFS ON LOANS TO INDIVIDUALS FOR HOUSEHOLD; FAMILY; AND OTHER PERSONAL EXPENDITURES - OTHER LOANS,,,ri_b_chargeoffs.csv,,,,,,
ytd_co_consumer_oth_b516,base,False,RI-B,ytd,thousands_usd,nonneg,RIADB516,all,2001-03-31,2010-12-31,CHARGE-OFF ON LOANS - OTHER,,,ri_b_chargeoffs.csv,,,,,,
ytd_co_consumer_tot_4639,base,False,RI-B,ytd,thousands_usd,nonneg,RIAD4639,all,1984-03-31,2010-12-31,CHARGE-OFFS ON LOANS TO INDIVIDUALS FOR HOUSEHOLD; FAMILY; AND OTHER PERSONAL EXPENDITURES,,,ri_b_chargeoffs.csv,,,,,,
ytd_rec_cc_incl_revolving_4263,base,False,RI-B,ytd,thousands_usd,any,RIAD4263,041+051,1984-03-31,2000-12-31,RECOVERIES ON CREDIT CARDS AND RELATED PLANS,,,ri_b_chargeoffs.csv,,,,,,
ytd_rec_cc_incl_revolving_4666,base,False,RI-B,ytd,thousands_usd,any,RIAD4666,031,1984-03-31,2000-12-31,RECOVERIES ON LOANS TO INDIVIDUALS FOR HOUSEHOLD; FAMILY; AND OTHER PERSONAL EXPENDITURES - CREDIT CARDS AND RELATED PLANS,,,ri_b_chargeoffs.csv,,,,,,
ytd_rec_consumer_oth_4667,base,False,RI-B,ytd,thousands_usd,any,RIAD4667,031,1984-03-31,2000-12-31,RECOVERIES ON LOANS TO INDIVIDUALS FOR HOUSEHOLD; FAMILY; AND OTHER PERSONAL EXPENDITURES - OTHER LOANS,,,ri_b_chargeoffs.csv,,,,,,
ytd_rec_consumer_oth_b517,base,False,RI-B,ytd,thousands_usd,any,RIADB517,all,2001-03-31,2010-12-31,RECOVERIES ON LOANS - OTHER,,,ri_b_chargeoffs.csv,,,,,,
ytd_rec_consumer_tot_4609,base,False,RI-B,ytd,thousands_usd,any,RIAD4609,all,1984-03-31,2010-12-31,RECOVERIES ON LOANS TO INDIVIDUALS FOR HOUSEHOLD; FAMILY; AND OTHER PERSONAL EXPENDITURES,,,ri_b_chargeoffs.csv,,,,,,
ytd_co_cc_incl_revolving_pre01,derived,True,RI-B,ytd,thousands_usd,nonneg,,,,,"Credit cards AND related plans, charge-offs, through 2000Q4 (RIAD4262; RIAD4656 on the 031). The post-2001 credit-card line excludes the related plans and nothing after 2001 isolates them, so this is published for its own era only.",ytd_co_cc_incl_revolving_4262.fillna(ytd_co_cc_incl_revolving_4656),ytd_co_cc_incl_revolving_4262 ytd_co_cc_incl_revolving_4656,ri_b_chargeoffs.csv,752312.0,0.5317,1985Q1,2000Q4,0.7434,288899960.0
ytd_co_consumer_oth,derived,True,RI-B,ytd,thousands_usd,nonneg,,,,,"Consumer loans other than credit cards, charge-offs: automobile + other from 2011, the single other line 2001Q1-2010Q4. Consistent from 2001; before 2001 only 031 filers reported it (RIAD4657).",(ytd_co_auto + ytd_co_consumer_oth_ex_auto).fillna(ytd_co_consumer_oth_b516).fillna(ytd_co_consumer_oth_4657),ytd_co_auto ytd_co_consumer_oth_4657 ytd_co_consumer_oth_b516 ytd_co_consumer_oth_ex_auto,ri_b_chargeoffs.csv,726336.0,0.5133,1985Q1,2025Q3,0.3183,777821572.0
ytd_co_consumer_tot,derived,True,RI-B,ytd,thousands_usd,nonneg,,,,,"Total consumer (loans to individuals) charge-offs, consistent across the 2001 and 2011 splits: credit cards + automobile + other from 2011; credit cards + other 2001-2010 (equals the FDIC-derived RIAD4639 for 100% of banks); the reported total RIAD4639 for 031 filers before 2001. Blank before 2001 for other filers, which reported only credit cards and related plans.",(ytd_co_cc + ytd_co_auto + ytd_co_consumer_oth_ex_auto).fillna(ytd_co_cc + ytd_co_consumer_oth_b516).fillna(ytd_co_consumer_tot_4639),ytd_co_auto ytd_co_cc ytd_co_consumer_oth_b516 ytd_co_consumer_oth_ex_auto ytd_co_consumer_tot_4639,ri_b_chargeoffs.csv,731802.0,0.5172,1985Q1,2025Q3,0.2974,3017785610.0
ytd_rec_cc_incl_revolving_pre01,derived,True,RI-B,ytd,thousands_usd,any,,,,,"Credit cards AND related plans, recoveries, through 2000Q4 (RIAD4263; RIAD4666 on the 031). The post-2001 credit-card line excludes the related plans and nothing after 2001 isolates them, so this is published for its own era only.",ytd_rec_cc_incl_revolving_4263.fillna(ytd_rec_cc_incl_revolving_4666),ytd_rec_cc_incl_revolving_4263 ytd_rec_cc_incl_revolving_4666,ri_b_chargeoffs.csv,752311.0,0.5317,1985Q1,2000Q4,0.829,42469224.0
ytd_rec_consumer_oth,derived,True,RI-B,ytd,thousands_usd,any,,,,,"Consumer loans other than credit cards, recoveries: automobile + other from 2011, the single other line 2001Q1-2010Q4. Consistent from 2001; before 2001 only 031 filers reported it (RIAD4667).",(ytd_rec_auto + ytd_rec_consumer_oth_ex_auto).fillna(ytd_rec_consumer_oth_b517).fillna(ytd_rec_consumer_oth_4667),ytd_rec_auto ytd_rec_consumer_oth_4667 ytd_rec_consumer_oth_b517 ytd_rec_consumer_oth_ex_auto,ri_b_chargeoffs.csv,726334.0,0.5133,1985Q1,2025Q3,0.3461,225443297.0
ytd_rec_consumer_tot,derived,True,RI-B,ytd,thousands_usd,any,,,,,"Total consumer (loans to individuals) recoveries, consistent across the 2001 and 2011 splits: credit cards + automobile + other from 2011; credit cards + other 2001-2010 (equals the FDIC-derived RIAD4609 for 100% of banks); the reported total RIAD4609 for 031 filers before 2001. Blank before 2001 for other filers, which reported only credit cards and related plans.",(ytd_rec_cc + ytd_rec_auto + ytd_rec_consumer_oth_ex_auto).fillna(ytd_rec_cc + ytd_rec_consumer_oth_b517).fillna(ytd_rec_consumer_tot_4609),ytd_rec_auto ytd_rec_cc ytd_rec_consumer_oth_b517 ytd_rec_consumer_oth_ex_auto ytd_rec_consumer_tot_4609,ri_b_chargeoffs.csv,731802.0,0.5172,1985Q1,2025Q3,0.3298,596102442.0
ytd_net_chargeoffs_tot,derived,True,RI-B,ytd,thousands_usd,any,,,,,Net charge-offs: gross charge-offs less recoveries,ytd_co_tot - ytd_rec_tot,ytd_co_tot ytd_rec_tot,ri_b_chargeoffs.csv,1414984.0,1.0,1985Q1,2025Q3,0.1109,4469704151.0
ytd_provision_ll,base,True,RI,ytd,thousands_usd,any,RIAD4230,all,,,PROVISION FOR LOAN AND LEASE LOSSES,,,ri_provisions.csv,1414991.0,1.0,1985Q1,2025Q3,0.2017,4936564116.0
ytd_provision_credit_tot,base,True,RI,ytd,thousands_usd,any,RIADJJ33,all,2019-03-31,,PROVISIONS FOR CREDIT LOSSES ON FINANCIAL ASSETS,,,ri_provisions.csv,131294.0,0.0928,2019Q1,2025Q3,0.2643,1147036124.0
ytd_provision_htm,base,True,RI-B,ytd,thousands_usd,any,RIADJH90,all,2019-03-31,,Provisions for credit losses; Held-to-maturity debt securities,,,ri_provisions.csv,53689.0,0.0379,2019Q1,2025Q3,0.9485,1050938.0
ytd_provision_afs,base,True,RI-B,ytd,thousands_usd,any,RIADJH96,all,2019-03-31,,Provisions for credit losses; Available-for-sale debt securities,,,ri_provisions.csv,53689.0,0.0379,2019Q1,2025Q3,0.9803,1419189.0
ytd_provision_oth_fin,base,True,RI-B,ytd,thousands_usd,any,RIADJJ02,all,2019-03-31,,Provisions for credit losses on other financial assets measured at amortized cost,,,ri_provisions.csv,53685.0,0.0379,2019Q1,2025Q3,0.9889,6545372.0
ytd_provision_obs,base,True,RI-B,ytd,thousands_usd,any,RIADMG93,all,2021-03-31,,Provisions for credit losses on off-balance-sheet exposures,,,ri_provisions.csv,52607.0,0.0372,2021Q1,2025Q3,0.6288,-3481002.0
q_cecl_htm_dsec_cp_bal,flow,True,RI-B,quarterly,thousands_usd,any,,all,,,Quarterly flow of ytd_cecl_htm_dsec_cp_bal: Balance end of current period; Held-to-maturity debt securities,"ytd_cecl_htm_dsec_cp_bal(t) - ytd_cecl_htm_dsec_cp_bal(t-1) within the bank-year; Q1 = ytd_cecl_htm_dsec_cp_bal; NaN where the prior quarter is missing or blank (an annual filer's Q4 total stays in ytd_cecl_htm_dsec_cp_bal, its flows are NaN)",ytd_cecl_htm_dsec_cp_bal,income_statement.csv,53344.0,0.0377,2019Q1,2025Q3,0.9437,2485511.0
q_net_gain_ass_fv,flow,True,RI,quarterly,thousands_usd,any,,all,,,Quarterly flow of ytd_net_gain_ass_fv: NET GAINS (LOSSES) RECOGNIZED IN EARNINGS ON ASSETS THAT ARE REPORTED AT FAIR VALUE OPTION,"ytd_net_gain_ass_fv(t) - ytd_net_gain_ass_fv(t-1) within the bank-year; Q1 = ytd_net_gain_ass_fv; NaN where the prior quarter is missing or blank (an annual filer's Q4 total stays in ytd_net_gain_ass_fv, its flows are NaN)",ytd_net_gain_ass_fv,income_statement.csv,21861.0,0.0154,2008Q1,2025Q3,0.2778,205366864.0
q_int_inc_ln,flow,True,RI,quarterly,thousands_usd,nonneg,,all,,,Quarterly flow of ytd_int_inc_ln: INTEREST AND FEE INCOME ON LOANS; TOTAL,"ytd_int_inc_ln(t) - ytd_int_inc_ln(t-1) within the bank-year; Q1 = ytd_int_inc_ln; NaN where the prior quarter is missing or blank (an annual filer's Q4 total stays in ytd_int_inc_ln, its flows are NaN)",ytd_int_inc_ln,income_statement.csv,1405553.0,0.9933,1985Q1,2025Q3,0.0084,15042608466.0
q_int_inc_lndom_re_agg_031032,flow,True,RI,quarterly,thousands_usd,nonneg,,all,,,Quarterly flow of ytd_int_inc_lndom_re_agg_031032: INTEREST AND FEE INCOME ON LOANS SECURED BY REAL ESTATE,"ytd_int_inc_lndom_re_agg_031032(t) - ytd_int_inc_lndom_re_agg_031032(t-1) within the bank-year; Q1 = ytd_int_inc_lndom_re_agg_031032; NaN where the prior quarter is missing or blank (an annual filer's Q4 total stays in ytd_int_inc_lndom_re_agg_031032, its flows are NaN)",ytd_int_inc_lndom_re_agg_031032,income_statement.csv,382347.0,0.2702,1985Q1,2010Q4,0.0184,2938777974.0
q_int_inc_ln_rre,flow,True,RI,quarterly,thousands_usd,nonneg,,all,,,Quarterly flow of ytd_int_inc_ln_rre: INTEREST AND FEE INCOME ON LOANS SECURED BY 1-4 FAMILY RESIDENTIAL PROPERTIES,"ytd_int_inc_ln_rre(t) - ytd_int_inc_ln_rre(t-1) within the bank-year; Q1 = ytd_int_inc_ln_rre; NaN where the prior quarter is missing or blank (an annual filer's Q4 total stays in ytd_int_inc_ln_rre, its flows are NaN)",ytd_int_inc_ln_rre,income_statement.csv,431704.0,0.3051,1986Q1,2025Q3,0.0306,1889875849.0
q_int_inc_ln_oth_re,flow,True,RI,quarterly,thousands_usd,nonneg,,all,,,Quarterly flow of ytd_int_inc_ln_oth_re: INTEREST AND FEE INCOME ON ALL OTHER LOANS SECURED BY REAL ESTATE,"ytd_int_inc_ln_oth_re(t) - ytd_int_inc_ln_oth_re(t-1) within the bank-year; Q1 = ytd_int_inc_ln_oth_re; NaN where the prior quarter is missing or blank (an annual filer's Q4 total stays in ytd_int_inc_ln_oth_re, its flows are NaN)",ytd_int_inc_ln_oth_re,income_statement.csv,431704.0,0.3051,1986Q1,2025Q3,0.0298,1915276637.0
q_int_inc_ln_cc_pre01_031032,flow,True,RI,quarterly,thousands_usd,nonneg,,all,,,Quarterly flow of ytd_int_inc_ln_cc_pre01_031032: CREDIT CARDS AND RELATED PLANS,"ytd_int_inc_ln_cc_pre01_031032(t) - ytd_int_inc_ln_cc_pre01_031032(t-1) within the bank-year; Q1 = ytd_int_inc_ln_cc_pre01_031032; NaN where the prior quarter is missing or blank (an annual filer's Q4 total stays in ytd_int_inc_ln_cc_pre01_031032, its flows are NaN)",ytd_int_inc_ln_cc_pre01_031032,income_statement.csv,69701.0,0.0493,1985Q1,2000Q4,0.1734,347178825.0
q_int_inc_ln_cons_pre01,flow,True,RI,quarterly,thousands_usd,nonneg,,all,,,Quarterly flow of ytd_int_inc_ln_cons_pre01: OTHER LOANS TO INDIVIDUALS FOR HOUSEHOLD; FAMILY; AND OTHER PERSONAL EXPENDITURES,"ytd_int_inc_ln_cons_pre01(t) - ytd_int_inc_ln_cons_pre01(t-1) within the bank-year; Q1 = ytd_int_inc_ln_cons_pre01; NaN where the prior quarter is missing or blank (an annual filer's Q4 total stays in ytd_int_inc_ln_cons_pre01, its flows are NaN)",ytd_int_inc_ln_cons_pre01,income_statement.csv,69701.0,0.0493,1985Q1,2000Q4,0.0404,331247844.0
q_int_inc_ln_ci,flow,True,RI,quarterly,thousands_usd,nonneg,,all,,,Quarterly flow of ytd_int_inc_ln_ci: INTEREST AND FEE INCOME ON COMMERCIAL AND INDUSTRIAL LOANS,"ytd_int_inc_ln_ci(t) - ytd_int_inc_ln_ci(t-1) within the bank-year; Q1 = ytd_int_inc_ln_ci; NaN where the prior quarter is missing or blank (an annual filer's Q4 total stays in ytd_int_inc_ln_ci, its flows are NaN)",ytd_int_inc_ln_ci,income_statement.csv,719826.0,0.5087,1985Q1,2025Q3,0.0423,2630018918.0
q_int_exp_trans_accts_dom,flow,True,RI,quarterly,thousands_usd,nonneg,,all,,,Quarterly flow of ytd_int_exp_trans_accts_dom: INTEREST ON TRANSACTION ACCOUNTS (NOW ACCOUNTS; ATS ACCOUNTS; AND TELEPHONE AND PREAUTHORIZED TRANSFER ACCOUNTS),"ytd_int_exp_trans_accts_dom(t) - ytd_int_exp_trans_accts_dom(t-1) within the bank-year; Q1 = ytd_int_exp_trans_accts_dom; NaN where the prior quarter is missing or blank (an annual filer's Q4 total stays in ytd_int_exp_trans_accts_dom, its flows are NaN)",ytd_int_exp_trans_accts_dom,income_statement.csv,1290432.0,0.9119,1987Q1,2025Q3,0.0473,493621843.0
q_int_exp_savings_dep_dom_01,flow,True,RI,quarterly,thousands_usd,nonneg,,all,,,Quarterly flow of ytd_int_exp_savings_dep_dom_01: SAVINGS DEPOSITS (INCLUDING MMDAS),"ytd_int_exp_savings_dep_dom_01(t) - ytd_int_exp_savings_dep_dom_01(t-1) within the bank-year; Q1 = ytd_int_exp_savings_dep_dom_01; NaN where the prior quarter is missing or blank (an annual filer's Q4 total stays in ytd_int_exp_savings_dep_dom_01, its flows are NaN)",ytd_int_exp_savings_dep_dom_01,income_statement.csv,654876.0,0.4628,2001Q1,2025Q3,0.0216,950022975.0
q_int_exp_time_lt250k_dom,flow,True,RI,quarterly,thousands_usd,nonneg,,all,,,Quarterly flow of ytd_int_exp_time_lt250k_dom: INTEREST EXPENSE; INTEREST ON DEPOSITS; NONTRANSACTION ACCOUNTS; TIME DEPOSITS OF 250000 OR LESS,"ytd_int_exp_time_lt250k_dom(t) - ytd_int_exp_time_lt250k_dom(t-1) within the bank-year; Q1 = ytd_int_exp_time_lt250k_dom; NaN where the prior quarter is missing or blank (an annual filer's Q4 total stays in ytd_int_exp_time_lt250k_dom, its flows are NaN)",ytd_int_exp_time_lt250k_dom,income_statement.csv,176716.0,0.1249,2017Q1,2025Q3,0.0242,307444168.0
q_int_exp_time_gt250k_dom,flow,True,RI,quarterly,thousands_usd,nonneg,,all,,,Quarterly flow of ytd_int_exp_time_gt250k_dom: INTEREST EXPENSE; INTEREST ON DEPOSITS; NONTRANSACTION ACCOUNTS; TIME DEPOSITS OF MORE THAN 250000,"ytd_int_exp_time_gt250k_dom(t) - ytd_int_exp_time_gt250k_dom(t-1) within the bank-year; Q1 = ytd_int_exp_time_gt250k_dom; NaN where the prior quarter is missing or blank (an annual filer's Q4 total stays in ytd_int_exp_time_gt250k_dom, its flows are NaN)",ytd_int_exp_time_gt250k_dom,income_statement.csv,176716.0,0.1249,2017Q1,2025Q3,0.0627,155142886.0
q_int_exp_for,flow,True,RI,quarterly,thousands_usd,nonneg,,all,,,Quarterly flow of ytd_int_exp_for: INTEREST ON DEPOSITS IN FOREIGN OFFICES; EDGE AND AGREEMENT SUBSIDIARIES; AND IBFS,"ytd_int_exp_for(t) - ytd_int_exp_for(t-1) within the bank-year; Q1 = ytd_int_exp_for; NaN where the prior quarter is missing or blank (an annual filer's Q4 total stays in ytd_int_exp_for, its flows are NaN)",ytd_int_exp_for,income_statement.csv,22958.0,0.0162,1985Q1,2025Q3,0.2542,866960478.0
q_int_exp_time_lt100k_dom,flow,True,RI,quarterly,thousands_usd,nonneg,,all,,,Quarterly flow of ytd_int_exp_time_lt100k_dom: INTEREST ON TIME DEPOSITS OF LESS THAN $100;000,"ytd_int_exp_time_lt100k_dom(t) - ytd_int_exp_time_lt100k_dom(t-1) within the bank-year; Q1 = ytd_int_exp_time_lt100k_dom; NaN where the prior quarter is missing or blank (an annual filer's Q4 total stays in ytd_int_exp_time_lt100k_dom, its flows are NaN)",ytd_int_exp_time_lt100k_dom,income_statement.csv,627351.0,0.4433,1997Q1,2016Q4,0.0193,573859588.0
q_int_exp_trad_othbor,flow,True,RI,quarterly,thousands_usd,nonneg,,all,,,Quarterly flow of ytd_int_exp_trad_othbor: INTEREST ON TRADING LIABILITIES AND OTHER BORROWED MONEY,"ytd_int_exp_trad_othbor(t) - ytd_int_exp_trad_othbor(t-1) within the bank-year; Q1 = ytd_int_exp_trad_othbor; NaN where the prior quarter is missing or blank (an annual filer's Q4 total stays in ytd_int_exp_trad_othbor, its flows are NaN)",ytd_int_exp_trad_othbor,income_statement.csv,1284392.0,0.9077,1985Q1,2025Q3,0.5514,1060690224.0
q_int_exp_subdebt,flow,True,RI,quarterly,thousands_usd,nonneg,,all,,,Quarterly flow of ytd_int_exp_subdebt: INTEREST ON NOTES AND DEBENTURES SUBORDINATED TO DEPOSITS,"ytd_int_exp_subdebt(t) - ytd_int_exp_subdebt(t-1) within the bank-year; Q1 = ytd_int_exp_subdebt; NaN where the prior quarter is missing or blank (an annual filer's Q4 total stays in ytd_int_exp_subdebt, its flows are NaN)",ytd_int_exp_subdebt,income_statement.csv,1285458.0,0.9084,1985Q1,2025Q3,0.9572,148351753.0
q_int_exp_oth_dep,flow,True,RI,quarterly,thousands_usd,nonneg,,all,,,Quarterly flow of ytd_int_exp_oth_dep: INTEREST ON OTHER DEPOSITS,"ytd_int_exp_oth_dep(t) - ytd_int_exp_oth_dep(t-1) within the bank-year; Q1 = ytd_int_exp_oth_dep; NaN where the prior quarter is missing or blank (an annual filer's Q4 total stays in ytd_int_exp_oth_dep, its flows are NaN)",ytd_int_exp_oth_dep,income_statement.csv,114087.0,0.0806,1985Q1,1986Q4,0.004,151672400.0
q_int_exp_oth_time_dep,flow,True,RI,quarterly,thousands_usd,nonneg,,all,,,Quarterly flow of ytd_int_exp_oth_time_dep: INTEREST ON ALL OTHER TIME DEPOSITS,"ytd_int_exp_oth_time_dep(t) - ytd_int_exp_oth_time_dep(t-1) within the bank-year; Q1 = ytd_int_exp_oth_time_dep; NaN where the prior quarter is missing or blank (an annual filer's Q4 total stays in ytd_int_exp_oth_time_dep, its flows are NaN)",ytd_int_exp_oth_time_dep,income_statement.csv,486365.0,0.3437,1987Q1,1996Q4,0.0098,449240347.0
q_fiduc_inc,flow,True,RC-T,quarterly,thousands_usd,nonneg,,all,,,Quarterly flow of ytd_fiduc_inc: INCOME FROM FIDUCIARY ACTIVITIES,"ytd_fiduc_inc(t) - ytd_fiduc_inc(t-1) within the bank-year; Q1 = ytd_fiduc_inc; NaN where the prior quarter is missing or blank (an annual filer's Q4 total stays in ytd_fiduc_inc, its flows are NaN)",ytd_fiduc_inc,income_statement.csv,857416.0,0.6059,1985Q1,2025Q3,0.7479,1045329647.0
q_nonint_inc_srv_chrg_dep,flow,True,RI,quarterly,thousands_usd,any,,all,,,Quarterly flow of ytd_nonint_inc_srv_chrg_dep: SERVICE CHARGES ON DEPOSIT ACCOUNTS IN DOMESTIC OFFICES,"ytd_nonint_inc_srv_chrg_dep(t) - ytd_nonint_inc_srv_chrg_dep(t-1) within the bank-year; Q1 = ytd_nonint_inc_srv_chrg_dep; NaN where the prior quarter is missing or blank (an annual filer's Q4 total stays in ytd_nonint_inc_srv_chrg_dep, its flows are NaN)",ytd_nonint_inc_srv_chrg_dep,income_statement.csv,1409945.0,0.9964,1985Q1,2025Q3,0.0264,1097732808.0
q_tradrev_inc,flow,True,RI,quarterly,thousands_usd,any,,all,,,Quarterly flow of ytd_tradrev_inc: TRADING REVENUE,"ytd_tradrev_inc(t) - ytd_tradrev_inc(t-1) within the bank-year; Q1 = ytd_tradrev_inc; NaN where the prior quarter is missing or blank (an annual filer's Q4 total stays in ytd_tradrev_inc, its flows are NaN)",ytd_tradrev_inc,income_statement.csv,584779.0,0.4133,1997Q1,2025Q3,0.9675,675682073.0
q_nonint_inc_sb,flow,True,RI,quarterly,thousands_usd,any,,all,,,Quarterly flow of ytd_nonint_inc_sb: FEES AND COMMISSIONS FROM SECURITIES BROKERAGE,"ytd_nonint_inc_sb(t) - ytd_nonint_inc_sb(t-1) within the bank-year; Q1 = ytd_nonint_inc_sb; NaN where the prior quarter is missing or blank (an annual filer's Q4 total stays in ytd_nonint_inc_sb, its flows are NaN)",ytd_nonint_inc_sb,income_statement.csv,350107.0,0.2474,2007Q1,2025Q3,0.7917,90025470.0
q_nonint_inc_fees_adv,flow,True,RI,quarterly,thousands_usd,any,,all,,,Quarterly flow of ytd_nonint_inc_fees_adv: INVESTMENT BANKING; ADVISORY; AND UNDERWRITING FEES AND COMMISSIONS,"ytd_nonint_inc_fees_adv(t) - ytd_nonint_inc_fees_adv(t-1) within the bank-year; Q1 = ytd_nonint_inc_fees_adv; NaN where the prior quarter is missing or blank (an annual filer's Q4 total stays in ytd_nonint_inc_fees_adv, its flows are NaN)",ytd_nonint_inc_fees_adv,income_statement.csv,350107.0,0.2474,2007Q1,2025Q3,0.9141,130986449.0
q_nonint_inc_fees_annu,flow,True,RI,quarterly,thousands_usd,any,,all,,,Quarterly flow of ytd_nonint_inc_fees_annu: FEES AND COMMISSIONS FROM ANNUITY SALES,"ytd_nonint_inc_fees_annu(t) - ytd_nonint_inc_fees_annu(t-1) within the bank-year; Q1 = ytd_nonint_inc_fees_annu; NaN where the prior quarter is missing or blank (an annual filer's Q4 total stays in ytd_nonint_inc_fees_annu, its flows are NaN)",ytd_nonint_inc_fees_annu,income_statement.csv,350107.0,0.2474,2007Q1,2025Q3,0.8652,15667419.0
q_nonint_inc_ins_underw,flow,True,RI,quarterly,thousands_usd,any,,all,,,Quarterly flow of ytd_nonint_inc_ins_underw: INSURANCE AND REINSURANCE UNDERWRITING INCOME,"ytd_nonint_inc_ins_underw(t) - ytd_nonint_inc_ins_underw(t-1) within the bank-year; Q1 = ytd_nonint_inc_ins_underw; NaN where the prior quarter is missing or blank (an annual filer's Q4 total stays in ytd_nonint_inc_ins_underw, its flows are NaN)",ytd_nonint_inc_ins_underw,income_statement.csv,479172.0,0.3386,2003Q1,2025Q3,0.9775,4966427.0
q_nonint_inc_oth_ins_act,flow,True,RI,quarterly,thousands_usd,any,,all,,,Quarterly flow of ytd_nonint_inc_oth_ins_act: INCOME FROM OTHER INSURANCE AND REINSURANCE ACTIVITIES,"ytd_nonint_inc_oth_ins_act(t) - ytd_nonint_inc_oth_ins_act(t-1) within the bank-year; Q1 = ytd_nonint_inc_oth_ins_act; NaN where the prior quarter is missing or blank (an annual filer's Q4 total stays in ytd_nonint_inc_oth_ins_act, its flows are NaN)",ytd_nonint_inc_oth_ins_act,income_statement.csv,479174.0,0.3386,2003Q1,2025Q3,0.6365,77700469.0
q_sectn_inc,flow,True,RI,quarterly,thousands_usd,any,,all,,,Quarterly flow of ytd_sectn_inc: NET SECURITIZATION INCOME,"ytd_sectn_inc(t) - ytd_sectn_inc(t-1) within the bank-year; Q1 = ytd_sectn_inc; NaN where the prior quarter is missing or blank (an annual filer's Q4 total stays in ytd_sectn_inc, its flows are NaN)",ytd_sectn_inc,income_statement.csv,547488.0,0.3869,2001Q1,2025Q3,0.9917,179329411.0
q_nonint_inc_oth,flow,True,RI,quarterly,thousands_usd,any,,all,,,Quarterly flow of ytd_nonint_inc_oth: OTHER NONINTEREST INCOME,"ytd_nonint_inc_oth(t) - ytd_nonint_inc_oth(t-1) within the bank-year; Q1 = ytd_nonint_inc_oth; NaN where the prior quarter is missing or blank (an annual filer's Q4 total stays in ytd_nonint_inc_oth, its flows are NaN)",ytd_nonint_inc_oth,income_statement.csv,654876.0,0.4628,2001Q1,2025Q3,0.0195,2636389476.0
q_nonint_inc,flow,True,RI,quarterly,thousands_usd,any,,all,,,Quarterly flow of ytd_nonint_inc: TOTAL NONINTEREST INCOME,"ytd_nonint_inc(t) - ytd_nonint_inc(t-1) within the bank-year; Q1 = ytd_nonint_inc; NaN where the prior quarter is missing or blank (an annual filer's Q4 total stays in ytd_nonint_inc, its flows are NaN)",ytd_nonint_inc,income_statement.csv,1409945.0,0.9964,1985Q1,2025Q3,0.0031,7418472384.0
q_nonint_inc_oth_fee,flow,True,RI,quarterly,thousands_usd,any,,all,,,Quarterly flow of ytd_nonint_inc_oth_fee: OTHER NONINTEREST INCOME: OTHER FEE INCOME,"ytd_nonint_inc_oth_fee(t) - ytd_nonint_inc_oth_fee(t-1) within the bank-year; Q1 = ytd_nonint_inc_oth_fee; NaN where the prior quarter is missing or blank (an annual filer's Q4 total stays in ytd_nonint_inc_oth_fee, its flows are NaN)",ytd_nonint_inc_oth_fee,income_statement.csv,422617.0,0.2987,1991Q1,2000Q4,0.0372,415888789.0
q_nonint_inc_all_oth,flow,True,RI,quarterly,thousands_usd,any,,all,,,Quarterly flow of ytd_nonint_inc_all_oth: ALL OTHER NONINTEREST INCOME,"ytd_nonint_inc_all_oth(t) - ytd_nonint_inc_all_oth(t-1) within the bank-year; Q1 = ytd_nonint_inc_all_oth; NaN where the prior quarter is missing or blank (an annual filer's Q4 total stays in ytd_nonint_inc_all_oth, its flows are NaN)",ytd_nonint_inc_all_oth,income_statement.csv,422617.0,0.2987,1991Q1,2000Q4,0.2392,189086055.0
q_nonint_inc_ins_fee,flow,True,RI,quarterly,thousands_usd,any,,all,,,Quarterly flow of ytd_nonint_inc_ins_fee: INSURANCE COMMISSIONS AND FEES,"ytd_nonint_inc_ins_fee(t) - ytd_nonint_inc_ins_fee(t-1) within the bank-year; Q1 = ytd_nonint_inc_ins_fee; NaN where the prior quarter is missing or blank (an annual filer's Q4 total stays in ytd_nonint_inc_ins_fee, its flows are NaN)",ytd_nonint_inc_ins_fee,income_statement.csv,68314.0,0.0483,2001Q1,2002Q4,0.5639,6685161.0
q_nonint_inc_ib_adv_fee,flow,True,RI,quarterly,thousands_usd,any,,all,,,Quarterly flow of ytd_nonint_inc_ib_adv_fee: INVESTMENT BANKING; ADVISORY; BROKERAGE; AND UNDERWRITING FEES AND COMMISSIONS,"ytd_nonint_inc_ib_adv_fee(t) - ytd_nonint_inc_ib_adv_fee(t-1) within the bank-year; Q1 = ytd_nonint_inc_ib_adv_fee; NaN where the prior quarter is missing or blank (an annual filer's Q4 total stays in ytd_nonint_inc_ib_adv_fee, its flows are NaN)",ytd_nonint_inc_ib_adv_fee,income_statement.csv,197381.0,0.1395,2001Q1,2006Q4,0.7444,61819439.0
q_nonint_inc_oth_pre2001,flow,True,RI,quarterly,thousands_usd,any,,all,,,Quarterly flow of ytd_nonint_inc_oth_pre2001: OTHER NONINTEREST INCOME,"ytd_nonint_inc_oth_pre2001(t) - ytd_nonint_inc_oth_pre2001(t-1) within the bank-year; Q1 = ytd_nonint_inc_oth_pre2001; NaN where the prior quarter is missing or blank (an annual filer's Q4 total stays in ytd_nonint_inc_oth_pre2001, its flows are NaN)",ytd_nonint_inc_oth_pre2001,income_statement.csv,755068.0,0.5336,1985Q1,2000Q4,0.0149,751129217.0
q_nonint_inc_net_gain_ll,flow,True,RI,quarterly,thousands_usd,any,,all,,,Quarterly flow of ytd_nonint_inc_net_gain_ll: NET GAINS (LOSSES) ON SALES OF LOANS,"ytd_nonint_inc_net_gain_ll(t) - ytd_nonint_inc_net_gain_ll(t-1) within the bank-year; Q1 = ytd_nonint_inc_net_gain_ll; NaN where the prior quarter is missing or blank (an annual filer's Q4 total stays in ytd_nonint_inc_net_gain_ll, its flows are NaN)",ytd_nonint_inc_net_gain_ll,income_statement.csv,1058112.0,0.7478,1991Q1,2025Q3,0.7476,282747294.0
q_nonint_inc_oreo,flow,True,RI,quarterly,thousands_usd,any,,all,,,Quarterly flow of ytd_nonint_inc_oreo: NET GAINS (LOSSES) ON OTHER REAL ESTATE OWNED,"ytd_nonint_inc_oreo(t) - ytd_nonint_inc_oreo(t-1) within the bank-year; Q1 = ytd_nonint_inc_oreo; NaN where the prior quarter is missing or blank (an annual filer's Q4 total stays in ytd_nonint_inc_oreo, its flows are NaN)",ytd_nonint_inc_oreo,income_statement.csv,1057734.0,0.7475,1991Q1,2025Q3,0.7848,-13929457.0
q_nonint_inc_net_gain_oth_ass,flow,True,RI,quarterly,thousands_usd,any,,all,,,Quarterly flow of ytd_nonint_inc_net_gain_oth_ass: NET GAINS (LOSSES) ON SALES OF OTHER ASSETS (EXCLUDING SECURITIES),"ytd_nonint_inc_net_gain_oth_ass(t) - ytd_nonint_inc_net_gain_oth_ass(t-1) within the bank-year; Q1 = ytd_nonint_inc_net_gain_oth_ass; NaN where the prior quarter is missing or blank (an annual filer's Q4 total stays in ytd_nonint_inc_net_gain_oth_ass, its flows are NaN)",ytd_nonint_inc_net_gain_oth_ass,income_statement.csv,654874.0,0.4628,2001Q1,2025Q3,0.7952,44148156.0
q_nonint_exp_comp,flow,True,RI,quarterly,thousands_usd,nonneg,,all,,,Quarterly flow of ytd_nonint_exp_comp: SALARIES AND EMPLOYEE BENEFITS,"ytd_nonint_exp_comp(t) - ytd_nonint_exp_comp(t-1) within the bank-year; Q1 = ytd_nonint_exp_comp; NaN where the prior quarter is missing or blank (an annual filer's Q4 total stays in ytd_nonint_exp_comp, its flows are NaN)",ytd_nonint_exp_comp,income_statement.csv,1411012.0,0.9971,1985Q1,2025Q3,0.002,5662340774.0
q_nonint_exp_fass,flow,True,RI,quarterly,thousands_usd,nonneg,,all,,,Quarterly flow of ytd_nonint_exp_fass: EXPENSES OF PREMISES AND FIXED ASSETS,"ytd_nonint_exp_fass(t) - ytd_nonint_exp_fass(t-1) within the bank-year; Q1 = ytd_nonint_exp_fass; NaN where the prior quarter is missing or blank (an annual filer's Q4 total stays in ytd_nonint_exp_fass, its flows are NaN)",ytd_nonint_exp_fass,income_statement.csv,1409945.0,0.9964,1985Q1,2025Q3,0.0036,1374170269.0
q_nonint_exp_oth,flow,True,RI,quarterly,thousands_usd,nonneg,,all,,,Quarterly flow of ytd_nonint_exp_oth: OTHER NONINTEREST EXPENSE,"ytd_nonint_exp_oth(t) - ytd_nonint_exp_oth(t-1) within the bank-year; Q1 = ytd_nonint_exp_oth; NaN where the prior quarter is missing or blank (an annual filer's Q4 total stays in ytd_nonint_exp_oth, its flows are NaN)",ytd_nonint_exp_oth,income_statement.csv,1404519.0,0.9926,1985Q1,2025Q3,0.0005,5217796322.0
q_nonint_exp,flow,True,RI,quarterly,thousands_usd,nonneg,,all,,,Quarterly flow of ytd_nonint_exp: TOTAL NONINTEREST EXPENSE,"ytd_nonint_exp(t) - ytd_nonint_exp(t-1) within the bank-year; Q1 = ytd_nonint_exp; NaN where the prior quarter is missing or blank (an annual filer's Q4 total stays in ytd_nonint_exp, its flows are NaN)",ytd_nonint_exp,income_statement.csv,1409945.0,0.9964,1985Q1,2025Q3,0.0001,12512181643.0
q_taxes_inc,flow,True,RI,quarterly,thousands_usd,any,,all,,,Quarterly flow of ytd_taxes_inc: APPLICABLE INCOME TAXES,"ytd_taxes_inc(t) - ytd_taxes_inc(t-1) within the bank-year; Q1 = ytd_taxes_inc; NaN where the prior quarter is missing or blank (an annual filer's Q4 total stays in ytd_taxes_inc, its flows are NaN)",ytd_taxes_inc,income_statement.csv,1409945.0,0.9964,1985Q1,2025Q3,0.1695,1707823417.0
q_int_inc,flow,True,RI,quarterly,thousands_usd,nonneg,,all,,,Quarterly flow of ytd_int_inc: TOTAL INTEREST INCOME,"ytd_int_inc(t) - ytd_int_inc(t-1) within the bank-year; Q1 = ytd_int_inc; NaN where the prior quarter is missing or blank (an annual filer's Q4 total stays in ytd_int_inc, its flows are NaN)",ytd_int_inc,income_statement.csv,1409945.0,0.9964,1985Q1,2025Q3,0.0003,20111470676.0
q_int_exp,flow,True,RI,quarterly,thousands_usd,nonneg,,all,,,Quarterly flow of ytd_int_exp: TOTAL INTEREST EXPENSE,"ytd_int_exp(t) - ytd_int_exp(t-1) within the bank-year; Q1 = ytd_int_exp; NaN where the prior quarter is missing or blank (an annual filer's Q4 total stays in ytd_int_exp, its flows are NaN)",ytd_int_exp,income_statement.csv,1409945.0,0.9964,1985Q1,2025Q3,0.0054,6878898201.0
q_int_exp_savings_dep_dom_1_pre01,flow,True,RI,quarterly,thousands_usd,nonneg,,all,,,Quarterly flow of ytd_int_exp_savings_dep_dom_1_pre01: INTEREST ON MONEY MARKET DEPOSIT ACCOUNTS (MMDA'S),"ytd_int_exp_savings_dep_dom_1_pre01(t) - ytd_int_exp_savings_dep_dom_1_pre01(t-1) within the bank-year; Q1 = ytd_int_exp_savings_dep_dom_1_pre01; NaN where the prior quarter is missing or blank (an annual filer's Q4 total stays in ytd_int_exp_savings_dep_dom_1_pre01, its flows are NaN)",ytd_int_exp_savings_dep_dom_1_pre01,income_statement.csv,635556.0,0.4491,1987Q1,2000Q4,0.0674,278895251.0
q_int_exp_savings_dep_dom_2_pre01,flow,True,RI,quarterly,thousands_usd,nonneg,,all,,,Quarterly flow of ytd_int_exp_savings_dep_dom_2_pre01: INTEREST ON OTHER SAVINGS DEPOSITS,"ytd_int_exp_savings_dep_dom_2_pre01(t) - ytd_int_exp_savings_dep_dom_2_pre01(t-1) within the bank-year; Q1 = ytd_int_exp_savings_dep_dom_2_pre01; NaN where the prior quarter is missing or blank (an annual filer's Q4 total stays in ytd_int_exp_savings_dep_dom_2_pre01, its flows are NaN)",ytd_int_exp_savings_dep_dom_2_pre01,income_statement.csv,635556.0,0.4491,1987Q1,2000Q4,0.04,147844389.0
q_int_inc_lndom_re_agg_033,flow,True,RI,quarterly,thousands_usd,nonneg,,all,,,Quarterly flow of ytd_int_inc_lndom_re_agg_033: INTEREST AND FEE INCOME ON REAL ESTATE LOANS,"ytd_int_inc_lndom_re_agg_033(t) - ytd_int_inc_lndom_re_agg_033(t-1) within the bank-year; Q1 = ytd_int_inc_lndom_re_agg_033; NaN where the prior quarter is missing or blank (an annual filer's Q4 total stays in ytd_int_inc_lndom_re_agg_033, its flows are NaN)",ytd_int_inc_lndom_re_agg_033,income_statement.csv,483863.0,0.3419,1985Q1,2000Q4,0.0204,288722702.0
q_int_inc_ln_cc,flow,True,RI,quarterly,thousands_usd,nonneg,,all,,,Quarterly flow of ytd_int_inc_ln_cc: LOANS TO INDIVIDUALS FOR HOUSEHOLDS; FAMILY; AND OTHER PERSONAL EXPENDITURES: CREDIT CARDS,"ytd_int_inc_ln_cc(t) - ytd_int_inc_ln_cc(t-1) within the bank-year; Q1 = ytd_int_inc_ln_cc; NaN where the prior quarter is missing or blank (an annual filer's Q4 total stays in ytd_int_inc_ln_cc, its flows are NaN)",ytd_int_inc_ln_cc,income_statement.csv,650125.0,0.4594,2001Q1,2025Q3,0.7928,2017036874.0
q_int_inc_ln_cons,flow,True,RI,quarterly,thousands_usd,nonneg,,all,,,Quarterly flow of ytd_int_inc_ln_cons: LOANS TO INDIVIDUALS FOR HOUSEHOLD; FAMILY; AND OTHER PERSONAL EXPENDITURES: OTHER (INCLUDES SINGLE PAYMENT; INSTALLMENT; ALL STUDENT LOANS; AND REVOLVING CREDIT PLANS OTHER THAN CREDIT CARDS),"ytd_int_inc_ln_cons(t) - ytd_int_inc_ln_cons(t-1) within the bank-year; Q1 = ytd_int_inc_ln_cons; NaN where the prior quarter is missing or blank (an annual filer's Q4 total stays in ytd_int_inc_ln_cons, its flows are NaN)",ytd_int_inc_ln_cons,income_statement.csv,650125.0,0.4594,2001Q1,2025Q3,0.0428,987045619.0
q_tradrev_inc_1_pre01,flow,True,RI,quarterly,thousands_usd,any,,all,,,Quarterly flow of ytd_tradrev_inc_1_pre01: NONINTEREST INCOME ON OTHER GAINS (LOSSES) AND FEES FROM TRADING ASSETS AND LIABILITIES,"ytd_tradrev_inc_1_pre01(t) - ytd_tradrev_inc_1_pre01(t-1) within the bank-year; Q1 = ytd_tradrev_inc_1_pre01; NaN where the prior quarter is missing or blank (an annual filer's Q4 total stays in ytd_tradrev_inc_1_pre01, its flows are NaN)",ytd_tradrev_inc_1_pre01,income_statement.csv,133380.0,0.0943,1985Q1,1995Q4,0.8931,28752619.0
q_tradrev_inc_2_pre01,flow,True,RI,quarterly,thousands_usd,any,,all,,,Quarterly flow of ytd_tradrev_inc_2_pre01: NONINTEREST INCOME ON TRADING GAINS (LOSSES) AND FEES FROM FOREIGN EXCHANGE TRANSACTIONS,"ytd_tradrev_inc_2_pre01(t) - ytd_tradrev_inc_2_pre01(t-1) within the bank-year; Q1 = ytd_tradrev_inc_2_pre01; NaN where the prior quarter is missing or blank (an annual filer's Q4 total stays in ytd_tradrev_inc_2_pre01, its flows are NaN)",ytd_tradrev_inc_2_pre01,income_statement.csv,133380.0,0.0943,1985Q1,1995Q4,0.9026,26876111.0
q_int_inc_ln_cc_pre01_033034,flow,True,RI,quarterly,thousands_usd,nonneg,,all,,,Quarterly flow of ytd_int_inc_ln_cc_pre01_033034: INTEREST AND FEE INCOME ON CREDIT CARDS AND RELATED PLANS,"ytd_int_inc_ln_cc_pre01_033034(t) - ytd_int_inc_ln_cc_pre01_033034(t-1) within the bank-year; Q1 = ytd_int_inc_ln_cc_pre01_033034; NaN where the prior quarter is missing or blank (an annual filer's Q4 total stays in ytd_int_inc_ln_cc_pre01_033034, its flows are NaN)",ytd_int_inc_ln_cc_pre01_033034,income_statement.csv,483861.0,0.3419,1985Q1,2000Q4,0.4908,16083371.0
q_int_exp_time_gt100k_dom_pre97,flow,True,RI,quarterly,thousands_usd,nonneg,,all,,,Quarterly flow of ytd_int_exp_time_gt100k_dom_pre97: INTEREST ON TIME CD'S OF $100;000 OR MORE ISSUED BY DOMESTIC OFFICES,"ytd_int_exp_time_gt100k_dom_pre97(t) - ytd_int_exp_time_gt100k_dom_pre97(t-1) within the bank-year; Q1 = ytd_int_exp_time_gt100k_dom_pre97; NaN where the prior quarter is missing or blank (an annual filer's Q4 total stays in ytd_int_exp_time_gt100k_dom_pre97, its flows are NaN)",ytd_int_exp_time_gt100k_dom_pre97,income_statement.csv,605878.0,0.4282,1985Q1,1996Q4,0.0272,233155834.0
q_int_exp_time_gt100k_dom_97,flow,True,RI,quarterly,thousands_usd,nonneg,,all,,,Quarterly flow of ytd_int_exp_time_gt100k_dom_97: INTEREST ON TIME DEPOSITS OF $100;000 OR MORE,"ytd_int_exp_time_gt100k_dom_97(t) - ytd_int_exp_time_gt100k_dom_97(t-1) within the bank-year; Q1 = ytd_int_exp_time_gt100k_dom_97; NaN where the prior quarter is missing or blank (an annual filer's Q4 total stays in ytd_int_exp_time_gt100k_dom_97, its flows are NaN)",ytd_int_exp_time_gt100k_dom_97,income_statement.csv,627351.0,0.4433,1997Q1,2016Q4,0.0172,417388522.0
q_structflag_business_combo,flow,True,RI-A,quarterly,thousands_usd,any,,all,,,Quarterly flow of ytd_structflag_business_combo: CHANGES INCIDENT TO BUSINESS COMBINATIONS; NET,"ytd_structflag_business_combo(t) - ytd_structflag_business_combo(t-1) within the bank-year; Q1 = ytd_structflag_business_combo; NaN where the prior quarter is missing or blank (an annual filer's Q4 total stays in ytd_structflag_business_combo, its flows are NaN)",ytd_structflag_business_combo,income_statement.csv,1411067.0,0.9972,1985Q1,2025Q3,0.9875,1613946837.0
q_structflag_restatement,flow,True,RI-A,quarterly,thousands_usd,any,,all,,,Quarterly flow of ytd_structflag_restatement: RESTATEMENTS DUE TO CORRECTIONS OF MATERIAL ACCOUNTING ERRORS AND CHANGES IN ACCOUNTING PRINCIPLES,"ytd_structflag_restatement(t) - ytd_structflag_restatement(t-1) within the bank-year; Q1 = ytd_structflag_restatement; NaN where the prior quarter is missing or blank (an annual filer's Q4 total stays in ytd_structflag_restatement, its flows are NaN)",ytd_structflag_restatement,income_statement.csv,654879.0,0.4628,2001Q1,2025Q3,0.9781,-57824557.0
q_structflag_discontinued_ops,flow,True,RI,quarterly,thousands_usd,any,,all,,,Quarterly flow of ytd_structflag_discontinued_ops: DISCONTINUED OPERATIONS; NET OF APPLICABLE INCOME TAXES,"ytd_structflag_discontinued_ops(t) - ytd_structflag_discontinued_ops(t-1) within the bank-year; Q1 = ytd_structflag_discontinued_ops; NaN where the prior quarter is missing or blank (an annual filer's Q4 total stays in ytd_structflag_discontinued_ops, its flows are NaN)",ytd_structflag_discontinued_ops,income_statement.csv,182683.0,0.1291,2016Q4,2025Q3,0.9983,5471234.0
q_capital_stock_net,flow,True,RI-A,quarterly,thousands_usd,any,,all,2001-03-31,,Quarterly flow of ytd_capital_stock_net: SALE; CONVERSION; ACQUISITION; OR RETIREMENT OF CAPITAL STOCK; NET (EXCLUDING TREASURY STOCK TRANSACTIONS),"ytd_capital_stock_net(t) - ytd_capital_stock_net(t-1) within the bank-year; Q1 = ytd_capital_stock_net; NaN where the prior quarter is missing or blank (an annual filer's Q4 total stays in ytd_capital_stock_net, its flows are NaN)",ytd_capital_stock_net,ri_a_equity.csv,654876.0,0.4628,2001Q1,2025Q3,0.8969,159617501.0
q_treasury_stock_net,flow,True,RI-A,quarterly,thousands_usd,any,,all,2001-03-31,,Quarterly flow of ytd_treasury_stock_net: TREASURY STOCK TRANSACTIONS; NET,"ytd_treasury_stock_net(t) - ytd_treasury_stock_net(t-1) within the bank-year; Q1 = ytd_treasury_stock_net; NaN where the prior quarter is missing or blank (an annual filer's Q4 total stays in ytd_treasury_stock_net, its flows are NaN)",ytd_treasury_stock_net,ri_a_equity.csv,654876.0,0.4628,2001Q1,2025Q3,0.996,-968435.0
q_oth_comprehensive_income,flow,True,RI-A,quarterly,thousands_usd,any,,all,2001-03-31,,Quarterly flow of ytd_oth_comprehensive_income: OTHER COMPREHENSIVE INCOME,"ytd_oth_comprehensive_income(t) - ytd_oth_comprehensive_income(t-1) within the bank-year; Q1 = ytd_oth_comprehensive_income; NaN where the prior quarter is missing or blank (an annual filer's Q4 total stays in ytd_oth_comprehensive_income, its flows are NaN)",ytd_oth_comprehensive_income,ri_a_equity.csv,654876.0,0.4628,2001Q1,2025Q3,0.1012,-175133287.0
q_oth_stockholder_transactions,flow,True,RI-A,quarterly,thousands_usd,any,,all,,,Quarterly flow of ytd_oth_stockholder_transactions: OTHER TRANSACTIONS WITH STOCKHOLDERS (INCLUDING PARENT HOLDING COMPANY),"ytd_oth_stockholder_transactions(t) - ytd_oth_stockholder_transactions(t-1) within the bank-year; Q1 = ytd_oth_stockholder_transactions; NaN where the prior quarter is missing or blank (an annual filer's Q4 total stays in ytd_oth_stockholder_transactions, its flows are NaN)",ytd_oth_stockholder_transactions,ri_a_equity.csv,862846.0,0.6098,1985Q1,2025Q3,0.9381,676968156.0
q_div_common,flow,True,RI-A,quarterly,thousands_usd,any,,all,,,Quarterly flow of ytd_div_common: CASH DIVIDENDS DECLARED ON COMMON STOCK,"ytd_div_common(t) - ytd_div_common(t-1) within the bank-year; Q1 = ytd_div_common; NaN where the prior quarter is missing or blank (an annual filer's Q4 total stays in ytd_div_common, its flows are NaN)",ytd_div_common,ri_a_equity.csv,863917.0,0.6105,1985Q1,2025Q3,0.4985,3020939776.0
q_div_preferred,flow,True,RI-A,quarterly,thousands_usd,any,,all,,,Quarterly flow of ytd_div_preferred: CASH DIVIDENDS DECLARED ON PREFERRED STOCK,"ytd_div_preferred(t) - ytd_div_preferred(t-1) within the bank-year; Q1 = ytd_div_preferred; NaN where the prior quarter is missing or blank (an annual filer's Q4 total stays in ytd_div_preferred, its flows are NaN)",ytd_div_preferred,ri_a_equity.csv,863914.0,0.6105,1985Q1,2025Q3,0.9892,10076349.0
q_co_farmland,flow,True,RI-B,quarterly,thousands_usd,nonneg,,all,1991-03-31,,Quarterly flow of ytd_co_farmland: CHARGE-OFFS ON LOANS SECURED BY FARMLAND,"ytd_co_farmland(t) - ytd_co_farmland(t-1) within the bank-year; Q1 = ytd_co_farmland; NaN where the prior quarter is missing or blank (an annual filer's Q4 total stays in ytd_co_farmland, its flows are NaN)",ytd_co_farmland,ri_b_chargeoffs.csv,702442.0,0.4964,1991Q1,2025Q3,0.9782,2484420.0
q_rec_farmland,flow,True,RI-B,quarterly,thousands_usd,any,,all,1991-03-31,,Quarterly flow of ytd_rec_farmland: RECOVERIES ON LOANS SECURED BY FARMLAND,"ytd_rec_farmland(t) - ytd_rec_farmland(t-1) within the bank-year; Q1 = ytd_rec_farmland; NaN where the prior quarter is missing or blank (an annual filer's Q4 total stays in ytd_rec_farmland, its flows are NaN)",ytd_rec_farmland,ri_b_chargeoffs.csv,702442.0,0.4964,1991Q1,2025Q3,0.9725,700258.0
q_co_multifam,flow,True,RI-B,quarterly,thousands_usd,nonneg,,all,1991-03-31,,Quarterly flow of ytd_co_multifam: CHARGE-OFFS ON LOANS SECURED BY MULTIFAMILY (5 OR MORE) RESIDENTIAL PROPERTIES,"ytd_co_multifam(t) - ytd_co_multifam(t-1) within the bank-year; Q1 = ytd_co_multifam; NaN where the prior quarter is missing or blank (an annual filer's Q4 total stays in ytd_co_multifam, its flows are NaN)",ytd_co_multifam,ri_b_chargeoffs.csv,702442.0,0.4964,1991Q1,2025Q3,0.9721,13833159.0
q_rec_multifam,flow,True,RI-B,quarterly,thousands_usd,any,,all,1991-03-31,,Quarterly flow of ytd_rec_multifam: RECOVERIES ON LOANS SECURED BY MULTIFAMILY (5 OR MORE) RESIDENTIAL PROPERTIES,"ytd_rec_multifam(t) - ytd_rec_multifam(t-1) within the bank-year; Q1 = ytd_rec_multifam; NaN where the prior quarter is missing or blank (an annual filer's Q4 total stays in ytd_rec_multifam, its flows are NaN)",ytd_rec_multifam,ri_b_chargeoffs.csv,702442.0,0.4964,1991Q1,2025Q3,0.9721,2004668.0
q_co_lease,flow,True,RI-B,quarterly,thousands_usd,nonneg,,all,,,Quarterly flow of ytd_co_lease: CHARGE-OFFS ON LEASE FINANCING RECEIVABLES,"ytd_co_lease(t) - ytd_co_lease(t-1) within the bank-year; Q1 = ytd_co_lease; NaN where the prior quarter is missing or blank (an annual filer's Q4 total stays in ytd_co_lease, its flows are NaN)",ytd_co_lease,ri_b_chargeoffs.csv,1399537.0,0.989,1985Q1,2025Q3,0.9795,18711149.0
q_rec_lease,flow,True,RI-B,quarterly,thousands_usd,any,,all,,,Quarterly flow of ytd_rec_lease: RECOVERIES ON LEASE FINANCING RECEIVABLES,"ytd_rec_lease(t) - ytd_rec_lease(t-1) within the bank-year; Q1 = ytd_rec_lease; NaN where the prior quarter is missing or blank (an annual filer's Q4 total stays in ytd_rec_lease, its flows are NaN)",ytd_rec_lease,ri_b_chargeoffs.csv,1399537.0,0.989,1985Q1,2025Q3,0.9804,4614479.0
q_co_depinst,flow,True,RI-B,quarterly,thousands_usd,nonneg,,031+041,,2016-12-31,Quarterly flow of ytd_co_depinst: CHARGE-OFFS ON LOANS TO DEPOSITORY INSTITUTIONS AND ACCEPTANCES OF OTHER BANKS,"ytd_co_depinst(t) - ytd_co_depinst(t-1) within the bank-year; Q1 = ytd_co_depinst; NaN where the prior quarter is missing or blank (an annual filer's Q4 total stays in ytd_co_depinst, its flows are NaN)",ytd_co_depinst,ri_b_chargeoffs.csv,545654.0,0.3856,1985Q1,2016Q4,0.9963,5826171.0
q_rec_depinst,flow,True,RI-B,quarterly,thousands_usd,any,,031+041,,2016-12-31,Quarterly flow of ytd_rec_depinst: RECOVERIES ON LOANS TO DEPOSITORY INSTITUTIONS AND ACCEPTANCES OF OTHER BANKS,"ytd_rec_depinst(t) - ytd_rec_depinst(t-1) within the bank-year; Q1 = ytd_rec_depinst; NaN where the prior quarter is missing or blank (an annual filer's Q4 total stays in ytd_rec_depinst, its flows are NaN)",ytd_rec_depinst,ri_b_chargeoffs.csv,545653.0,0.3856,1985Q1,2016Q4,0.9952,823887.0
q_rec_tot,flow,True,RI-B,quarterly,thousands_usd,any,,all,,,Quarterly flow of ytd_rec_tot: RECOVERIES ON ALLOWANCE FOR LOAN AND LEASE LOSSES,"ytd_rec_tot(t) - ytd_rec_tot(t-1) within the bank-year; Q1 = ytd_rec_tot; NaN where the prior quarter is missing or blank (an annual filer's Q4 total stays in ytd_rec_tot, its flows are NaN)",ytd_rec_tot,ri_b_chargeoffs.csv,1411004.0,0.9971,1985Q1,2025Q3,0.2375,432197235.0
q_rec_ci,flow,True,RI-B,quarterly,thousands_usd,any,,all,,,Quarterly flow of ytd_rec_ci: RECOVERIES ON COMMERCIAL AND INDUSTRIAL LOANS,"ytd_rec_ci(t) - ytd_rec_ci(t-1) within the bank-year; Q1 = ytd_rec_ci; NaN where the prior quarter is missing or blank (an annual filer's Q4 total stays in ytd_rec_ci, its flows are NaN)",ytd_rec_ci,ri_b_chargeoffs.csv,719598.0,0.5085,1985Q1,2025Q3,0.5767,55827512.0
q_rec_forgovt,flow,True,RI-B,quarterly,thousands_usd,any,,031+041,,,Quarterly flow of ytd_rec_forgovt: RECOVERIES ON LOANS TO FOREIGN GOVERNMENTS AND OFFICIAL INSTITUTIONS,"ytd_rec_forgovt(t) - ytd_rec_forgovt(t-1) within the bank-year; Q1 = ytd_rec_forgovt; NaN where the prior quarter is missing or blank (an annual filer's Q4 total stays in ytd_rec_forgovt, its flows are NaN)",ytd_rec_forgovt,ri_b_chargeoffs.csv,683452.0,0.483,1985Q1,2025Q3,0.9963,2264780.0
q_rec_othln,flow,True,RI-B,quarterly,thousands_usd,any,,all,,,Quarterly flow of ytd_rec_othln: RECOVERIES ON ALL OTHER LOANS,"ytd_rec_othln(t) - ytd_rec_othln(t-1) within the bank-year; Q1 = ytd_rec_othln; NaN where the prior quarter is missing or blank (an annual filer's Q4 total stays in ytd_rec_othln, its flows are NaN)",ytd_rec_othln,ri_b_chargeoffs.csv,724577.0,0.5121,1985Q1,2025Q3,0.815,12182320.0
q_co_tot,flow,True,RI-B,quarterly,thousands_usd,nonneg,,all,,,Quarterly flow of ytd_co_tot: CHARGE-OFFS ON ALLOWANCE FOR LOAN AND LEASE LOSSES,"ytd_co_tot(t) - ytd_co_tot(t-1) within the bank-year; Q1 = ytd_co_tot; NaN where the prior quarter is missing or blank (an annual filer's Q4 total stays in ytd_co_tot, its flows are NaN)",ytd_co_tot,ri_b_chargeoffs.csv,1411004.0,0.9971,1985Q1,2025Q3,0.227,2305802834.0
q_co_ci,flow,True,RI-B,quarterly,thousands_usd,nonneg,,all,,,Quarterly flow of ytd_co_ci: CHARGE-OFFS ON COMMERCIAL AND INDUSTRIAL LOANS,"ytd_co_ci(t) - ytd_co_ci(t-1) within the bank-year; Q1 = ytd_co_ci; NaN where the prior quarter is missing or blank (an annual filer's Q4 total stays in ytd_co_ci, its flows are NaN)",ytd_co_ci,ri_b_chargeoffs.csv,719598.0,0.5085,1985Q1,2025Q3,0.6376,289507784.0
q_co_forgovt,flow,True,RI-B,quarterly,thousands_usd,nonneg,,031+041,,,Quarterly flow of ytd_co_forgovt: CHARGE-OFFS ON LOANS TO FOREIGN GOVERNMENTS AND OFFICIAL INSTITUTIONS,"ytd_co_forgovt(t) - ytd_co_forgovt(t-1) within the bank-year; Q1 = ytd_co_forgovt; NaN where the prior quarter is missing or blank (an annual filer's Q4 total stays in ytd_co_forgovt, its flows are NaN)",ytd_co_forgovt,ri_b_chargeoffs.csv,683452.0,0.483,1985Q1,2025Q3,0.9966,22884324.0
q_co_othln,flow,True,RI-B,quarterly,thousands_usd,nonneg,,all,,,Quarterly flow of ytd_co_othln: CHARGE-OFFS ON ALL OTHER LOANS,"ytd_co_othln(t) - ytd_co_othln(t-1) within the bank-year; Q1 = ytd_co_othln; NaN where the prior quarter is missing or blank (an annual filer's Q4 total stays in ytd_co_othln, its flows are NaN)",ytd_co_othln,ri_b_chargeoffs.csv,724577.0,0.5121,1985Q1,2025Q3,0.8188,54479829.0
q_co_agprod,flow,True,RI-B,quarterly,thousands_usd,nonneg,,all,,,Quarterly flow of ytd_co_agprod: CHARGE-OFFS ON LOANS TO FINANCE AGRICULTURAL PRODUCTION AND OTHER LOANS TO FARMERS,"ytd_co_agprod(t) - ytd_co_agprod(t-1) within the bank-year; Q1 = ytd_co_agprod; NaN where the prior quarter is missing or blank (an annual filer's Q4 total stays in ytd_co_agprod, its flows are NaN)",ytd_co_agprod,ri_b_chargeoffs.csv,716312.0,0.5062,1985Q1,2025Q3,0.9577,6948257.0
q_rec_agprod,flow,True,RI-B,quarterly,thousands_usd,any,,all,,,Quarterly flow of ytd_rec_agprod: RECOVERIES ON LOANS TO FINANCE AGRICULTURAL PRODUCTION AND OTHER LOANS TO FARMERS,"ytd_rec_agprod(t) - ytd_rec_agprod(t-1) within the bank-year; Q1 = ytd_rec_agprod; NaN where the prior quarter is missing or blank (an annual filer's Q4 total stays in ytd_rec_agprod, its flows are NaN)",ytd_rec_agprod,ri_b_chargeoffs.csv,716271.0,0.5062,1985Q1,2025Q3,0.9352,2145230.0
q_co_finance_cre,flow,True,RI-B,quarterly,thousands_usd,nonneg,,all,1991-03-31,,Quarterly flow of ytd_co_finance_cre: CHARGE-OFFS ON LOANS TO FINANCE COMMERCIAL REAL ESTATE; CONSTRUCTION; AND LAND DEVELOPMENT ACTIVITIES INCLUDED IN ITEMS 4645; 4646; AND 4644,"ytd_co_finance_cre(t) - ytd_co_finance_cre(t-1) within the bank-year; Q1 = ytd_co_finance_cre; NaN where the prior quarter is missing or blank (an annual filer's Q4 total stays in ytd_co_finance_cre, its flows are NaN)",ytd_co_finance_cre,ri_b_chargeoffs.csv,702442.0,0.4964,1991Q1,2025Q3,0.9898,7396078.0
q_rec_finance_cre,flow,True,RI-B,quarterly,thousands_usd,any,,all,1991-03-31,,Quarterly flow of ytd_rec_finance_cre: RECOVERIES ON LOANS TO FINANCE COMMERCIAL REAL ESTATE; CONSTRUCTION; AND LAND DEVELOPMENT ACTIVITIES INCLUDED IN ITEMS 4617; 4618; AND 4628,"ytd_rec_finance_cre(t) - ytd_rec_finance_cre(t-1) within the bank-year; Q1 = ytd_rec_finance_cre; NaN where the prior quarter is missing or blank (an annual filer's Q4 total stays in ytd_rec_finance_cre, its flows are NaN)",ytd_rec_finance_cre,ri_b_chargeoffs.csv,702442.0,0.4964,1991Q1,2025Q3,0.987,1486895.0
q_co_heloc,flow,True,RI-B,quarterly,thousands_usd,nonneg,,all,1991-03-31,,Quarterly flow of ytd_co_heloc: CHARGE-OFFS ON REVOLVING; OPEN-END LOANS SECURED BY 1-4 FAMILY RESIDENTIAL PROPERTIES AND EXTENDED UNDER LINES OF CREDIT,"ytd_co_heloc(t) - ytd_co_heloc(t-1) within the bank-year; Q1 = ytd_co_heloc; NaN where the prior quarter is missing or blank (an annual filer's Q4 total stays in ytd_co_heloc, its flows are NaN)",ytd_co_heloc,ri_b_chargeoffs.csv,702438.0,0.4964,1991Q1,2025Q3,0.92,100325178.0
q_rec_heloc,flow,True,RI-B,quarterly,thousands_usd,any,,all,1991-03-31,,Quarterly flow of ytd_rec_heloc: RECOVERIES ON REVOLVING; OPEN-END LOANS SECURED BY 1-4 FAMILY RESIDENTIAL PROPERTIES AND EXTENDED UNDER LINES OF CREDIT,"ytd_rec_heloc(t) - ytd_rec_heloc(t-1) within the bank-year; Q1 = ytd_rec_heloc; NaN where the prior quarter is missing or blank (an annual filer's Q4 total stays in ytd_rec_heloc, its flows are NaN)",ytd_rec_heloc,ri_b_chargeoffs.csv,702440.0,0.4964,1991Q1,2025Q3,0.9187,15983416.0
q_co_cc,flow,True,RI-B,quarterly,thousands_usd,nonneg,,all,2001-03-31,,Quarterly flow of ytd_co_cc: CHARGE-OFFS ON LOANS TO CREDIT CARDS,"ytd_co_cc(t) - ytd_co_cc(t-1) within the bank-year; Q1 = ytd_co_cc; NaN where the prior quarter is missing or blank (an annual filer's Q4 total stays in ytd_co_cc, its flows are NaN)",ytd_co_cc,ri_b_chargeoffs.csv,654874.0,0.4628,2001Q1,2025Q3,0.8884,803431244.0
q_rec_cc,flow,True,RI-B,quarterly,thousands_usd,any,,all,2001-03-31,,Quarterly flow of ytd_rec_cc: RECOVERIES ON LOANS TO CREDIT CARDS,"ytd_rec_cc(t) - ytd_rec_cc(t-1) within the bank-year; Q1 = ytd_rec_cc; NaN where the prior quarter is missing or blank (an annual filer's Q4 total stays in ytd_rec_cc, its flows are NaN)",ytd_rec_cc,ri_b_chargeoffs.csv,654876.0,0.4628,2001Q1,2025Q3,0.9166,135720171.0
q_rec_famres_first,flow,True,RI-B,quarterly,thousands_usd,any,,all,2002-03-31,,Quarterly flow of ytd_rec_famres_first: RECOVERIES ON CLOSED-END LOANS SECURED BY 1-4 FAMILY RESIDENTIAL PROPERTIES:SECURED BY FIRST LIENS,"ytd_rec_famres_first(t) - ytd_rec_famres_first(t-1) within the bank-year; Q1 = ytd_rec_famres_first; NaN where the prior quarter is missing or blank (an annual filer's Q4 total stays in ytd_rec_famres_first, its flows are NaN)",ytd_rec_famres_first,ri_b_chargeoffs.csv,620275.0,0.4383,2002Q1,2025Q3,0.7827,17439812.0
q_rec_famres_junior,flow,True,RI-B,quarterly,thousands_usd,any,,all,2002-03-31,,Quarterly flow of ytd_rec_famres_junior: RECOVERIES ON CLOSED-END LOANS SECURED BY 1-4 FAMILY RESIDENTIAL PROPERTIES:SECURED BY JUNIOR LIENS,"ytd_rec_famres_junior(t) - ytd_rec_famres_junior(t-1) within the bank-year; Q1 = ytd_rec_famres_junior; NaN where the prior quarter is missing or blank (an annual filer's Q4 total stays in ytd_rec_famres_junior, its flows are NaN)",ytd_rec_famres_junior,ri_b_chargeoffs.csv,620275.0,0.4383,2002Q1,2025Q3,0.8973,6770573.0
q_co_famres_first,flow,True,RI-B,quarterly,thousands_usd,nonneg,,all,2002-03-31,,Quarterly flow of ytd_co_famres_first: CHARGE-OFFS ON CLOSED-END LOANS BY 1-4 FAMILY RESIDENTIAL PROPERTIES:SECURED BY FIRST LIENS,"ytd_co_famres_first(t) - ytd_co_famres_first(t-1) within the bank-year; Q1 = ytd_co_famres_first; NaN where the prior quarter is missing or blank (an annual filer's Q4 total stays in ytd_co_famres_first, its flows are NaN)",ytd_co_famres_first,ri_b_chargeoffs.csv,620275.0,0.4383,2002Q1,2025Q3,0.7655,117546261.0
q_co_famres_junior,flow,True,RI-B,quarterly,thousands_usd,nonneg,,all,2002-03-31,,Quarterly flow of ytd_co_famres_junior: CHARGE-OFFS ON CLOSED-END LOANS SECURED BY 1-4 FAMILY RESIDENTIAL PROPERTIES:SECURED BY JUNIOR LIENS,"ytd_co_famres_junior(t) - ytd_co_famres_junior(t-1) within the bank-year; Q1 = ytd_co_famres_junior; NaN where the prior quarter is missing or blank (an annual filer's Q4 total stays in ytd_co_famres_junior, its flows are NaN)",ytd_co_famres_junior,ri_b_chargeoffs.csv,620273.0,0.4383,2002Q1,2025Q3,0.9184,46376211.0
q_cc_fees_reversed,flow,True,RI-B,quarterly,thousands_usd,nonneg,,031+041,2003-03-31,,Quarterly flow of ytd_cc_fees_reversed: UNCOLLECTIBLE CREDIT CARD FEES & FINANCE CHARGES REVERSED AGAINST INCOME (I.E.; NOT INCLUDED IN CHARGE-OFFS AGAINST THE ALLOWANCE FOR LOAN AND LEASE LOSSES),"ytd_cc_fees_reversed(t) - ytd_cc_fees_reversed(t-1) within the bank-year; Q1 = ytd_cc_fees_reversed; NaN where the prior quarter is missing or blank (an annual filer's Q4 total stays in ytd_cc_fees_reversed, its flows are NaN)",ytd_cc_fees_reversed,ri_b_chargeoffs.csv,457975.0,0.3236,2003Q1,2025Q3,0.9929,166079043.0
q_co_constr_res14,flow,True,RI-B,quarterly,thousands_usd,nonneg,,all,2007-03-31,,Quarterly flow of ytd_co_constr_res14: 1-4 FAMILY RESIDENTIAL CONSTRUCTION LOANS; CHARGE-OFFS,"ytd_co_constr_res14(t) - ytd_co_constr_res14(t-1) within the bank-year; Q1 = ytd_co_constr_res14; NaN where the prior quarter is missing or blank (an annual filer's Q4 total stays in ytd_co_constr_res14, its flows are NaN)",ytd_co_constr_res14,ri_b_chargeoffs.csv,444602.0,0.3142,2007Q1,2025Q3,0.9438,26775160.0
q_rec_constr_res14,flow,True,RI-B,quarterly,thousands_usd,any,,all,2007-03-31,,Quarterly flow of ytd_rec_constr_res14: 1-4 FAMILY RESIDENTIAL CONSTRUCTION LOANS RECOVERIES,"ytd_rec_constr_res14(t) - ytd_rec_constr_res14(t-1) within the bank-year; Q1 = ytd_rec_constr_res14; NaN where the prior quarter is missing or blank (an annual filer's Q4 total stays in ytd_rec_constr_res14, its flows are NaN)",ytd_rec_constr_res14,ri_b_chargeoffs.csv,444602.0,0.3142,2007Q1,2025Q3,0.9517,2353075.0
q_co_constr_oth,flow,True,RI-B,quarterly,thousands_usd,nonneg,,all,2007-03-31,,Quarterly flow of ytd_co_constr_oth: OTHER CONSTRUCTION LOANS AND ALL LAND DEVELOPMENT AND OTHER LAND LOANS; CHARGE-OFFS,"ytd_co_constr_oth(t) - ytd_co_constr_oth(t-1) within the bank-year; Q1 = ytd_co_constr_oth; NaN where the prior quarter is missing or blank (an annual filer's Q4 total stays in ytd_co_constr_oth, its flows are NaN)",ytd_co_constr_oth,ri_b_chargeoffs.csv,444603.0,0.3142,2007Q1,2025Q3,0.906,63151404.0
q_rec_constr_oth,flow,True,RI-B,quarterly,thousands_usd,any,,all,2007-03-31,,Quarterly flow of ytd_rec_constr_oth: OTHER CONSTRUCTION LOANS AND ALL LAND DEVELOPMENT AND OTHER LAND LOANS; RECOVERIES,"ytd_rec_constr_oth(t) - ytd_rec_constr_oth(t-1) within the bank-year; Q1 = ytd_rec_constr_oth; NaN where the prior quarter is missing or blank (an annual filer's Q4 total stays in ytd_rec_constr_oth, its flows are NaN)",ytd_rec_constr_oth,ri_b_chargeoffs.csv,444602.0,0.3142,2007Q1,2025Q3,0.9066,6910745.0
q_co_nfnres_owner,flow,True,RI-B,quarterly,thousands_usd,nonneg,,all,2007-03-31,,Quarterly flow of ytd_co_nfnres_owner: LOANS SECURED BY OWNER-OCCUPIED NONFARM NONRESIDENTIAL PROPERTIES: CHARGE-OFFS,"ytd_co_nfnres_owner(t) - ytd_co_nfnres_owner(t-1) within the bank-year; Q1 = ytd_co_nfnres_owner; NaN where the prior quarter is missing or blank (an annual filer's Q4 total stays in ytd_co_nfnres_owner, its flows are NaN)",ytd_co_nfnres_owner,ri_b_chargeoffs.csv,444602.0,0.3142,2007Q1,2025Q3,0.8905,23304523.0
q_rec_nfnres_owner,flow,True,RI-B,quarterly,thousands_usd,any,,all,2007-03-31,,Quarterly flow of ytd_rec_nfnres_owner: LOANS SECURED BY OWNER-OCCUPIED NONFARM NONRESIDENTIAL PROPERTIES: RECOVERIES,"ytd_rec_nfnres_owner(t) - ytd_rec_nfnres_owner(t-1) within the bank-year; Q1 = ytd_rec_nfnres_owner; NaN where the prior quarter is missing or blank (an annual filer's Q4 total stays in ytd_rec_nfnres_owner, its flows are NaN)",ytd_rec_nfnres_owner,ri_b_chargeoffs.csv,444602.0,0.3142,2007Q1,2025Q3,0.8821,4586495.0
q_co_nfnres_oth,flow,True,RI-B,quarterly,thousands_usd,nonneg,,all,2007-03-31,,Quarterly flow of ytd_co_nfnres_oth: LOANS SECURED BY OTHER NONFARM NONRESIDENTIAL PROPERTIES: CHARGE-OFFS,"ytd_co_nfnres_oth(t) - ytd_co_nfnres_oth(t-1) within the bank-year; Q1 = ytd_co_nfnres_oth; NaN where the prior quarter is missing or blank (an annual filer's Q4 total stays in ytd_co_nfnres_oth, its flows are NaN)",ytd_co_nfnres_oth,ri_b_chargeoffs.csv,444603.0,0.3142,2007Q1,2025Q3,0.905,49555456.0
q_rec_nfnres_oth,flow,True,RI-B,quarterly,thousands_usd,any,,all,2007-03-31,,Quarterly flow of ytd_rec_nfnres_oth: LOANS SECURED BY OTHER NONFARM NONRESIDENTIAL PROPERTIES: RECOVERIES,"ytd_rec_nfnres_oth(t) - ytd_rec_nfnres_oth(t-1) within the bank-year; Q1 = ytd_rec_nfnres_oth; NaN where the prior quarter is missing or blank (an annual filer's Q4 total stays in ytd_rec_nfnres_oth, its flows are NaN)",ytd_rec_nfnres_oth,ri_b_chargeoffs.csv,444603.0,0.3142,2007Q1,2025Q3,0.8996,6869268.0
q_co_auto,flow,True,RI-B,quarterly,thousands_usd,nonneg,,all,2011-03-31,,Quarterly flow of ytd_co_auto: CHARGE-OFFS ON AUTOMOBILE LOANS,"ytd_co_auto(t) - ytd_co_auto(t-1) within the bank-year; Q1 = ytd_co_auto; NaN where the prior quarter is missing or blank (an annual filer's Q4 total stays in ytd_co_auto, its flows are NaN)",ytd_co_auto,ri_b_chargeoffs.csv,337548.0,0.2385,2011Q1,2025Q3,0.7609,79745877.0
q_rec_auto,flow,True,RI-B,quarterly,thousands_usd,any,,all,2011-03-31,,Quarterly flow of ytd_rec_auto: RECOVERIES ON AUTOMOBILE LOANS,"ytd_rec_auto(t) - ytd_rec_auto(t-1) within the bank-year; Q1 = ytd_rec_auto; NaN where the prior quarter is missing or blank (an annual filer's Q4 total stays in ytd_rec_auto, its flows are NaN)",ytd_rec_auto,ri_b_chargeoffs.csv,337548.0,0.2385,2011Q1,2025Q3,0.7451,33736255.0
q_co_consumer_oth_ex_auto,flow,True,RI-B,quarterly,thousands_usd,nonneg,,all,2011-03-31,,Quarterly flow of ytd_co_consumer_oth_ex_auto: CHARGE-OFFS ALL OTHER (INCLUDES SINGLE PAYMENT; INSTALLMENT; ALL STUDENT LOANS; AND REVOLVING CREDIT PLANS OTHER THAN CREDIT CARDS),"ytd_co_consumer_oth_ex_auto(t) - ytd_co_consumer_oth_ex_auto(t-1) within the bank-year; Q1 = ytd_co_consumer_oth_ex_auto; NaN where the prior quarter is missing or blank (an annual filer's Q4 total stays in ytd_co_consumer_oth_ex_auto, its flows are NaN)",ytd_co_consumer_oth_ex_auto,ri_b_chargeoffs.csv,337548.0,0.2385,2011Q1,2025Q3,0.5446,76944849.0
q_rec_consumer_oth_ex_auto,flow,True,RI-B,quarterly,thousands_usd,any,,all,2011-03-31,,Quarterly flow of ytd_rec_consumer_oth_ex_auto: RECOVERIES ALL OTHER (INCLUDES SINGLE PAYMENT; INSTALLMENT; ALL STUDENT LOANS; AND REVOLVING CREDIT PLANS OTHER THAN CREDIT CARDS),"ytd_rec_consumer_oth_ex_auto(t) - ytd_rec_consumer_oth_ex_auto(t-1) within the bank-year; Q1 = ytd_rec_consumer_oth_ex_auto; NaN where the prior quarter is missing or blank (an annual filer's Q4 total stays in ytd_rec_consumer_oth_ex_auto, its flows are NaN)",ytd_rec_consumer_oth_ex_auto,ri_b_chargeoffs.csv,337548.0,0.2385,2011Q1,2025Q3,0.5717,17228474.0
q_alll_adjustments,flow,True,RI-B,quarterly,thousands_usd,any,,all,2002-03-31,,Quarterly flow of ytd_alll_adjustments: ADJUSTMENTS,"ytd_alll_adjustments(t) - ytd_alll_adjustments(t-1) within the bank-year; Q1 = ytd_alll_adjustments; NaN where the prior quarter is missing or blank (an annual filer's Q4 total stays in ytd_alll_adjustments, its flows are NaN)",ytd_alll_adjustments,ri_b_chargeoffs.csv,620275.0,0.4383,2002Q1,2025Q3,0.9667,136930129.0
q_writedowns_transfer_to_hfs,flow,True,RI-B,quarterly,thousands_usd,nonneg,,all,2001-06-30,,Quarterly flow of ytd_writedowns_transfer_to_hfs: WRITE DOWNS ARISING FROM TRANSFER TO HFS,"ytd_writedowns_transfer_to_hfs(t) - ytd_writedowns_transfer_to_hfs(t-1) within the bank-year; Q1 = ytd_writedowns_transfer_to_hfs; NaN where the prior quarter is missing or blank (an annual filer's Q4 total stays in ytd_writedowns_transfer_to_hfs, its flows are NaN)",ytd_writedowns_transfer_to_hfs,ri_b_chargeoffs.csv,637447.0,0.4505,2001Q3,2025Q3,0.9945,45872623.0
q_provision_ll,flow,True,RI,quarterly,thousands_usd,any,,all,,,Quarterly flow of ytd_provision_ll: PROVISION FOR LOAN AND LEASE LOSSES,"ytd_provision_ll(t) - ytd_provision_ll(t-1) within the bank-year; Q1 = ytd_provision_ll; NaN where the prior quarter is missing or blank (an annual filer's Q4 total stays in ytd_provision_ll, its flows are NaN)",ytd_provision_ll,ri_provisions.csv,1411011.0,0.9971,1985Q1,2025Q3,0.2581,2049654065.0
q_provision_credit_tot,flow,True,RI,quarterly,thousands_usd,any,,all,2019-03-31,,Quarterly flow of ytd_provision_credit_tot: PROVISIONS FOR CREDIT LOSSES ON FINANCIAL ASSETS,"ytd_provision_credit_tot(t) - ytd_provision_credit_tot(t-1) within the bank-year; Q1 = ytd_provision_credit_tot; NaN where the prior quarter is missing or blank (an annual filer's Q4 total stays in ytd_provision_credit_tot, its flows are NaN)",ytd_provision_credit_tot,ri_provisions.csv,131234.0,0.0927,2019Q1,2025Q3,0.3297,462616505.0
q_provision_htm,flow,True,RI-B,quarterly,thousands_usd,any,,all,2019-03-31,,Quarterly flow of ytd_provision_htm: Provisions for credit losses; Held-to-maturity debt securities,"ytd_provision_htm(t) - ytd_provision_htm(t-1) within the bank-year; Q1 = ytd_provision_htm; NaN where the prior quarter is missing or blank (an annual filer's Q4 total stays in ytd_provision_htm, its flows are NaN)",ytd_provision_htm,ri_provisions.csv,53343.0,0.0377,2019Q1,2025Q3,0.9573,348463.0
q_provision_afs,flow,True,RI-B,quarterly,thousands_usd,any,,all,2019-03-31,,Quarterly flow of ytd_provision_afs: Provisions for credit losses; Available-for-sale debt securities,"ytd_provision_afs(t) - ytd_provision_afs(t-1) within the bank-year; Q1 = ytd_provision_afs; NaN where the prior quarter is missing or blank (an annual filer's Q4 total stays in ytd_provision_afs, its flows are NaN)",ytd_provision_afs,ri_provisions.csv,53343.0,0.0377,2019Q1,2025Q3,0.9843,390424.0
q_provision_oth_fin,flow,True,RI-B,quarterly,thousands_usd,any,,all,2019-03-31,,Quarterly flow of ytd_provision_oth_fin: Provisions for credit losses on other financial assets measured at amortized cost,"ytd_provision_oth_fin(t) - ytd_provision_oth_fin(t-1) within the bank-year; Q1 = ytd_provision_oth_fin; NaN where the prior quarter is missing or blank (an annual filer's Q4 total stays in ytd_provision_oth_fin, its flows are NaN)",ytd_provision_oth_fin,ri_provisions.csv,53341.0,0.0377,2019Q1,2025Q3,0.9896,2908118.0
q_provision_obs,flow,True,RI-B,quarterly,thousands_usd,any,,all,2021-03-31,,Quarterly flow of ytd_provision_obs: Provisions for credit losses on off-balance-sheet exposures,"ytd_provision_obs(t) - ytd_provision_obs(t-1) within the bank-year; Q1 = ytd_provision_obs; NaN where the prior quarter is missing or blank (an annual filer's Q4 total stays in ytd_provision_obs, its flows are NaN)",ytd_provision_obs,ri_provisions.csv,52312.0,0.037,2021Q1,2025Q3,0.6698,-891755.0
q_int_inc_ln_cc_pre01,flow,True,CROSS,quarterly,thousands_usd,any,,,,,"Quarterly flow of ytd_int_inc_ln_cc_pre01: Interest Income on Credit Cards (pre-2001) [RIAD4054, RIAD4248]","ytd_int_inc_ln_cc_pre01(t) - ytd_int_inc_ln_cc_pre01(t-1) within the bank-year; Q1 = ytd_int_inc_ln_cc_pre01; NaN where the prior quarter is missing or blank (an annual filer's Q4 total stays in ytd_int_inc_ln_cc_pre01, its flows are NaN)",ytd_int_inc_ln_cc_pre01,income_statement.csv,553968.0,0.3915,1985Q1,2000Q4,0.4506,364671960.0
q_int_inc_lndom_re_agg,flow,True,CROSS,quarterly,thousands_usd,any,,,,,"Quarterly flow of ytd_int_inc_lndom_re_agg: Interest Income on Domestic RE Loans (Aggregate) [RIAD4011, RIAD4246]","ytd_int_inc_lndom_re_agg(t) - ytd_int_inc_lndom_re_agg(t-1) within the bank-year; Q1 = ytd_int_inc_lndom_re_agg; NaN where the prior quarter is missing or blank (an annual filer's Q4 total stays in ytd_int_inc_lndom_re_agg, its flows are NaN)",ytd_int_inc_lndom_re_agg,income_statement.csv,866616.0,0.6124,1985Q1,2010Q4,0.0195,3229926040.0
q_int_inc_ln_indiv_pre01,flow,True,CROSS,quarterly,thousands_usd,any,,,,,Quarterly flow of ytd_int_inc_ln_indiv_pre01: Interest Income on Individual Loans (pre-2001) [RIAD4054/RIAD4248+RIAD4055],"ytd_int_inc_ln_indiv_pre01(t) - ytd_int_inc_ln_indiv_pre01(t-1) within the bank-year; Q1 = ytd_int_inc_ln_indiv_pre01; NaN where the prior quarter is missing or blank (an annual filer's Q4 total stays in ytd_int_inc_ln_indiv_pre01, its flows are NaN)",ytd_int_inc_ln_indiv_pre01,income_statement.csv,69701.0,0.0493,1985Q1,2000Q4,0.0218,678426669.0
q_int_exp_savings_dep_dom,flow,True,CROSS,quarterly,thousands_usd,any,,,,,"Quarterly flow of ytd_int_exp_savings_dep_dom: Interest Expense on Savings Deposits [pre-2001 RIAD4509+RIAD4511, post-2001 RIAD0093]","ytd_int_exp_savings_dep_dom(t) - ytd_int_exp_savings_dep_dom(t-1) within the bank-year; Q1 = ytd_int_exp_savings_dep_dom; NaN where the prior quarter is missing or blank (an annual filer's Q4 total stays in ytd_int_exp_savings_dep_dom, its flows are NaN)",ytd_int_exp_savings_dep_dom,income_statement.csv,1290432.0,0.9119,1987Q1,2025Q3,0.0176,1376762615.0
q_int_inc_ln_indiv,flow,True,CROSS,quarterly,thousands_usd,any,,,,,Quarterly flow of ytd_int_inc_ln_indiv: Interest Income on Individual Loans [RIADB486+RIADB485],"ytd_int_inc_ln_indiv(t) - ytd_int_inc_ln_indiv(t-1) within the bank-year; Q1 = ytd_int_inc_ln_indiv; NaN where the prior quarter is missing or blank (an annual filer's Q4 total stays in ytd_int_inc_ln_indiv, its flows are NaN)",ytd_int_inc_ln_indiv,income_statement.csv,650125.0,0.4594,2001Q1,2025Q3,0.0385,3004082493.0
q_tradrev_inc_pre01,flow,True,CROSS,quarterly,thousands_usd,any,,,,,Quarterly flow of ytd_tradrev_inc_pre01: Trading Revenue [RIAD4077 + RIA54075],"ytd_tradrev_inc_pre01(t) - ytd_tradrev_inc_pre01(t-1) within the bank-year; Q1 = ytd_tradrev_inc_pre01; NaN where the prior quarter is missing or blank (an annual filer's Q4 total stays in ytd_tradrev_inc_pre01, its flows are NaN)",ytd_tradrev_inc_pre01,income_statement.csv,133380.0,0.0943,1985Q1,1995Q4,0.8411,55628730.0
q_nonint_inc_oth_pre01,flow,True,CROSS,quarterly,thousands_usd,any,,,,,Quarterly flow of ytd_nonint_inc_oth_pre01: Noninterest Income Other [RIAD5407 + RIAD5408],"ytd_nonint_inc_oth_pre01(t) - ytd_nonint_inc_oth_pre01(t-1) within the bank-year; Q1 = ytd_nonint_inc_oth_pre01; NaN where the prior quarter is missing or blank (an annual filer's Q4 total stays in ytd_nonint_inc_oth_pre01, its flows are NaN)",ytd_nonint_inc_oth_pre01,income_statement.csv,422617.0,0.2987,1991Q1,2000Q4,0.012,604974844.0
q_nonint_inc_sales,flow,True,CROSS,quarterly,thousands_usd,any,,,,,Quarterly flow of ytd_nonint_inc_sales: Noninterest Income on Sales [RIAD5416+RIAD5415+RIADB496],"ytd_nonint_inc_sales(t) - ytd_nonint_inc_sales(t-1) within the bank-year; Q1 = ytd_nonint_inc_sales; NaN where the prior quarter is missing or blank (an annual filer's Q4 total stays in ytd_nonint_inc_sales, its flows are NaN)",ytd_nonint_inc_sales,income_statement.csv,654872.0,0.4628,2001Q1,2025Q3,0.4679,287292724.0
q_int_exp_time_gt100k_dom,flow,True,CROSS,quarterly,thousands_usd,any,,,,,"Quarterly flow of ytd_int_exp_time_gt100k_dom: Interest on Time Deposits of $100,000 or more [RIADA517 / RIAD4174]","ytd_int_exp_time_gt100k_dom(t) - ytd_int_exp_time_gt100k_dom(t-1) within the bank-year; Q1 = ytd_int_exp_time_gt100k_dom; NaN where the prior quarter is missing or blank (an annual filer's Q4 total stays in ytd_int_exp_time_gt100k_dom, its flows are NaN)",ytd_int_exp_time_gt100k_dom,income_statement.csv,1233229.0,0.8715,1985Q1,2016Q4,0.0221,650544356.0
q_div_tot,flow,True,RI-A,quarterly,thousands_usd,any,,,,,Quarterly flow of ytd_div_tot: Cash dividends declared on common and preferred stock,"ytd_div_tot(t) - ytd_div_tot(t-1) within the bank-year; Q1 = ytd_div_tot; NaN where the prior quarter is missing or blank (an annual filer's Q4 total stays in ytd_div_tot, its flows are NaN)",ytd_div_tot,ri_a_equity.csv,863914.0,0.6105,1985Q1,2025Q3,0.493,3031015422.0
q_co_cc_incl_revolving_pre01,flow,True,RI-B,quarterly,thousands_usd,nonneg,,,,,"Quarterly flow of ytd_co_cc_incl_revolving_pre01: Credit cards AND related plans, charge-offs, through 2000Q4 (RIAD4262; RIAD4656 on the 031). The post-2001 credit-card line excludes the related plans and nothing after 2001 isolates them, so this is published for its own era only.","ytd_co_cc_incl_revolving_pre01(t) - ytd_co_cc_incl_revolving_pre01(t-1) within the bank-year; Q1 = ytd_co_cc_incl_revolving_pre01; NaN where the prior quarter is missing or blank (an annual filer's Q4 total stays in ytd_co_cc_incl_revolving_pre01, its flows are NaN)",ytd_co_cc_incl_revolving_pre01,ri_b_chargeoffs.csv,749642.0,0.5298,1985Q1,2000Q4,0.7846,118696318.0
q_co_consumer_oth,flow,True,RI-B,quarterly,thousands_usd,nonneg,,,,,"Quarterly flow of ytd_co_consumer_oth: Consumer loans other than credit cards, charge-offs: automobile + other from 2011, the single other line 2001Q1-2010Q4. Consistent from 2001; before 2001 only 031 filers reported it (RIAD4657).","ytd_co_consumer_oth(t) - ytd_co_consumer_oth(t-1) within the bank-year; Q1 = ytd_co_consumer_oth; NaN where the prior quarter is missing or blank (an annual filer's Q4 total stays in ytd_co_consumer_oth, its flows are NaN)",ytd_co_consumer_oth,ri_b_chargeoffs.csv,724577.0,0.5121,1985Q1,2025Q3,0.4,320626427.0
q_co_consumer_tot,flow,True,RI-B,quarterly,thousands_usd,nonneg,,,,,"Quarterly flow of ytd_co_consumer_tot: Total consumer (loans to individuals) charge-offs, consistent across the 2001 and 2011 splits: credit cards + automobile + other from 2011; credit cards + other 2001-2010 (equals the FDIC-derived RIAD4639 for 100% of banks); the reported total RIAD4639 for 031 filers before 2001. Blank before 2001 for other filers, which reported only credit cards and related plans.","ytd_co_consumer_tot(t) - ytd_co_consumer_tot(t-1) within the bank-year; Q1 = ytd_co_consumer_tot; NaN where the prior quarter is missing or blank (an annual filer's Q4 total stays in ytd_co_consumer_tot, its flows are NaN)",ytd_co_consumer_tot,ri_b_chargeoffs.csv,730001.0,0.5159,1985Q1,2025Q3,0.3778,1238227384.0
q_rec_cc_incl_revolving_pre01,flow,True,RI-B,quarterly,thousands_usd,any,,,,,"Quarterly flow of ytd_rec_cc_incl_revolving_pre01: Credit cards AND related plans, recoveries, through 2000Q4 (RIAD4263; RIAD4666 on the 031). The post-2001 credit-card line excludes the related plans and nothing after 2001 isolates them, so this is published for its own era only.","ytd_rec_cc_incl_revolving_pre01(t) - ytd_rec_cc_incl_revolving_pre01(t-1) within the bank-year; Q1 = ytd_rec_cc_incl_revolving_pre01; NaN where the prior quarter is missing or blank (an annual filer's Q4 total stays in ytd_rec_cc_incl_revolving_pre01, its flows are NaN)",ytd_rec_cc_incl_revolving_pre01,ri_b_chargeoffs.csv,749641.0,0.5298,1985Q1,2000Q4,0.8613,17293505.0
q_rec_consumer_oth,flow,True,RI-B,quarterly,thousands_usd,any,,,,,"Quarterly flow of ytd_rec_consumer_oth: Consumer loans other than credit cards, recoveries: automobile + other from 2011, the single other line 2001Q1-2010Q4. Consistent from 2001; before 2001 only 031 filers reported it (RIAD4667).","ytd_rec_consumer_oth(t) - ytd_rec_consumer_oth(t-1) within the bank-year; Q1 = ytd_rec_consumer_oth; NaN where the prior quarter is missing or blank (an annual filer's Q4 total stays in ytd_rec_consumer_oth, its flows are NaN)",ytd_rec_consumer_oth,ri_b_chargeoffs.csv,724573.0,0.512,1985Q1,2025Q3,0.4261,90826307.0
q_rec_consumer_tot,flow,True,RI-B,quarterly,thousands_usd,any,,,,,"Quarterly flow of ytd_rec_consumer_tot: Total consumer (loans to individuals) recoveries, consistent across the 2001 and 2011 splits: credit cards + automobile + other from 2011; credit cards + other 2001-2010 (equals the FDIC-derived RIAD4609 for 100% of banks); the reported total RIAD4609 for 031 filers before 2001. Blank before 2001 for other filers, which reported only credit cards and related plans.","ytd_rec_consumer_tot(t) - ytd_rec_consumer_tot(t-1) within the bank-year; Q1 = ytd_rec_consumer_tot; NaN where the prior quarter is missing or blank (an annual filer's Q4 total stays in ytd_rec_consumer_tot, its flows are NaN)",ytd_rec_consumer_tot,ri_b_chargeoffs.csv,730001.0,0.5159,1985Q1,2025Q3,0.4099,243113737.0
q_net_chargeoffs_tot,flow,True,RI-B,quarterly,thousands_usd,any,,,,,Quarterly flow of ytd_net_chargeoffs_tot: Net charge-offs: gross charge-offs less recoveries,"ytd_net_chargeoffs_tot(t) - ytd_net_chargeoffs_tot(t-1) within the bank-year; Q1 = ytd_net_chargeoffs_tot; NaN where the prior quarter is missing or blank (an annual filer's Q4 total stays in ytd_net_chargeoffs_tot, its flows are NaN)",ytd_net_chargeoffs_tot,ri_b_chargeoffs.csv,1411004.0,0.9971,1985Q1,2025Q3,0.1532,1873605599.0
